
Analysis Description
--------------------
aBSREL (Adaptive branch-site random effects likelihood) uses an adaptive
random effects branch-site model framework to test whether each branch
has evolved under positive selection, using a procedure which infers an
optimal number of rate categories per branch. v2.2 adds support for
multiple-hit models. v2.3 adds support for SRV. v2.5 adds support for
ancestral state reconstruction, identification of sites contributing to
selection signal, and some diagnostics. v2.6 adds tree reports and ASCII
art

- __Requirements__: in-frame codon alignment and a phylogenetic tree

- __Citation__:  Less Is More: An Adaptive Branch-Site Random Effects Model for
Efficient Detection of Episodic Diversifying Selection (2015). Mol Biol
Evol 32 (5): 1342-1353. 

- __Written by__: Sergei L Kosakovsky Pond, Ben Murrell, Steven Weaver and Temple iGEM /
UCSD viral evolution group

- __Contact Information__: spond@temple.edu

- __Analysis Version__: 2.6

[Advanced option] Bag of little bootstrap alignment resampling rate (permissible range = [0.01,1], default value = 1): blb: 1

>code => Universal

-------
>[WARNING]
'/Users/saramattiolo/tesi_melatonina/alignment_prank/MTNR1C_prank.best.fas'
contains 5 duplicate sequences. Identical sequences do not contribute
any information to the analysis and only slow down computation. Please
consider removing duplicate or 'nearly' duplicate sequences, e.g. using
https://github.com/veg/hyphy-analyses/tree/master/remove-duplicates
prior to running selection analyses
-------
/Users/saramattiolo/tesi_melatonina/hyphy/MTNR1C_tree.nwk
/Users/saramattiolo/tesi_melatonina/hyphy/MTNR1C_tree.nwk

>Loaded a multiple sequence alignment with **288** sequences, **1192** codons, and **1** partitions from `/Users/saramattiolo/tesi_melatonina/alignment_prank/MTNR1C_prank.best.fas`

>branches => All

>multiple-hits => None

>srv => No


### * Selected 573 branches for testing: `Xenopus_laevis_MTNR1C_Mel1CR, Xenopus_laevis_MTNR1C_108698430, Node2, Nanorana_parkeri_MTNR1C_108783900, Probosciger_aterrimus_MTNR1C_PROATE_R04090, Eolophus_roseicapilla_MTNR1C_EOLROS_R05093, Node10, Amazona_aestiva_MTNR1C_AAES_23638, Amazona_guildingii_MTNR1C_AMAGUI_R00472, Node13, Node9, Casuarius_casuarius_MTNR1C_CASCAS_R10656, Dromaius_novaehollandiae_MTNR1C_112997224, Node20, Eudromia_elegans_MTNR1C_EUDELE_R13198, Nothocercus_nigrocapillus_MTNR1C_NOTNIG_R10004, Nothocercus_julius_MTNR1C_NOTJUL_R01539, Node26, Node24, Crypturellus_undulatus_MTNR1C_CRYUND_R03921, Crypturellus_soui_MTNR1C_CRYSOU_R11372, Node30, Nothoprocta_ornata_MTNR1C_NOTORN_R13134, Nothoprocta_pentlandii_MTNR1C_NOTPEN_R03154, Node33, Node29, Node23, Node19, Anseranas_semipalmata_MTNR1C_ANSSEM_R03977, Penelope_pileata_MTNR1C_PENPIL_R10490, Odontophorus_gujanensis_MTNR1C_ODOGUJ_R11098, Gallus_gallus_MTNR1C_Mel1CR, Meleagris_gallopavo_MTNR1C_100547793, Node45, Node43, Node41, Alectura_lathami_MTNR1C_ALELAT_R02773, Node40, Node38, Chauna_torquata_MTNR1C_CHATOR_R00676, Node37, Asarcornis_scutulata_MTNR1C_ASASCU_R08012, Node36, Node18, Podargus_strigoides_MTNR1C_PODSTR_R09199, Uria_aalge_MTNR1C_URIAAL_R00332, Alca_torda_MTNR1C_ALCTOR_R09240, Node63, Cepphus_grylle_MTNR1C_CEPGRY_R00871, Node62, Stercorarius_parasiticus_MTNR1C_STEPAR_R04732, Rynchops_niger_MTNR1C_RYNNIG_R13984, Larus_smithsonianus_MTNR1C_LARSMI_R12970, Chroicocephalus_maculipennis_MTNR1C_CHRMAC_R10768, Node72, Node70, Phaetusa_simplex_MTNR1C_PHASIM_R10231, Node69, Node67, Node61, Glareola_pratincola_MTNR1C_GLAPRA_R01004, Rhinoptilus_africanus_MTNR1C_RHIAFR_R07720, Node78, Dromas_ardeola_MTNR1C_DROARD_R12477, Node77, Jacana_jacana_MTNR1C_JACJAC_R11359, Rostratula_benghalensis_MTNR1C_ROSBEN_R04972, Nycticryphes_semicollaris_MTNR1C_NYCSEM_R11072, Node87, Node85, Thinocorus_orbignyianus_MTNR1C_THIORB_R13904, Pedionomus_torquatus_MTNR1C_PEDTOR_R11479, Node90, Node84, Arenaria_interpres_MTNR1C_AREINT_R03273, Node83, Himantopus_himantopus_MTNR1C_HIMHIM_R08372, Ibidorhyncha_struthersii_MTNR1C_IBISTR_R09485, Node94, Node82, Node76, Node60, Node58, Urocolius_indicus_MTNR1C_UROIND_R09066, Node57, Caloenas_nicobarica_MTNR1C_CALNIC_R08111, Columbina_picui_MTNR1C_COLPIC_R04953, Alopecoenas_beccarii_MTNR1C_ALOBEC_R02399, Node102, Node100, Bucorvus_abyssinicus_MTNR1C_BUCABY_R07081, Node99, Galbula_dea_MTNR1C_GALDEA_R01995, Turnix_velox_MTNR1C_TURVEL_R05237, Node106, Node98, Node56, Phalacrocorax_carbo_MTNR1C_104045342, Anhinga_anhinga_MTNR1C_ANHANH_R13456, Anhinga_rufa_MTNR1C_ANHRUF_R09109, Node124, Sula_dactylatra_MTNR1C_SULDAC_R12892, Node123, Node121, Chionis_minor_MTNR1C_CHIMIN_R11172, Pluvianellus_socialis_MTNR1C_PLUSOC_R08321, Node129, Burhinus_bistriatus_MTNR1C_BURBIS_R12300, Node128, Node120, Sagittarius_serpentarius_MTNR1C_SAGSER_R11407, Node119, Oceanodroma_tethys_MTNR1C_HYDTET_R10591, Node118, Ciconia_maguari_MTNR1C_CICMAG_R07692, Node117, Eurypyga_helias_MTNR1C_104505358, Rhynochetos_jubatus_MTNR1C_RHYJUB_R09029, Node136, Node116, Ardeotis_kori_MTNR1C_ARDKOR_R10260, Lophotis_ruficrista_MTNR1C_LOPRUF_R13661, Node139, Node115, Pygoscelis_papua_MTNR1C_KCX85_0007764, Pygoscelis_antarcticus_MTNR1C_FQV08_0013886, Node144, Spheniscus_humboldti_MTNR1C_FQV23_0001221, Spheniscus_mendiculus_MTNR1C_FQV24_0006801, Node150, Spheniscus_demersus_MTNR1C_FQV21_0015846, Node149, Spheniscus_magellanicus_MTNR1C_FQV22_0004697, Node148, Eudyptula_minor_MTNR1C_FQV19_0011282, Eudyptula_novaehollandiae_MTNR1C_FQV18_0013487, Node158, Eudyptula_albosignata_MTNR1C_FQV20_0014117, Node157, Eudyptes_schlegeli_MTNR1C_FQV10_0008431, Node156, Megadyptes_antipodes_antipodes_MTNR1C_FQV17_0013555, Eudyptes_chrysolophus_MTNR1C_FQV09_0006691, Node163, Node155, Node147, Node143, Glaucidium_brasilianum_MTNR1C_GLABRA_R02568, Ciccaba_nigrolineata_MTNR1C_CICNIG_R09197, Node171, Phaethon_lepturus_MTNR1C_104620115, Node170, Scopus_umbretta_MTNR1C_SCOUMB_R07445, Node169, Nyctibius_bracteatus_MTNR1C_NYCBRA_R07928, Nyctibius_grandis_MTNR1C_NYCGRA_R01597, Node177, Bucco_capensis_MTNR1C_BUCCAP_R01927, Pterocles_gutturalis_MTNR1C_104462321, Syrrhaptes_paradoxus_MTNR1C_SYRPAR_R05646, Pterocles_burchelli_MTNR1C_PTEBUR_R01735, Node184, Node182, Node180, Node176, Node168, Fregetta_grallaria_MTNR1C_FREGRA_R11631, Oceanites_oceanicus_MTNR1C_OCEOCE_R10434, Node187, Node167, Aegotheles_bennettii_MTNR1C_AEGBEN_R00097, Hemiprocne_comata_MTNR1C_HEMCOM_R08937, Node192, Steatornis_caripensis_MTNR1C_STECAR_R03122, Node191, Heliornis_fulica_MTNR1C_HELFUL_R11805, Atlantisia_rogersi_MTNR1C_ATLROG_R13271, Zapornia_atra_MTNR1C_ZAPATR_R04509, Node198, Node196, Node190, Node166, Node142, Node114, Phoenicopterus_ruber_ruber_MTNR1C_N337_04698, Podilymbus_podiceps_MTNR1C_PODPOD_R01634, Podiceps_cristatus_MTNR1C_N338_04062, Node203, Node201, Node113, Fulmarus_glacialis_MTNR1C_104072368, Pelecanoides_urinatrix_MTNR1C_PELURI_R07983, Calonectris_borealis_MTNR1C_CALBOR_R12984, Node210, Node208, Balaeniceps_rex_MTNR1C_BALREX_R04836, Pelecanus_crispus_MTNR1C_104031807, Node214, Mesembrinibis_cayennensis_MTNR1C_MESCAY_R07265, Node213, Node207, Nyctiprogne_leucopyga_MTNR1C_NYCLEU_R01939, Chordeiles_acutipennis_MTNR1C_CHOACU_R04878, Node220, Cathartes_aura_MTNR1C_N323_11549, Node219, Corythaeola_cristata_MTNR1C_CORCRI_R05971, Corythaixoides_concolor_MTNR1C_CORCON_R05112, Node224, Node218, Node206, Node112, Thalassarche_chlororhynchos_MTNR1C_THACHL_R03841, Node111, Cochlearius_cochlearius_MTNR1C_COCCOC_R04839, Node110, Fregata_magnificens_MTNR1C_FREMAG_R13177, Psophia_crepitans_MTNR1C_PSOCRE_R11975, Aramus_guarauna_MTNR1C_ARAGUA_R13877, Node231, Node229, Node109, Node55, Gymnorhina_tibicen_MTNR1C_GYMTIB_R14417, Mystacornis_crossleyi_MTNR1C_MYSCRO_R10319, Node241, Platysteira_castanea_MTNR1C_DYACAS_R11541, Node240, Rhagologus_leucostigma_MTNR1C_RHALEU_R12674, Node239, Dryoscopus_gambensis_MTNR1C_DRYGAM_R08281, Node238, Toxostoma_redivivum_MTNR1C_TOXRED_R11727, Buphagus_erythrorhynchus_MTNR1C_BUPERY_R06720, Turdus_rufiventris_MTNR1C_TURU_102679, Node265, Node263, Leucopsar_rothschildi_MTNR1C_LEUROT_R10000, Node262, Rhabdornis_inornatus_MTNR1C_RHAINO_R15092, Node261, Erithacus_rubecula_MTNR1C_ERIRUB_R10157, Oenanthe_oenanthe_MTNR1C_OENOEN_R07097, Node272, Cercotrichas_coryphoeus_MTNR1C_CERCOR_R05555, Copsychus_sechellarum_MTNR1C_COPSEC_R03756, Node275, Node271, Cinclus_mexicanus_MTNR1C_CINMEX_R04765, Node270, Node260, Certhia_brachydactyla_MTNR1C_CERBRA_R09408, Certhia_familiaris_MTNR1C_CERFAM_R04208, Node279, Node259, Elachura_formosa_MTNR1C_ELAFOR_R12574, Node258, Polioptila_caerulea_MTNR1C_POLCAE_R09037, Thryothorus_ludovicianus_MTNR1C_THRLUD_R01583, Node283, Node257, Pomatostomus_ruficeps_MTNR1C_POSRUF_R08565, Dasyornis_broadbenti_MTNR1C_DASBRO_R00032, Origma_solitaria_MTNR1C_ORISOL_R00796, Node290, Pardalotus_punctatus_MTNR1C_PARPUN_R05933, Node289, Node287, Ptilorrhoa_leucosticta_MTNR1C_PTILEU_R13852, Node286, Node256, Sitta_europaea_MTNR1C_SITEUR_R01923, Tichodroma_muraria_MTNR1C_TICMUR_R01090, Node296, Promerops_cafer_MTNR1C_PROCAF_R11894, Node295, Node255, Phainopepla_nitens_MTNR1C_PHANIT_R00293, Node254, Regulus_satrapa_MTNR1C_REGSAT_R08742, Anthoscopus_minutus_MTNR1C_ANTMIN_R10770, Picathartes_gymnocephalus_MTNR1C_PICGYM_R11787, Cnemophilus_loriae_MTNR1C_CNELOR_R11626, Node309, Melanocharis_versteri_MTNR1C_MELVER_R02964, Node308, Node306, Urocynchramus_pylzowi_MTNR1C_UROPYL_R08952, Node305, Leptocoma_aspasia_MTNR1C_LEPASP_R08054, Node304, Node302, Chloropsis_hardwickii_MTNR1C_CHLHAR_R08029, Chloropsis_cyanopogon_MTNR1C_CHLCYA_R07259, Node315, Node301, Node253, Catharus_fuscescens_MTNR1C_CATFUS_R11229, Node252, Leiothrix_lutea_MTNR1C_LEILUT_R01277, Cisticola_juncidis_MTNR1C_CISJUN_R09510, Aegithalos_caudatus_MTNR1C_AEGCAU_R05887, Alaudala_cheleensis_MTNR1C_ALACHE_R07321, Node341, Node339, Node337, Sinosuthora_webbiana_MTNR1C_SINWEB_R02263, Node336, Sylvia_atricapilla_MTNR1C_SYLATR_R03915, Sylvia_borin_MTNR1C_SYLBOR_R00389, Node345, Node335, Sterrhoptilus_dennistouni_MTNR1C_STEDEN_R10291, Zosterops_hypoxanthus_MTNR1C_ZOSHYP_R11793, Node349, Pomatorhinus_ruficollis_MTNR1C_PORRUF_R03884, Node348, Node334, Illadopsis_cleaveri_MTNR1C_ILLCLE_R03869, Node333, Brachypodius_atriceps_MTNR1C_BRAATR_R11973, Pycnonotus_jocosus_MTNR1C_PYCJOC_R09091, Node354, Node332, Oxylabes_madagascariensis_MTNR1C_OXYMAD_R05265, Node331, Locustella_ochotensis_MTNR1C_LOCOCH_R11176, Node330, Cettia_cetti_MTNR1C_CETCET_R06983, Horornis_vulcanius_MTNR1C_HORVUL_R07519, Node361, Erythrocercus_mccallii_MTNR1C_ERYMCC_R04342, Node360, Sylvietta_virens_MTNR1C_SYLVIR_R00165, Rhadina_sibilatrix_MTNR1C_RHASIB_R03396, Node365, Node359, Node329, Donacobius_atricapilla_MTNR1C_DONATR_R03403, Node328, Hylia_prasina_MTNR1C_HYLPRA_R09038, Node327, Acrocephalus_arundinaceus_MTNR1C_ACRARU_R01347, Hippolais_icterina_MTNR1C_HIPICT_R00636, Node370, Node326, Setophaga_kirtlandii_MTNR1C_SETKIR_R09028, Spizella_passerina_MTNR1C_SPIPAS_R03292, Node380, Emberiza_fucata_MTNR1C_EMBFUC_R02535, Node379, Cardinalis_cardinalis_MTNR1C_CARCAR_R13236, Pheucticus_melanocephalus_MTNR1C_PHEMEL_R00796, Node385, Passerina_amoena_MTNR1C_PASAMO_R09319, Node384, Node378, Calcarius_ornatus_MTNR1C_CALORN_R07236, Node377, Quiscalus_mexicanus_MTNR1C_QUIMEX_R10392, Node376, Rhodinocichla_rosea_MTNR1C_RHOROS_R01657, Node375, Nesospiza_acunhae_MTNR1C_NESACU_R06799, Node374, Loxia_curvirostra_MTNR1C_LOXCUR_R05768, Loxia_leucoptera_MTNR1C_LOXLEU_R09732, Node393, Node373, Node325, Prunella_fulvescens_MTNR1C_PRUFUL_R04394, Prunella_himalayana_MTNR1C_PRUHIM_R03034, Node396, Node324, Motacilla_alba_MTNR1C_MOTALB_R02060, Node323, Hypocryptadius_cinnamomeus_MTNR1C_HYPCIN_R05032, Dicaeum_eximium_MTNR1C_DICEXI_R04528, Node400, Node322, Peucedramus_taeniatus_MTNR1C_PEUTAE_R06035, Irena_cyanogastra_MTNR1C_IRECYA_R03399, Node404, Panurus_biarmicus_MTNR1C_PANBIA_R00544, Nicator_chloris_MTNR1C_NICCHL_R00529, Node407, Node403, Node321, Ploceus_nigricollis_MTNR1C_PLONIG_R12343, Node320, Bombycilla_garrulus_MTNR1C_BOMGAR_R03312, Node319, Node251, Chaetops_frenatus_MTNR1C_CHAFRE_R08627, Notiomystis_cincta_MTNR1C_NOTCIN_R00649, Callaeas_wilsoni_MTNR1C_CALWIL_R07018, Node415, Drymodes_brunneopygia_MTNR1C_DRYBRU_R08824, Malurus_elegans_MTNR1C_MALELE_R01508, Node418, Node414, Node412, Node250, Ptilonorhynchus_violaceus_MTNR1C_PTIVIO_R08219, Climacteris_rufus_MTNR1C_CLIRUF_R04718, Node424, Mohoua_ochrocephala_MTNR1C_MOHOCH_R08330, Node423, Vireo_altiloquus_MTNR1C_VIRALT_R06153, Erpornis_zantholeuca_MTNR1C_ERPZAN_R11354, Node434, Pteruthius_melanotis_MTNR1C_PTEMEL_R00710, Eulacestoma_nigropectus_MTNR1C_EULNIG_R11246, Oreocharis_arfaki_MTNR1C_OREARF_R02050, Node439, Node437, Node433, Orthonyx_spaldingii_MTNR1C_ORTSPA_R11051, Rhipidura_dahli_MTNR1C_RHIDAH_R12436, Node442, Node432, Ifrita_kowaldi_MTNR1C_IFRKOW_R09145, Node431, Struthidea_cinerea_MTNR1C_STRCIN_R11259, Pachycephala_philippinensis_MTNR1C_PACPHI_R01748, Node448, Dicrurus_megarhynchus_MTNR1C_DICMEG_R06949, Node447, Aphelocoma_coerulescens_MTNR1C_APHCOE_R10643, Node446, Node430, Chaetorhynchus_papuensis_MTNR1C_CHAPAP_R08584, Myiagra_hebetior_MTNR1C_MYIHEB_R00567, Node453, Node429, Oriolus_oriolus_MTNR1C_ORIORI_R06546, Daphoenositta_chrysoptera_MTNR1C_DAPCHR_R11008, Node456, Node428, Node422, Machaerirhynchus_nigripectus_MTNR1C_MACNIG_R09389, Node421, Node249, Lanius_ludovicianus_MTNR1C_LANLUD_R00462, Edolisoma_coerulescens_MTNR1C_EDOCOE_R01170, Node460, Node248, Falcunculus_frontatus_MTNR1C_FALFRO_R03464, Aleadryas_rufinucha_MTNR1C_ALERUF_R10562, Node463, Node247, Node237, Menura_novaehollandiae_MTNR1C_MENNOV_R12878, Atrichornis_clamosus_MTNR1C_ATRCLA_R09824, Node466, Node236, Pitta_sordida_MTNR1C_PITSOR_R13760, Serilophus_lunatus_MTNR1C_SERLUN_R01904, Neodrepanis_coruscans_MTNR1C_NEOCOR_R05594, Node473, Node471, Calyptomena_viridis_MTNR1C_CALVIR_R03256, Smithornis_capensis_MTNR1C_SMICAP_R08790, Node477, Sapayoa_aenigma_MTNR1C_SAPAEN_R09291, Node476, Node470, Cephalopterus_ornatus_MTNR1C_CEPORN_R06221, Mionectes_macconnelli_MTNR1C_MIOMAC_R12085, Node487, Tyrannus_savana_MTNR1C_TYRSAV_R03428, Pachyramphus_minor_MTNR1C_PACMIN_R13680, Node491, Neopipo_cinnamomea_MTNR1C_NEOCIN_R06502, Node490, Node486, Tachuris_rubrigastra_MTNR1C_TACRUB_R04889, Node485, Piprites_chloris_MTNR1C_PIPCHL_R06854, Node484, Manacus_vitellinus_MTNR1C_N305_05451, Pitangus_sulphuratus_MTNR1C_BTVI_83250, Node497, Node483, Oxyruncus_cristatus_MTNR1C_OXYCRI_R07738, Onychorhynchus_coronatus_MTNR1C_ONYCOR_R00141, Node500, Node482, Grallaria_varia_MTNR1C_GRAVAR_R00214, Campylorhamphus_procurvoides_MTNR1C_CAMPRO_R08046, Xiphorhynchus_elegans_MTNR1C_XIPELE_R06815, Node509, Furnarius_figulus_MTNR1C_FURFIG_R12106, Node508, Sclerurus_mexicanus_MTNR1C_SCLMEX_R02034, Node507, Sakesphorus_luctuosus_MTNR1C_SAKLUC_R09460, Node506, Node504, Scytalopus_superciliaris_MTNR1C_SCYSUP_R12251, Node503, Node481, Node469, Node235, Acanthisitta_chloris_MTNR1C_103808916, Node234, Node54, Trogon_melanurus_MTNR1C_TROMEL_R06627, Eubucco_bourcierii_MTNR1C_EUBBOU_R11959, Ramphastos_sulfuratus_MTNR1C_RAMSUL_R04747, Node524, Semnornis_frantzii_MTNR1C_SEMFRA_R04702, Node523, Psilopogon_haemacephalus_MTNR1C_PSIHAE_R06903, Node522, Tricholaema_leucomelas_MTNR1C_TRILEU_R09004, Node521, Indicator_maculatus_MTNR1C_INDMAC_R13328, Node520, Node518, Upupa_epops_MTNR1C_UPUEPO_R05627, Rhinopomastus_cyanomelas_MTNR1C_RHICYA_R03705, Node531, Node517, Node53, Geococcyx_californianus_MTNR1C_GEOCAL_R07724, Crotophaga_sulcirostris_MTNR1C_CROSUL_R00386, Node537, Centropus_unirufus_MTNR1C_CENUNI_R10180, Centropus_bengalensis_MTNR1C_CENBEN_R13935, Node541, Piaya_cayana_MTNR1C_PIACAY_R01560, Ceuthmochares_aereus_MTNR1C_CEUAER_R02637, Node544, Node540, Node536, Circaetus_pectoralis_MTNR1C_CIRPEC_R10086, Haliaeetus_albicilla_MTNR1C_HALALB_R14947, Node549, Spizaetus_tyrannus_MTNR1C_SPITYR_R01288, Node548, Pandion_haliaetus_MTNR1C_PANHAL_R01092, Node547, Node535, Chunga_burmeisteri_MTNR1C_CHUBUR_R11754, Herpetotheres_cachinnans_MTNR1C_HERCAC_R05341, Node554, Node534, Node52, Merops_nubicus_MTNR1C_103779608, Brachypteracias_leptosomus_MTNR1C_BRALEP_R03096, Eurystomus_gularis_MTNR1C_EURGUL_R03289, Node560, Todus_mexicanus_MTNR1C_TODMEX_R00614, Chloroceryle_aenea_MTNR1C_CHLAEN_R03401, Ceyx_cyanopectus_MTNR1C_CEYCYA_R03376, Node567, Halcyon_senegalensis_MTNR1C_HALSEN_R03751, Node566, Baryphthengus_martii_MTNR1C_BARMAR_R05987, Node565, Node563, Node559, Node557, Node51, Node17, Oreotrochilus_melanogaster_MTNR1C_OREMEL_R08458, Node16, Node8, Chelonoidis_abingdonii_MTNR1C_116818509, Node7, Gekko_japonicus_MTNR1C_107115720, Node6`


### Obtaining branch lengths and nucleotide substitution biases under the nucleotide GTR model

>kill-zero-lengths => Yes

### Deleted 41 zero-length internal branches: `Node110, Node112, Node114, Node118, Node142, Node148, Node149, Node150, Node156, Node158, Node168, Node170, Node207, Node219, Node239, Node247, Node249, Node253, Node254, Node265, Node295, Node320, Node323, Node328, Node334, Node428, Node430, Node431, Node439, Node446, Node456, Node497, Node51, Node52, Node53, Node55, Node56, Node57, Node67, Node82, Node99`
* Log(L) = -32426.47, AIC-c = 66015.60 (581 estimated parameters)
* 1 partition. Total tree length by partition (subs/site)  5.367

### Fitting the baseline model with a single dN/dS class per branch, and no site-to-site variation. 
* Log(L) = -28950.35, AIC-c = 60063.49 (1078 estimated parameters)
* Branch-level non-synonymous/synonymous rate ratio distribution has median  0.12, and 95% of the weight in  0.03 -  0.93

### Determining the optimal number of rate classes per branch using a step up procedure

|              Branch               |  Length  |  Rates   |     Max. dN/dS     |    Log(L)     |     AIC-c     |Best AIC-c so far|
|-----------------------------------|----------|----------|--------------------|---------------|---------------|-----------------|
|               Node2               |   0.29   |    2     |    0.34 (15.29%)   |   -28948.35   |   60063.53    |    60063.49     |
|               Node6               |   0.26   |    2     |    3.27 (10.28%)   |   -28938.71   |   60044.25    |    60044.25     |
|               Node6               |   0.26   |    3     |    7.54 ( 5.06%)   |   -28938.26   |   60047.36    |    60044.25     |
|Gekko_japonicus_MTNR1C_107115720...|   0.21   |    2     |  647.75 ( 4.29%)   |   -28931.20   |   60033.25    |    60033.25     |
|Gekko_japonicus_MTNR1C_107115720...|   0.21   |    3     |  119.23 ( 4.15%)   |   -28931.23   |   60037.34    |    60033.25     |
|Nanorana_parkeri_MTNR1C_10878390...|   0.17   |    2     |    1.07 ( 7.08%)   |   -28927.51   |   60029.89    |    60029.89     |
|Nanorana_parkeri_MTNR1C_10878390...|   0.17   |    3     |    1.36 ( 1.70%)   |   -28927.52   |   60033.94    |    60029.89     |
|               Node8               |   0.10   |    2     |    2.42 ( 5.16%)   |   -28922.94   |   60024.78    |    60024.78     |
|               Node8               |   0.10   |    3     |    8.89 ( 1.75%)   |   -28922.46   |   60027.84    |    60024.78     |
|Chelonoidis_abingdonii_MTNR1C_11...|   0.08   |    2     |    0.24 ( 0.00%)   |   -28922.93   |   60028.78    |    60024.78     |
|Oreotrochilus_melanogaster_MTNR1...|   0.07   |    2     |    1.63 ( 3.52%)   |   -28922.32   |   60027.57    |    60024.78     |
|Cisticola_juncidis_MTNR1C_CISJUN...|   0.06   |    2     |    2.62 ( 2.50%)   |   -28922.83   |   60028.58    |    60024.78     |
|  Xenopus_laevis_MTNR1C_108698430  |   0.06   |    2     |    0.25 (23.72%)   |   -28922.91   |   60028.75    |    60024.78     |
|Urocolius_indicus_MTNR1C_UROIND_...|   0.05   |    2     |    0.04 (30.50%)   |   -28922.94   |   60028.81    |    60024.78     |
|Asarcornis_scutulata_MTNR1C_ASAS...|   0.05   |    2     |    4.50 ( 3.44%)   |   -28919.33   |   60021.58    |    60021.58     |
|Asarcornis_scutulata_MTNR1C_ASAS...|   0.05   |    3     |    6.56 ( 2.32%)   |   -28919.27   |   60025.48    |    60021.58     |
|Turnix_velox_MTNR1C_TURVEL_R0523...|   0.04   |    2     |    0.06 (95.43%)   |   -28919.33   |   60025.61    |    60021.58     |
|Ceyx_cyanopectus_MTNR1C_CEYCYA_R...|   0.04   |    2     |   0.11 (100.00%)   |   -28919.33   |   60025.61    |    60021.58     |
|Eudromia_elegans_MTNR1C_EUDELE_R...|   0.04   |    2     |    0.04 (95.09%)   |   -28919.33   |   60025.61    |    60021.58     |
|Psilopogon_haemacephalus_MTNR1C_...|   0.04   |    2     |    0.03 (25.72%)   |   -28919.33   |   60025.61    |    60021.58     |
|  Merops_nubicus_MTNR1C_103779608  |   0.03   |    2     |    0.09 (17.49%)   |   -28919.33   |   60025.62    |    60021.58     |
|Bucorvus_abyssinicus_MTNR1C_BUCA...|   0.03   |    2     |    4.43 ( 3.94%)   |   -28919.13   |   60025.21    |    60021.58     |
|Acanthisitta_chloris_MTNR1C_1038...|   0.03   |    2     |    0.04 (84.24%)   |   -28919.33   |   60025.61    |    60021.58     |
|Aegithalos_caudatus_MTNR1C_AEGCA...|   0.03   |    2     |   0.08 (100.00%)   |   -28919.33   |   60025.61    |    60021.58     |
|              Node19               |   0.03   |    2     |    0.49 (22.34%)   |   -28919.30   |   60025.55    |    60021.58     |
|Indicator_maculatus_MTNR1C_INDMA...|   0.03   |    2     |    8.94 ( 0.95%)   |   -28915.81   |   60018.57    |    60018.57     |
|Indicator_maculatus_MTNR1C_INDMA...|   0.03   |    3     |   11.89 ( 0.75%)   |   -28915.90   |   60022.78    |    60018.57     |
|Sylvietta_virens_MTNR1C_SYLVIR_R...|   0.03   |    2     |   11.24 ( 0.45%)   |   -28910.80   |   60012.57    |    60012.57     |
|Sylvietta_virens_MTNR1C_SYLVIR_R...|   0.03   |    3     |   12.70 ( 0.37%)   |   -28910.93   |   60016.86    |    60012.57     |
|Malurus_elegans_MTNR1C_MALELE_R0...|   0.03   |    2     |    0.27 ( 0.00%)   |   -28910.80   |   60016.60    |    60012.57     |
|               Node9               |   0.03   |    2     |    8.87 ( 2.99%)   |   -28907.90   |   60010.79    |    60010.79     |
|               Node9               |   0.03   |    3     |   42.36 ( 1.80%)   |   -28907.74   |   60014.51    |    60010.79     |
|Elachura_formosa_MTNR1C_ELAFOR_R...|   0.03   |    2     |    7.61 ( 5.18%)   |   -28905.32   |   60009.67    |    60009.67     |
|Elachura_formosa_MTNR1C_ELAFOR_R...|   0.03   |    3     |    8.85 ( 4.12%)   |   -28905.30   |   60013.66    |    60009.67     |
|Baryphthengus_martii_MTNR1C_BARM...|   0.03   |    2     |   0.09 (100.00%)   |   -28905.32   |   60013.69    |    60009.67     |
|              Node182              |   0.03   |    2     |    2.49 ( 7.74%)   |   -28905.06   |   60013.17    |    60009.67     |
|Penelope_pileata_MTNR1C_PENPIL_R...|   0.03   |    2     |    0.08 (51.08%)   |   -28905.33   |   60013.70    |    60009.67     |
|Aegotheles_bennettii_MTNR1C_AEGB...|   0.03   |    2     |    8.80 ( 3.45%)   |   -28902.35   |   60007.75    |    60007.75     |
|Aegotheles_bennettii_MTNR1C_AEGB...|   0.03   |    3     |    8.56 ( 3.51%)   |   -28902.35   |   60011.78    |    60007.75     |
|Galbula_dea_MTNR1C_GALDEA_R01995...|   0.03   |    2     |    0.25 (26.69%)   |   -28902.38   |   60011.83    |    60007.75     |
|              Node224              |   0.03   |    2     |  145.96 ( 0.93%)   |   -28896.07   |   59999.22    |    59999.22     |
|              Node224              |   0.03   |    3     |  122.16 ( 1.01%)   |   -28895.98   |   60003.07    |    59999.22     |
|Brachypteracias_leptosomus_MTNR1...|   0.03   |    2     |    0.24 ( 9.52%)   |   -28896.08   |   60003.26    |    59999.22     |
|Glaucidium_brasilianum_MTNR1C_GL...|   0.02   |    2     |  289.50 ( 2.13%)   |   -28884.45   |   59980.01    |    59980.01     |
|Glaucidium_brasilianum_MTNR1C_GL...|   0.02   |    3     |   >1000 ( 1.06%)   |   -28881.65   |   59978.43    |    59978.43     |
|Glaucidium_brasilianum_MTNR1C_GL...|   0.02   |    4     |   >1000 ( 1.05%)   |   -28881.65   |   59982.46    |    59978.43     |
|Todus_mexicanus_MTNR1C_TODMEX_R0...|   0.02   |    2     |    4.53 ( 3.35%)   |   -28880.86   |   59980.88    |    59978.43     |
|Alaudala_cheleensis_MTNR1C_ALACH...|   0.02   |    2     |    0.27 ( 0.00%)   |   -28881.65   |   59982.45    |    59978.43     |
|Geococcyx_californianus_MTNR1C_G...|   0.02   |    2     |    0.23 (29.99%)   |   -28881.65   |   59982.46    |    59978.43     |
|Notiomystis_cincta_MTNR1C_NOTCIN...|   0.02   |    2     |    0.19 (39.13%)   |   -28881.66   |   59982.48    |    59978.43     |
|Scopus_umbretta_MTNR1C_SCOUMB_R0...|   0.02   |    2     |    0.12 (61.72%)   |   -28881.66   |   59982.47    |    59978.43     |
|Pitta_sordida_MTNR1C_PITSOR_R137...|   0.02   |    2     |    0.13 (34.81%)   |   -28881.65   |   59982.46    |    59978.43     |
|Rhinopomastus_cyanomelas_MTNR1C_...|   0.02   |    2     |    0.29 (27.46%)   |   -28881.68   |   59982.51    |    59978.43     |
|Trogon_melanurus_MTNR1C_TROMEL_R...|   0.02   |    2     |   0.16 (100.00%)   |   -28881.56   |   59982.28    |    59978.43     |
|Upupa_epops_MTNR1C_UPUEPO_R05627...|   0.02   |    2     |   11.97 ( 1.52%)   |   -28880.08   |   59979.32    |    59978.43     |
|Herpetotheres_cachinnans_MTNR1C_...|   0.02   |    2     |    0.23 (48.85%)   |   -28881.67   |   59982.49    |    59978.43     |
|Anseranas_semipalmata_MTNR1C_ANS...|   0.02   |    2     |   0.11 (100.00%)   |   -28881.65   |   59982.46    |    59978.43     |
|Pycnonotus_jocosus_MTNR1C_PYCJOC...|   0.02   |    2     |    0.27 ( 0.00%)   |   -28881.65   |   59982.45    |    59978.43     |
|Catharus_fuscescens_MTNR1C_CATFU...|   0.02   |    2     |    0.12 (99.91%)   |   -28881.65   |   59982.45    |    59978.43     |
|Cettia_cetti_MTNR1C_CETCET_R0698...|   0.02   |    2     |   42.76 ( 1.16%)   |   -28875.85   |   59970.85    |    59970.85     |
|Cettia_cetti_MTNR1C_CETCET_R0698...|   0.02   |    3     |   50.25 ( 1.06%)   |   -28875.90   |   59974.98    |    59970.85     |
|Leiothrix_lutea_MTNR1C_LEILUT_R0...|   0.02   |    2     |   10.71 ( 3.69%)   |   -28874.60   |   59972.39    |    59970.85     |
|              Node23               |   0.02   |    2     |    7.99 ( 1.87%)   |   -28874.69   |   59972.56    |    59970.85     |
|Psophia_crepitans_MTNR1C_PSOCRE_...|   0.02   |    2     |   16.42 ( 0.57%)   |   -28871.13   |   59965.45    |    59965.45     |
|Psophia_crepitans_MTNR1C_PSOCRE_...|   0.02   |    3     |   17.59 ( 0.50%)   |   -28871.22   |   59969.65    |    59965.45     |
|Phaethon_lepturus_MTNR1C_1046201...|   0.02   |    2     |    0.24 (53.18%)   |   -28871.14   |   59969.49    |    59965.45     |
|Mesembrinibis_cayennensis_MTNR1C...|   0.02   |    2     |    0.09 (60.10%)   |   -28871.14   |   59969.48    |    59965.45     |
|Orthonyx_spaldingii_MTNR1C_ORTSP...|   0.02   |    2     |    0.26 ( 0.00%)   |   -28871.13   |   59969.47    |    59965.45     |
|Erythrocercus_mccallii_MTNR1C_ER...|   0.02   |    2     |    0.06 (90.52%)   |   -28871.13   |   59969.47    |    59965.45     |
|Hylia_prasina_MTNR1C_HYLPRA_R090...|   0.02   |    2     |    0.24 (23.04%)   |   -28871.13   |   59969.47    |    59965.45     |
|Cochlearius_cochlearius_MTNR1C_C...|   0.02   |    2     |    0.24 (23.77%)   |   -28871.14   |   59969.48    |    59965.45     |
|Leucopsar_rothschildi_MTNR1C_LEU...|   0.02   |    2     |    0.29 ( 0.00%)   |   -28871.13   |   59969.47    |    59965.45     |
|Ptilonorhynchus_violaceus_MTNR1C...|   0.02   |    2     |    0.25 (50.33%)   |   -28871.14   |   59969.49    |    59965.45     |
|              Node203              |   0.02   |    2     |   17.07 ( 1.94%)   |   -28867.50   |   59962.21    |    59962.21     |
|              Node203              |   0.02   |    3     |   20.67 ( 1.64%)   |   -28867.48   |   59966.18    |    59962.21     |
|Steatornis_caripensis_MTNR1C_STE...|   0.02   |    2     |    6.86 ( 6.31%)   |   -28866.56   |   59964.35    |    59962.21     |
|Cnemophilus_loriae_MTNR1C_CNELOR...|   0.02   |    2     |    0.25 (24.32%)   |   -28867.51   |   59966.24    |    59962.21     |
|Eubucco_bourcierii_MTNR1C_EUBBOU...|   0.02   |    2     |    0.24 (23.93%)   |   -28867.51   |   59966.24    |    59962.21     |
|Alectura_lathami_MTNR1C_ALELAT_R...|   0.02   |    2     |    0.23 (41.23%)   |   -28867.52   |   59966.27    |    59962.21     |
|Heliornis_fulica_MTNR1C_HELFUL_R...|   0.02   |    2     |    1.00 (10.00%)   |   -28867.50   |   59966.24    |    59962.21     |
|Bucco_capensis_MTNR1C_BUCCAP_R01...|   0.02   |    2     |   46.73 ( 1.13%)   |   -28863.24   |   59957.72    |    59957.72     |
|Bucco_capensis_MTNR1C_BUCCAP_R01...|   0.02   |    3     |   48.56 ( 1.04%)   |   -28863.36   |   59961.98    |    59957.72     |
|              Node520              |   0.02   |    2     |    0.21 (48.54%)   |   -28863.20   |   59961.67    |    59957.72     |
|Sula_dactylatra_MTNR1C_SULDAC_R1...|   0.02   |    2     |    0.25 (25.49%)   |   -28863.25   |   59961.76    |    59957.72     |
|              Node337              |   0.02   |    2     |    1.14 ( 4.59%)   |   -28863.23   |   59961.72    |    59957.72     |
|              Node36               |   0.02   |    2     |   42.80 ( 0.68%)   |   -28863.00   |   59961.25    |    59957.72     |
|              Node20               |   0.02   |    2     |    5.95 ( 1.76%)   |   -28863.14   |   59961.55    |    59957.72     |
|              Node171              |   0.02   |    2     |   12.60 ( 1.01%)   |   -28861.31   |   59957.87    |    59957.72     |
|Oceanodroma_tethys_MTNR1C_HYDTET...|   0.02   |    2     |    0.29 (51.52%)   |   -28863.27   |   59961.79    |    59957.72     |
|Rhabdornis_inornatus_MTNR1C_RHAI...|   0.02   |    2     |   50.60 ( 1.58%)   |   -28855.85   |   59946.96    |    59946.96     |
|Rhabdornis_inornatus_MTNR1C_RHAI...|   0.02   |    3     |   54.51 ( 1.49%)   |   -28855.86   |   59951.01    |    59946.96     |
|Chloroceryle_aenea_MTNR1C_CHLAEN...|   0.02   |    2     |   27.08 ( 0.41%)   |   -28855.68   |   59950.64    |    59946.96     |
|Odontophorus_gujanensis_MTNR1C_O...|   0.02   |    2     |    0.24 ( 0.00%)   |   -28855.85   |   59950.99    |    59946.96     |
|Piprites_chloris_MTNR1C_PIPCHL_R...|   0.02   |    2     |    0.16 (19.45%)   |   -28855.86   |   59951.00    |    59946.96     |
|Pomatostomus_ruficeps_MTNR1C_POS...|   0.02   |    2     |    0.31 (10.08%)   |   -28855.86   |   59951.01    |    59946.96     |
|              Node43               |   0.02   |    2     |    0.26 ( 9.18%)   |   -28855.85   |   59950.99    |    59946.96     |
|Rhadina_sibilatrix_MTNR1C_RHASIB...|   0.02   |    2     |    0.27 ( 0.00%)   |   -28855.85   |   59950.99    |    59946.96     |
|Meleagris_gallopavo_MTNR1C_10054...|   0.02   |    2     |   17.53 ( 1.01%)   |   -28851.61   |   59942.50    |    59942.50     |
|Meleagris_gallopavo_MTNR1C_10054...|   0.02   |    3     |   18.52 ( 0.89%)   |   -28851.69   |   59946.69    |    59942.50     |
|Sapayoa_aenigma_MTNR1C_SAPAEN_R0...|   0.02   |    2     |    0.26 ( 0.00%)   |   -28851.61   |   59946.53    |    59942.50     |
|              Node100              |   0.02   |    2     |    0.77 ( 9.64%)   |   -28851.60   |   59946.51    |    59942.50     |
|Dasyornis_broadbenti_MTNR1C_DASB...|   0.02   |    2     |    0.27 ( 0.00%)   |   -28851.61   |   59946.53    |    59942.50     |
|              Node354              |   0.02   |    2     |    0.76 ( 4.55%)   |   -28851.61   |   59946.53    |    59942.50     |
|Podargus_strigoides_MTNR1C_PODST...|   0.02   |    2     |    0.76 (10.21%)   |   -28851.62   |   59946.55    |    59942.50     |
|Burhinus_bistriatus_MTNR1C_BURBI...|   0.02   |    2     |    0.29 ( 0.00%)   |   -28851.61   |   59946.53    |    59942.50     |
|Pardalotus_punctatus_MTNR1C_PARP...|   0.02   |    2     |    0.71 ( 5.07%)   |   -28851.62   |   59946.55    |    59942.50     |
|Spizella_passerina_MTNR1C_SPIPAS...|   0.02   |    2     |    0.26 ( 0.00%)   |   -28851.61   |   59946.53    |    59942.50     |
|Phoenicopterus_ruber_ruber_MTNR1...|   0.02   |    2     |    0.25 (49.30%)   |   -28851.61   |   59946.54    |    59942.50     |
|Rhynochetos_jubatus_MTNR1C_RHYJU...|   0.02   |    2     |    0.26 ( 0.00%)   |   -28851.61   |   59946.53    |    59942.50     |
|Arenaria_interpres_MTNR1C_AREINT...|   0.02   |    2     |    0.29 ( 0.00%)   |   -28851.61   |   59946.53    |    59942.50     |
|Machaerirhynchus_nigripectus_MTN...|   0.02   |    2     |   23.79 ( 1.40%)   |   -28847.52   |   59938.35    |    59938.35     |
|Machaerirhynchus_nigripectus_MTN...|   0.02   |    3     |   31.73 ( 1.20%)   |   -28847.61   |   59942.55    |    59938.35     |
|Regulus_satrapa_MTNR1C_REGSAT_R0...|   0.02   |    2     |    0.73 ( 4.83%)   |   -28847.53   |   59942.41    |    59938.35     |
|              Node333              |   0.02   |    2     |   11.41 ( 3.53%)   |   -28845.74   |   59938.83    |    59938.35     |
|Chunga_burmeisteri_MTNR1C_CHUBUR...|   0.02   |    2     |   13.97 ( 1.73%)   |   -28844.02   |   59935.38    |    59935.38     |
|Chunga_burmeisteri_MTNR1C_CHUBUR...|   0.02   |    3     |   16.25 ( 1.48%)   |   -28843.98   |   59939.33    |    59935.38     |
|Drymodes_brunneopygia_MTNR1C_DRY...|   0.02   |    2     |    0.74 ( 4.90%)   |   -28844.04   |   59939.44    |    59935.38     |
|Corythaeola_cristata_MTNR1C_CORC...|   0.02   |    2     |  472.21 ( 1.32%)   |   -28838.56   |   59928.49    |    59928.49     |
|Corythaeola_cristata_MTNR1C_CORC...|   0.02   |    3     |   >1000 ( 0.76%)   |   -28837.49   |   59930.36    |    59928.49     |
|Sclerurus_mexicanus_MTNR1C_SCLME...|   0.02   |    2     |    0.76 (10.30%)   |   -28838.58   |   59932.55    |    59928.49     |
|Nicator_chloris_MTNR1C_NICCHL_R0...|   0.02   |    2     |    0.29 ( 0.00%)   |   -28838.56   |   59932.52    |    59928.49     |
|Serilophus_lunatus_MTNR1C_SERLUN...|   0.02   |    2     |    0.72 ( 5.09%)   |   -28838.57   |   59932.54    |    59928.49     |
|              Node234              |   0.02   |    2     |   21.96 ( 2.15%)   |   -28837.29   |   59929.97    |    59928.49     |
|Sinosuthora_webbiana_MTNR1C_SINW...|   0.02   |    2     |   20.13 ( 0.45%)   |   -28837.00   |   59929.39    |    59928.49     |
|Jacana_jacana_MTNR1C_JACJAC_R113...|   0.02   |    2     |    0.73 ( 5.10%)   |   -28838.57   |   59932.54    |    59928.49     |
|Oxylabes_madagascariensis_MTNR1C...|   0.02   |    2     |   43.75 ( 1.66%)   |   -28838.13   |   59931.66    |    59928.49     |
|Hemiprocne_comata_MTNR1C_HEMCOM_...|   0.02   |    2     |    0.04 (27.20%)   |   -28838.56   |   59932.52    |    59928.49     |
|              Node220              |   0.02   |    2     |    0.27 (29.46%)   |   -28838.56   |   59932.52    |    59928.49     |
|Tachuris_rubrigastra_MTNR1C_TACR...|   0.02   |    2     |    0.04 (21.25%)   |   -28838.56   |   59932.52    |    59928.49     |
|Sakesphorus_luctuosus_MTNR1C_SAK...|   0.02   |    2     |    0.27 (51.67%)   |   -28838.57   |   59932.53    |    59928.49     |
|              Node196              |   0.02   |    2     |    0.27 (31.99%)   |   -28838.57   |   59932.53    |    59928.49     |
|Aramus_guarauna_MTNR1C_ARAGUA_R1...|   0.02   |    2     |    0.27 (72.45%)   |   -28838.56   |   59932.52    |    59928.49     |
|Chauna_torquata_MTNR1C_CHATOR_R0...|   0.01   |    2     |    0.26 (50.89%)   |   -28838.57   |   59932.53    |    59928.49     |
|Panurus_biarmicus_MTNR1C_PANBIA_...|   0.01   |    2     |   18.32 ( 1.02%)   |   -28834.50   |   59924.39    |    59924.39     |
|Panurus_biarmicus_MTNR1C_PANBIA_...|   0.01   |    3     |   20.45 ( 0.90%)   |   -28834.55   |   59928.51    |    59924.39     |
|Lophotis_ruficrista_MTNR1C_LOPRU...|   0.01   |    2     |    0.25 ( 0.00%)   |   -28834.50   |   59928.42    |    59924.39     |
|Origma_solitaria_MTNR1C_ORISOL_R...|   0.01   |    2     |    0.26 (51.17%)   |   -28834.50   |   59928.43    |    59924.39     |
|Sagittarius_serpentarius_MTNR1C_...|   0.01   |    2     |    0.26 (52.28%)   |   -28834.51   |   59928.44    |    59924.39     |
|Grallaria_varia_MTNR1C_GRAVAR_R0...|   0.01   |    2     |    0.12 (24.85%)   |   -28834.50   |   59928.43    |    59924.39     |
|Smithornis_capensis_MTNR1C_SMICA...|   0.01   |    2     |    0.29 ( 0.00%)   |   -28834.50   |   59928.42    |    59924.39     |
|Climacteris_rufus_MTNR1C_CLIRUF_...|   0.01   |    2     |  106.76 ( 0.94%)   |   -28831.16   |   59921.73    |    59921.73     |
|Climacteris_rufus_MTNR1C_CLIRUF_...|   0.01   |    3     |  157.14 ( 0.86%)   |   -28831.16   |   59925.77    |    59921.73     |
|Phalacrocorax_carbo_MTNR1C_10404...|   0.01   |    2     |    0.24 (49.18%)   |   -28831.16   |   59925.76    |    59921.73     |
|              Node136              |   0.01   |    2     |    0.15 (97.00%)   |   -28831.16   |   59925.76    |    59921.73     |
|              Node13               |   0.01   |    2     |    0.40 (91.45%)   |   -28831.15   |   59925.74    |    59921.73     |
|Erithacus_rubecula_MTNR1C_ERIRUB...|   0.01   |    2     |  657.52 ( 0.71%)   |   -28823.81   |   59911.07    |    59911.07     |
|Erithacus_rubecula_MTNR1C_ERIRUB...|   0.01   |    3     |  697.65 ( 0.70%)   |   -28823.85   |   59915.17    |    59911.07     |
|              Node336              |   0.01   |    2     |   17.37 ( 1.95%)   |   -28820.60   |   59908.67    |    59908.67     |
|              Node336              |   0.01   |    3     |   19.55 ( 1.72%)   |   -28820.63   |   59912.76    |    59908.67     |
|Calcarius_ornatus_MTNR1C_CALORN_...|   0.01   |    2     |    0.17 (85.95%)   |   -28820.60   |   59912.70    |    59908.67     |
|Thryothorus_ludovicianus_MTNR1C_...|   0.01   |    2     |    0.29 ( 0.00%)   |   -28820.60   |   59912.70    |    59908.67     |
|Chaetops_frenatus_MTNR1C_CHAFRE_...|   0.01   |    2     |    0.29 (51.25%)   |   -28820.61   |   59912.71    |    59908.67     |
|Quiscalus_mexicanus_MTNR1C_QUIME...|   0.01   |    2     |    0.11 (27.69%)   |   -28820.60   |   59912.70    |    59908.67     |
|              Node143              |   0.01   |    2     |   25.68 ( 0.44%)   |   -28820.55   |   59912.59    |    59908.67     |
|Neodrepanis_coruscans_MTNR1C_NEO...|   0.01   |    2     |    0.20 (19.57%)   |   -28820.61   |   59912.71    |    59908.67     |
|Thalassarche_chlororhynchos_MTNR...|   0.01   |    2     |    2.41 ( 1.93%)   |   -28820.60   |   59912.69    |    59908.67     |
|Eurypyga_helias_MTNR1C_104505358...|   0.01   |    2     |    0.43 ( 9.90%)   |   -28820.62   |   59912.73    |    59908.67     |
|              Node345              |   0.01   |    2     |   27.99 ( 1.72%)   |   -28819.85   |   59911.20    |    59908.67     |
|              Node541              |   0.01   |    2     |    0.26 (50.87%)   |   -28820.61   |   59912.71    |    59908.67     |
|Scytalopus_superciliaris_MTNR1C_...|   0.01   |    2     |    0.23 (67.45%)   |   -28820.60   |   59912.71    |    59908.67     |
|Thinocorus_orbignyianus_MTNR1C_T...|   0.01   |    2     |    0.10 (96.44%)   |   -28820.60   |   59912.70    |    59908.67     |
|              Node198              |   0.01   |    2     |    0.29 ( 0.00%)   |   -28820.60   |   59912.70    |    59908.67     |
|Crotophaga_sulcirostris_MTNR1C_C...|   0.01   |    2     |    0.26 ( 0.00%)   |   -28820.60   |   59912.70    |    59908.67     |
|Locustella_ochotensis_MTNR1C_LOC...|   0.01   |    2     |    0.27 ( 0.00%)   |   -28820.60   |   59912.70    |    59908.67     |
|              Node279              |   0.01   |    2     |  431.99 ( 0.37%)   |   -28816.16   |   59903.82    |    59903.82     |
|              Node279              |   0.01   |    3     |  199.17 ( 0.34%)   |   -28816.30   |   59908.12    |    59903.82     |
|Irena_cyanogastra_MTNR1C_IRECYA_...|   0.01   |    2     |    0.19 (30.52%)   |   -28816.17   |   59907.85    |    59903.82     |
|              Node482              |   0.01   |    2     |    0.19 (22.26%)   |   -28816.17   |   59907.86    |    59903.82     |
|Mionectes_macconnelli_MTNR1C_MIO...|   0.01   |    2     |   38.82 ( 0.84%)   |   -28811.31   |   59898.14    |    59898.14     |
|Mionectes_macconnelli_MTNR1C_MIO...|   0.01   |    3     |   42.53 ( 0.78%)   |   -28811.31   |   59902.17    |    59898.14     |
|Atrichornis_clamosus_MTNR1C_ATRC...|   0.01   |    2     |   29.32 ( 0.45%)   |   -28806.30   |   59892.15    |    59892.15     |
|Atrichornis_clamosus_MTNR1C_ATRC...|   0.01   |    3     |   34.03 ( 0.41%)   |   -28806.37   |   59896.31    |    59892.15     |
|              Node365              |   0.01   |    2     |    0.11 (45.83%)   |   -28806.30   |   59896.17    |    59892.15     |
|              Node536              |   0.01   |    2     |    0.08 (51.61%)   |   -28806.30   |   59896.18    |    59892.15     |
|Ceuthmochares_aereus_MTNR1C_CEUA...|   0.01   |    2     |    0.29 ( 0.00%)   |   -28806.30   |   59896.17    |    59892.15     |
|Ciconia_maguari_MTNR1C_CICMAG_R0...|   0.01   |    2     |    0.47 (16.44%)   |   -28806.30   |   59896.18    |    59892.15     |
|Pelecanus_crispus_MTNR1C_1040318...|   0.01   |    2     |   32.26 ( 0.95%)   |   -28803.97   |   59891.51    |    59891.51     |
|Pelecanus_crispus_MTNR1C_1040318...|   0.01   |    3     |   33.89 ( 0.89%)   |   -28804.01   |   59895.62    |    59891.51     |
|              Node339              |   0.01   |    2     |    0.25 ( 0.00%)   |   -28803.97   |   59895.54    |    59891.51     |
|              Node83               |   0.01   |    2     |    0.23 (47.25%)   |   -28803.97   |   59895.55    |    59891.51     |
|Rynchops_niger_MTNR1C_RYNNIG_R13...|   0.01   |    2     |    0.27 ( 0.00%)   |   -28803.97   |   59895.54    |    59891.51     |
|Pteruthius_melanotis_MTNR1C_PTEM...|   0.01   |    2     |    0.27 ( 0.00%)   |   -28803.97   |   59895.54    |    59891.51     |
|Onychorhynchus_coronatus_MTNR1C_...|   0.01   |    2     |    0.23 (47.12%)   |   -28803.97   |   59895.54    |    59891.51     |
|Daphoenositta_chrysoptera_MTNR1C...|   0.01   |    2     |    0.50 (10.00%)   |   -28803.97   |   59895.54    |    59891.51     |
|Peucedramus_taeniatus_MTNR1C_PEU...|   0.01   |    2     |    0.29 ( 0.00%)   |   -28803.97   |   59895.54    |    59891.51     |
|              Node30               |   0.01   |    2     |    0.49 (10.17%)   |   -28803.97   |   59895.55    |    59891.51     |
|              Node547              |   0.01   |    2     |    0.23 (48.07%)   |   -28803.97   |   59895.55    |    59891.51     |
|Dicaeum_eximium_MTNR1C_DICEXI_R0...|   0.01   |    2     |   32.56 ( 1.08%)   |   -28802.15   |   59891.91    |    59891.51     |
|Cephalopterus_ornatus_MTNR1C_CEP...|   0.01   |    2     |    0.23 (47.37%)   |   -28803.97   |   59895.54    |    59891.51     |
|Caloenas_nicobarica_MTNR1C_CALNI...|   0.01   |    2     |    0.25 ( 0.00%)   |   -28803.97   |   59895.54    |    59891.51     |
|Horornis_vulcanius_MTNR1C_HORVUL...|   0.01   |    2     |    0.50 (10.00%)   |   -28803.97   |   59895.55    |    59891.51     |
|              Node33               |   0.01   |    2     |    0.25 ( 0.00%)   |   -28803.97   |   59895.54    |    59891.51     |
|Melanocharis_versteri_MTNR1C_MEL...|   0.01   |    2     |    0.28 (16.16%)   |   -28803.98   |   59895.56    |    59891.51     |
|               Node7               |   0.01   |    2     |   >1000 ( 1.69%)   |   -28796.15   |   59879.91    |    59879.91     |
|               Node7               |   0.01   |    3     |   >1000 ( 1.66%)   |   -28796.15   |   59883.94    |    59879.91     |
|Rhagologus_leucostigma_MTNR1C_RH...|   0.01   |    2     |    0.26 ( 0.00%)   |   -28796.15   |   59883.94    |    59879.91     |
|Ploceus_nigricollis_MTNR1C_PLONI...|   0.01   |    2     |    0.29 ( 0.00%)   |   -28796.15   |   59883.94    |    59879.91     |
|              Node139              |   0.01   |    2     |    0.27 ( 0.00%)   |   -28796.15   |   59883.94    |    59879.91     |
|Motacilla_alba_MTNR1C_MOTALB_R02...|   0.01   |    2     |  263.35 ( 0.71%)   |   -28794.68   |   59880.99    |    59879.91     |
|Nyctibius_bracteatus_MTNR1C_NYCB...|   0.01   |    2     |   72.32 ( 1.23%)   |   -28791.46   |   59874.55    |    59874.55     |
|Nyctibius_bracteatus_MTNR1C_NYCB...|   0.01   |    3     |   75.51 ( 1.16%)   |   -28791.45   |   59878.57    |    59874.55     |
|              Node473              |   0.01   |    2     |   34.02 ( 0.43%)   |   -28791.05   |   59877.76    |    59874.55     |
|              Node341              |   0.01   |    2     |    0.26 ( 0.00%)   |   -28791.46   |   59878.57    |    59874.55     |
|    Gallus_gallus_MTNR1C_Mel1CR    |   0.01   |    2     |    0.73 (22.38%)   |   -28791.46   |   59878.58    |    59874.55     |
|Illadopsis_cleaveri_MTNR1C_ILLCL...|   0.01   |    2     |    0.26 ( 0.00%)   |   -28791.46   |   59878.57    |    59874.55     |
|Callaeas_wilsoni_MTNR1C_CALWIL_R...|   0.01   |    2     |    0.26 ( 0.00%)   |   -28791.46   |   59878.57    |    59874.55     |
|Pandion_haliaetus_MTNR1C_PANHAL_...|   0.01   |    2     |    0.40 (50.75%)   |   -28791.46   |   59878.57    |    59874.55     |
|   Xenopus_laevis_MTNR1C_Mel1CR    |   0.01   |    2     |  146.21 ( 1.89%)   |   -28786.28   |   59868.22    |    59868.22     |
|   Xenopus_laevis_MTNR1C_Mel1CR    |   0.01   |    3     |  145.05 ( 1.87%)   |   -28786.30   |   59872.29    |    59868.22     |
|              Node236              |   0.01   |    2     |    0.28 ( 0.00%)   |   -28786.28   |   59872.24    |    59868.22     |
|Chordeiles_acutipennis_MTNR1C_CH...|   0.01   |    2     |    0.26 ( 0.00%)   |   -28786.28   |   59872.24    |    59868.22     |
|Copsychus_sechellarum_MTNR1C_COP...|   0.01   |    2     |    0.50 (49.77%)   |   -28786.28   |   59872.24    |    59868.22     |
|Emberiza_fucata_MTNR1C_EMBFUC_R0...|   0.01   |    2     |    0.29 ( 0.00%)   |   -28786.28   |   59872.24    |    59868.22     |
|              Node187              |   0.01   |    2     |    0.52 (10.53%)   |   -28786.29   |   59872.26    |    59868.22     |
|Donacobius_atricapilla_MTNR1C_DO...|   0.01   |    2     |    0.26 (50.36%)   |   -28786.28   |   59872.25    |    59868.22     |
|Calyptomena_viridis_MTNR1C_CALVI...|   0.01   |    2     |    0.25 (50.31%)   |   -28786.28   |   59872.25    |    59868.22     |
|Aphelocoma_coerulescens_MTNR1C_A...|   0.01   |    2     |    0.29 ( 0.00%)   |   -28786.28   |   59872.24    |    59868.22     |
|Myiagra_hebetior_MTNR1C_MYIHEB_R...|   0.01   |    2     |    0.25 (51.08%)   |   -28786.29   |   59872.25    |    59868.22     |
|Anhinga_anhinga_MTNR1C_ANHANH_R1...|   0.01   |    2     |    0.24 (23.77%)   |   -28786.28   |   59872.25    |    59868.22     |
|Syrrhaptes_paradoxus_MTNR1C_SYRP...|   0.01   |    2     |    0.26 (50.31%)   |   -28786.28   |   59872.25    |    59868.22     |
|Corythaixoides_concolor_MTNR1C_C...|   0.01   |    2     |    0.24 (49.33%)   |   -28785.97   |   59871.62    |    59868.22     |
|Bombycilla_garrulus_MTNR1C_BOMGA...|   0.01   |    2     |    0.27 ( 0.00%)   |   -28786.28   |   59872.24    |    59868.22     |
|Cercotrichas_coryphoeus_MTNR1C_C...|   0.01   |    2     |    0.26 (50.80%)   |   -28786.29   |   59872.26    |    59868.22     |
|Dromaius_novaehollandiae_MTNR1C_...|   0.01   |    2     |    0.26 ( 0.00%)   |   -28786.28   |   59872.24    |    59868.22     |
|Centropus_unirufus_MTNR1C_CENUNI...|   0.01   |    2     |    0.12 (48.11%)   |   -28786.28   |   59872.25    |    59868.22     |
|Piaya_cayana_MTNR1C_PIACAY_R0156...|   0.01   |    2     |    0.25 (23.95%)   |   -28786.29   |   59872.25    |    59868.22     |
|Balaeniceps_rex_MTNR1C_BALREX_R0...|   0.01   |    2     |    8.92 ( 1.98%)   |   -28786.27   |   59872.23    |    59868.22     |
|Nycticryphes_semicollaris_MTNR1C...|   0.01   |    2     |    0.27 ( 0.00%)   |   -28786.28   |   59872.24    |    59868.22     |
|Atlantisia_rogersi_MTNR1C_ATLROG...|   0.01   |    2     |    0.26 ( 0.00%)   |   -28786.28   |   59872.24    |    59868.22     |
|Halcyon_senegalensis_MTNR1C_HALS...|   0.01   |    2     |   17.35 ( 1.31%)   |   -28785.98   |   59871.63    |    59868.22     |
|              Node557              |   0.01   |    2     |    0.27 (51.00%)   |   -28786.28   |   59872.25    |    59868.22     |
|Pitangus_sulphuratus_MTNR1C_BTVI...|   0.01   |    2     |    0.27 ( 0.00%)   |   -28786.28   |   59872.24    |    59868.22     |
|              Node566              |   0.01   |    2     |    0.25 ( 0.00%)   |   -28786.28   |   59872.24    |    59868.22     |
|              Node231              |   0.01   |    2     |    0.28 (51.42%)   |   -28786.27   |   59872.22    |    59868.22     |
|              Node531              |   0.01   |    2     |    0.74 ( 9.30%)   |   -28786.28   |   59872.25    |    59868.22     |
|Turdus_rufiventris_MTNR1C_TURU_1...|   0.01   |    2     |    0.40 (28.94%)   |   -28786.28   |   59872.25    |    59868.22     |
|              Node129              |   0.01   |    2     |    0.26 ( 0.00%)   |   -28786.28   |   59872.25    |    59868.22     |
|              Node544              |   0.01   |    2     |    0.26 ( 0.00%)   |   -28786.28   |   59872.24    |    59868.22     |
|              Node106              |   0.01   |    2     |    0.25 (24.65%)   |   -28786.28   |   59872.24    |    59868.22     |
|Stercorarius_parasiticus_MTNR1C_...|   0.01   |    2     |    0.26 (25.53%)   |   -28786.28   |   59872.25    |    59868.22     |
|              Node45               |   0.01   |    2     |    0.26 ( 0.00%)   |   -28786.28   |   59872.24    |    59868.22     |
|              Node177              |   0.01   |    2     |    0.25 ( 0.00%)   |   -28786.28   |   59872.24    |    59868.22     |
|Cepphus_grylle_MTNR1C_CEPGRY_R00...|   0.01   |    2     |   52.15 ( 2.08%)   |   -28783.53   |   59866.74    |    59866.74     |
|Cepphus_grylle_MTNR1C_CEPGRY_R00...|   0.01   |    3     |   52.19 ( 1.95%)   |   -28783.54   |   59870.79    |    59866.74     |
|              Node537              |   0.01   |    2     |    0.32 (11.69%)   |   -28783.53   |   59870.76    |    59866.74     |
|Aleadryas_rufinucha_MTNR1C_ALERU...|   0.01   |    2     |    0.27 ( 0.00%)   |   -28783.53   |   59870.76    |    59866.74     |
|Edolisoma_coerulescens_MTNR1C_ED...|   0.01   |    2     |    0.27 ( 0.00%)   |   -28783.53   |   59870.76    |    59866.74     |
|Setophaga_kirtlandii_MTNR1C_SETK...|   0.01   |    2     |   59.73 ( 0.86%)   |   -28778.87   |   59861.46    |    59861.46     |
|Setophaga_kirtlandii_MTNR1C_SETK...|   0.01   |    3     |   70.93 ( 0.80%)   |   -28778.92   |   59865.59    |    59861.46     |
|Pachyramphus_minor_MTNR1C_PACMIN...|   0.01   |    2     |   45.07 ( 0.44%)   |   -28776.28   |   59860.29    |    59860.29     |
|Pachyramphus_minor_MTNR1C_PACMIN...|   0.01   |    3     |   48.74 ( 0.41%)   |   -28776.32   |   59864.41    |    59860.29     |
|Alopecoenas_beccarii_MTNR1C_ALOB...|   0.01   |    2     |    0.29 (50.70%)   |   -28776.28   |   59864.33    |    59860.29     |
|Nesospiza_acunhae_MTNR1C_NESACU_...|   0.01   |    2     |    0.25 (25.49%)   |   -28776.28   |   59864.32    |    59860.29     |
|Columbina_picui_MTNR1C_COLPIC_R0...|   0.01   |    2     |    0.29 (50.29%)   |   -28776.28   |   59864.33    |    59860.29     |
|Cathartes_aura_MTNR1C_N323_11549...|   0.01   |    2     |    0.30 (49.72%)   |   -28776.28   |   59864.33    |    59860.29     |
|Ibidorhyncha_struthersii_MTNR1C_...|   0.01   |    2     |    0.27 ( 0.00%)   |   -28776.28   |   59864.32    |    59860.29     |
|Brachypodius_atriceps_MTNR1C_BRA...|   0.01   |    2     |    0.49 (24.72%)   |   -28776.28   |   59864.32    |    59860.29     |
|Eulacestoma_nigropectus_MTNR1C_E...|   0.01   |    2     |    0.26 (25.34%)   |   -28776.28   |   59864.32    |    59860.29     |
|Anthoscopus_minutus_MTNR1C_ANTMI...|   0.01   |    2     |    0.30 (49.94%)   |   -28776.28   |   59864.32    |    59860.29     |
|Tichodroma_muraria_MTNR1C_TICMUR...|   0.01   |    2     |    0.50 (24.50%)   |   -28776.28   |   59864.32    |    59860.29     |
|Himantopus_himantopus_MTNR1C_HIM...|   0.01   |    2     |    0.30 (49.98%)   |   -28776.28   |   59864.33    |    59860.29     |
|Pelecanoides_urinatrix_MTNR1C_PE...|   0.01   |    2     |    7.07 ( 2.59%)   |   -28776.27   |   59864.30    |    59860.29     |
|Oceanites_oceanicus_MTNR1C_OCEOC...|   0.01   |    2     |    0.30 (49.91%)   |   -28776.28   |   59864.33    |    59860.29     |
|Oreocharis_arfaki_MTNR1C_OREARF_...|   0.01   |    2     |    0.26 (25.36%)   |   -28776.28   |   59864.32    |    59860.29     |
|Rostratula_benghalensis_MTNR1C_R...|   0.01   |    2     |    0.27 ( 0.00%)   |   -28776.28   |   59864.32    |    59860.29     |
|Tricholaema_leucomelas_MTNR1C_TR...|   0.01   |    2     |    0.77 (10.19%)   |   -28776.16   |   59864.08    |    59860.29     |
|              Node327              |   0.01   |    2     |   37.03 ( 1.12%)   |   -28774.74   |   59861.25    |    59860.29     |
|Ciccaba_nigrolineata_MTNR1C_CICN...|   0.01   |    2     |   33.43 ( 2.10%)   |   -28773.65   |   59859.06    |    59859.06     |
|Ciccaba_nigrolineata_MTNR1C_CICN...|   0.01   |    3     |   34.50 ( 1.95%)   |   -28773.65   |   59863.10    |    59859.06     |
|Mohoua_ochrocephala_MTNR1C_MOHOC...|   0.01   |    2     |    0.27 ( 0.00%)   |   -28773.65   |   59863.08    |    59859.06     |
|Leptocoma_aspasia_MTNR1C_LEPASP_...|   0.01   |    2     |    0.76 (10.04%)   |   -28773.64   |   59863.08    |    59859.06     |
|              Node18               |   0.01   |    2     |    0.25 ( 0.00%)   |   -28773.65   |   59863.08    |    59859.06     |
|Eurystomus_gularis_MTNR1C_EURGUL...|   0.01   |    2     |    0.27 ( 0.00%)   |   -28773.65   |   59863.08    |    59859.06     |
|              Node521              |   0.01   |    2     |    0.25 ( 0.00%)   |   -28773.65   |   59863.08    |    59859.06     |
|Podilymbus_podiceps_MTNR1C_PODPO...|   0.01   |    2     |    0.27 ( 0.00%)   |   -28773.65   |   59863.08    |    59859.06     |
|Pomatorhinus_ruficollis_MTNR1C_P...|   0.01   |    2     |    0.25 ( 0.00%)   |   -28773.65   |   59863.08    |    59859.06     |
|Nyctibius_grandis_MTNR1C_NYCGRA_...|   0.01   |    2     |    0.25 ( 0.00%)   |   -28773.65   |   59863.08    |    59859.06     |
|Fulmarus_glacialis_MTNR1C_104072...|   0.01   |    2     |    0.49 (49.30%)   |   -28773.65   |   59863.08    |    59859.06     |
|Rhipidura_dahli_MTNR1C_RHIDAH_R1...|   0.01   |    2     |    0.27 ( 6.06%)   |   -28773.65   |   59863.08    |    59859.06     |
|              Node40               |   0.01   |    2     |    0.24 ( 0.00%)   |   -28773.65   |   59863.08    |    59859.06     |
|              Node349              |   0.01   |    2     |    0.92 (10.15%)   |   -28773.65   |   59863.09    |    59859.06     |
|Urocynchramus_pylzowi_MTNR1C_URO...|   0.01   |    2     |    0.27 ( 0.00%)   |   -28773.65   |   59863.08    |    59859.06     |
|Sitta_europaea_MTNR1C_SITEUR_R01...|   0.01   |    2     |    0.13 (39.42%)   |   -28773.65   |   59863.08    |    59859.06     |
|Buphagus_erythrorhynchus_MTNR1C_...|   0.01   |    2     |    0.36 (52.70%)   |   -28773.65   |   59863.08    |    59859.06     |
|Phaetusa_simplex_MTNR1C_PHASIM_R...|   0.01   |    2     |    0.29 ( 0.00%)   |   -28773.65   |   59863.08    |    59859.06     |
|              Node396              |   0.01   |    2     |    0.41 (50.45%)   |   -28773.65   |   59863.08    |    59859.06     |
|Gymnorhina_tibicen_MTNR1C_GYMTIB...|   0.01   |    2     |    0.27 ( 0.00%)   |   -28773.65   |   59863.08    |    59859.06     |
|              Node124              |   0.01   |    2     |    0.41 (50.45%)   |   -28773.65   |   59863.08    |    59859.06     |
|Pachycephala_philippinensis_MTNR...|   0.01   |    2     |    0.49 (49.30%)   |   -28773.65   |   59863.09    |    59859.06     |
|Cinclus_mexicanus_MTNR1C_CINMEX_...|   0.01   |    2     |    0.26 ( 0.00%)   |   -28773.65   |   59863.08    |    59859.06     |
|Toxostoma_redivivum_MTNR1C_TOXRE...|   0.01   |    2     |    0.76 (10.21%)   |   -28773.65   |   59863.10    |    59859.06     |
|Promerops_cafer_MTNR1C_PROCAF_R1...|   0.01   |    2     |   56.61 ( 0.46%)   |   -28768.63   |   59853.06    |    59853.06     |
|Promerops_cafer_MTNR1C_PROCAF_R1...|   0.01   |    3     |   57.28 ( 0.43%)   |   -28768.67   |   59857.15    |    59853.06     |
|              Node84               |   0.01   |    2     |    0.77 (10.19%)   |   -28768.65   |   59857.12    |    59853.06     |
|              Node522              |   0.01   |    2     |    0.36 (50.39%)   |   -28768.57   |   59856.95    |    59853.06     |
|Semnornis_frantzii_MTNR1C_SEMFRA...|   0.01   |    2     |    0.25 ( 0.00%)   |   -28768.63   |   59857.08    |    59853.06     |
|              Node94               |   0.01   |    2     |    0.96 ( 9.79%)   |   -28768.51   |   59856.85    |    59853.06     |
|Menura_novaehollandiae_MTNR1C_ME...|   0.01   |    2     |    0.79 (10.55%)   |   -28768.64   |   59857.11    |    59853.06     |
|              Node10               |   0.01   |    2     |    0.27 ( 0.00%)   |   -28768.63   |   59857.08    |    59853.06     |
|              Node128              |   0.01   |    2     |    0.25 ( 0.00%)   |   -28768.63   |   59857.08    |    59853.06     |
|Tyrannus_savana_MTNR1C_TYRSAV_R0...|   0.01   |    2     |    0.26 ( 0.00%)   |   -28768.63   |   59857.08    |    59853.06     |
|Pedionomus_torquatus_MTNR1C_PEDT...|   0.01   |    2     |    1.89 ( 4.82%)   |   -28768.63   |   59857.08    |    59853.06     |
|              Node260              |   0.01   |    2     |    0.50 (24.05%)   |   -28768.01   |   59855.83    |    59853.06     |
|              Node393              |   0.01   |    2     |    0.42 (20.51%)   |   -28768.64   |   59857.09    |    59853.06     |
|Ptilorrhoa_leucosticta_MTNR1C_PT...|   0.01   |    2     |    0.25 ( 0.00%)   |   -28768.63   |   59857.08    |    59853.06     |
|Eolophus_roseicapilla_MTNR1C_EOL...|   0.01   |    2     |    0.27 ( 0.00%)   |   -28768.63   |   59857.08    |    59853.06     |
|              Node208              |   0.01   |    2     |    0.24 (49.18%)   |   -28768.63   |   59857.08    |    59853.06     |
|Acrocephalus_arundinaceus_MTNR1C...|   0.01   |    2     |    0.25 (48.94%)   |   -28768.63   |   59857.08    |    59853.06     |
|              Node370              |   0.01   |    2     |    0.95 ( 9.74%)   |   -28768.64   |   59857.09    |    59853.06     |
|Manacus_vitellinus_MTNR1C_N305_0...|   0.01   |    2     |    0.31 (28.25%)   |   -28768.64   |   59857.09    |    59853.06     |
|Ifrita_kowaldi_MTNR1C_IFRKOW_R09...|   0.01   |    2     |    0.27 ( 0.00%)   |   -28768.63   |   59857.08    |    59853.06     |
|Pheucticus_melanocephalus_MTNR1C...|   0.01   |    2     |    2.00 ( 4.76%)   |   -28768.63   |   59857.07    |    59853.06     |
|              Node192              |   0.01   |    2     |    0.24 ( 0.00%)   |   -28768.63   |   59857.08    |    59853.06     |
|Dryoscopus_gambensis_MTNR1C_DRYG...|   0.01   |    2     |    0.27 ( 0.00%)   |   -28768.63   |   59857.08    |    59853.06     |
|Neopipo_cinnamomea_MTNR1C_NEOCIN...|   0.01   |    2     |    2.03 ( 4.74%)   |   -28768.62   |   59857.06    |    59853.06     |
|Anhinga_rufa_MTNR1C_ANHRUF_R0910...|   0.01   |    2     |    0.41 (20.97%)   |   -28768.64   |   59857.09    |    59853.06     |
|Phainopepla_nitens_MTNR1C_PHANIT...|   0.01   |    2     |    0.48 ( 9.50%)   |   -28768.63   |   59857.08    |    59853.06     |
|              Node147              |   0.01   |    2     |    0.45 (20.42%)   |   -28768.64   |   59857.10    |    59853.06     |
|Dromas_ardeola_MTNR1C_DROARD_R12...|   0.01   |    2     |    0.52 ( 8.73%)   |   -28768.63   |   59857.08    |    59853.06     |
|              Node144              |   0.01   |    2     |    0.47 ( 9.46%)   |   -28768.63   |   59857.08    |    59853.06     |
|              Node41               |   0.01   |    2     |  108.73 ( 0.52%)   |   -28765.59   |   59851.01    |    59851.01     |
|              Node41               |   0.01   |    3     |  112.56 ( 0.50%)   |   -28765.62   |   59855.08    |    59851.01     |
|Fregata_magnificens_MTNR1C_FREMA...|   0.01   |    2     |    0.24 ( 0.00%)   |   -28765.59   |   59855.03    |    59851.01     |
|Glareola_pratincola_MTNR1C_GLAPR...|   0.01   |    2     |    0.92 (10.26%)   |   -28765.61   |   59855.06    |    59851.01     |
|Crypturellus_undulatus_MTNR1C_CR...|   0.01   |    2     |    0.26 ( 0.00%)   |   -28765.59   |   59855.03    |    59851.01     |
|              Node466              |   0.01   |    2     |    0.99 ( 9.68%)   |   -28765.60   |   59855.05    |    59851.01     |
|              Node235              |   0.01   |    2     |    0.24 ( 0.00%)   |   -28765.59   |   59855.03    |    59851.01     |
|Campylorhamphus_procurvoides_MTN...|   0.01   |    2     |    0.25 ( 0.00%)   |   -28765.59   |   59855.03    |    59851.01     |
|              Node329              |   0.01   |    2     |  109.12 ( 0.41%)   |   -28764.37   |   59852.59    |    59851.01     |
|              Node332              |   0.01   |    2     |    0.27 ( 0.00%)   |   -28765.59   |   59855.03    |    59851.01     |
|Sterrhoptilus_dennistouni_MTNR1C...|   0.01   |    2     |    0.26 ( 0.00%)   |   -28765.59   |   59855.03    |    59851.01     |
|Ardeotis_kori_MTNR1C_ARDKOR_R102...|   0.01   |    2     |    0.23 (45.98%)   |   -28765.60   |   59855.04    |    59851.01     |
|              Node424              |   0.01   |    2     |    0.25 (32.87%)   |   -28765.21   |   59854.27    |    59851.01     |
|              Node567              |   0.01   |    2     |    0.23 ( 0.00%)   |   -28765.59   |   59855.03    |    59851.01     |
|              Node289              |   0.01   |    2     |    1.05 (10.24%)   |   -28765.60   |   59855.05    |    59851.01     |
|              Node62               |   0.01   |    2     |    0.25 ( 0.00%)   |   -28765.59   |   59855.03    |    59851.01     |
|              Node476              |   0.01   |    2     |    0.23 (47.92%)   |   -28765.60   |   59855.04    |    59851.01     |
|              Node121              |   0.01   |    2     |    0.23 (47.80%)   |   -28765.59   |   59855.03    |    59851.01     |
|Rhodinocichla_rosea_MTNR1C_RHORO...|   0.01   |    2     |    0.26 ( 0.00%)   |   -28765.59   |   59855.03    |    59851.01     |
|Podiceps_cristatus_MTNR1C_N338_0...|   0.01   |    2     |    0.27 ( 0.00%)   |   -28765.59   |   59855.03    |    59851.01     |
|Prunella_himalayana_MTNR1C_PRUHI...|   0.01   |    2     |    0.25 ( 0.00%)   |   -28765.59   |   59855.03    |    59851.01     |
|              Node271              |   0.01   |    2     |    2.00 ( 5.00%)   |   -28765.60   |   59855.04    |    59851.01     |
|              Node315              |   0.01   |    2     |    0.26 ( 0.00%)   |   -28765.59   |   59855.03    |    59851.01     |
|Oenanthe_oenanthe_MTNR1C_OENOEN_...|   0.01   |    2     |    0.24 (48.28%)   |   -28765.60   |   59855.04    |    59851.01     |
|Falcunculus_frontatus_MTNR1C_FAL...|   0.01   |    2     |    0.48 (23.59%)   |   -28765.59   |   59855.03    |    59851.01     |
|Oriolus_oriolus_MTNR1C_ORIORI_R0...|   0.01   |    2     |    0.26 ( 0.00%)   |   -28765.59   |   59855.03    |    59851.01     |
|Fregetta_grallaria_MTNR1C_FREGRA...|   0.01   |    2     |    0.78 (76.00%)   |   -28765.59   |   59855.03    |    59851.01     |
|Nyctiprogne_leucopyga_MTNR1C_NYC...|   0.01   |    2     |    0.40 (50.74%)   |   -28765.59   |   59855.03    |    59851.01     |
|Ramphastos_sulfuratus_MTNR1C_RAM...|   0.01   |    2     |  132.42 ( 0.42%)   |   -28760.32   |   59844.49    |    59844.49     |
|Ramphastos_sulfuratus_MTNR1C_RAM...|   0.01   |    3     |  142.52 ( 0.40%)   |   -28760.33   |   59848.54    |    59844.49     |
|              Node87               |   0.01   |    2     |    0.24 (48.37%)   |   -28760.32   |   59848.52    |    59844.49     |
|              Node201              |   0.01   |    2     |    0.39 (49.60%)   |   -28760.32   |   59848.51    |    59844.49     |
|              Node184              |   0.01   |    2     |    0.25 ( 0.00%)   |   -28760.32   |   59848.51    |    59844.49     |
|Polioptila_caerulea_MTNR1C_POLCA...|   0.01   |    2     |    0.25 (49.17%)   |   -28760.32   |   59848.52    |    59844.49     |
|              Node286              |   0.01   |    2     |    0.25 ( 0.00%)   |   -28760.32   |   59848.51    |    59844.49     |
|              Node213              |   0.01   |    2     |    0.25 ( 0.00%)   |   -28760.32   |   59848.51    |    59844.49     |
|              Node517              |   0.01   |    2     |    0.25 ( 0.00%)   |   -28760.32   |   59848.51    |    59844.49     |
|Xiphorhynchus_elegans_MTNR1C_XIP...|   0.01   |    2     |    0.25 ( 0.00%)   |   -28760.32   |   59848.51    |    59844.49     |
|              Node503              |   0.01   |    2     |    0.25 ( 0.00%)   |   -28760.32   |   59848.51    |    59844.49     |
|              Node560              |   0.01   |    2     |    0.28 ( 0.00%)   |   -28760.32   |   59848.51    |    59844.49     |
|              Node504              |   0.00   |    2     |    0.24 ( 0.00%)   |   -28760.32   |   59848.51    |    59844.49     |
|Probosciger_aterrimus_MTNR1C_PRO...|   0.00   |    2     |    0.25 ( 0.00%)   |   -28760.32   |   59848.51    |    59844.49     |
|              Node218              |   0.00   |    2     |    0.26 ( 0.00%)   |   -28760.32   |   59848.51    |    59844.49     |
|Hypocryptadius_cinnamomeus_MTNR1...|   0.00   |    2     |    0.25 ( 0.00%)   |   -28760.32   |   59848.51    |    59844.49     |
|              Node361              |   0.00   |    2     |    0.25 ( 0.00%)   |   -28760.32   |   59848.51    |    59844.49     |
|              Node335              |   0.00   |    2     |    0.27 ( 0.00%)   |   -28760.32   |   59848.51    |    59844.49     |
|              Node180              |   0.00   |    2     |    0.26 ( 0.00%)   |   -28760.32   |   59848.51    |    59844.49     |
|              Node72               |   0.00   |    2     |    0.25 ( 0.00%)   |   -28760.32   |   59848.51    |    59844.49     |
|Chionis_minor_MTNR1C_CHIMIN_R111...|   0.00   |    2     |    0.25 ( 0.00%)   |   -28760.32   |   59848.51    |    59844.49     |
|  Uria_aalge_MTNR1C_URIAAL_R00332  |   0.00   |    2     |   92.01 ( 1.05%)   |   -28760.23   |   59848.34    |    59844.49     |
|Prunella_fulvescens_MTNR1C_PRUFU...|   0.00   |    2     |    0.27 ( 0.00%)   |   -28760.32   |   59848.51    |    59844.49     |
|Calonectris_borealis_MTNR1C_CALB...|   0.00   |    2     |    0.25 ( 0.00%)   |   -28760.32   |   59848.51    |    59844.49     |
|Vireo_altiloquus_MTNR1C_VIRALT_R...|   0.00   |    2     |    0.25 ( 0.00%)   |   -28760.32   |   59848.51    |    59844.49     |
|Erpornis_zantholeuca_MTNR1C_ERPZ...|   0.00   |    2     |    0.25 ( 0.00%)   |   -28760.32   |   59848.51    |    59844.49     |
|              Node237              |   0.00   |    2     |    0.25 ( 0.00%)   |   -28760.32   |   59848.51    |    59844.49     |
|Lanius_ludovicianus_MTNR1C_LANLU...|   0.00   |    2     |    0.25 ( 0.00%)   |   -28760.32   |   59848.51    |    59844.49     |
|              Node360              |   0.00   |    2     |    0.25 ( 0.00%)   |   -28760.32   |   59848.51    |    59844.49     |
|Chroicocephalus_maculipennis_MTN...|   0.00   |    2     |    0.31 (49.54%)   |   -28760.32   |   59848.52    |    59844.49     |
|Chloropsis_hardwickii_MTNR1C_CHL...|   0.00   |    2     |    0.31 (49.90%)   |   -28760.32   |   59848.52    |    59844.49     |
|              Node524              |   0.00   |    2     |    0.25 ( 0.00%)   |   -28760.32   |   59848.51    |    59844.49     |
|              Node275              |   0.00   |    2     |    0.31 (49.99%)   |   -28760.32   |   59848.52    |    59844.49     |
|Mystacornis_crossleyi_MTNR1C_MYS...|   0.00   |    2     |    2.00 (50.00%)   |   -28760.32   |   59848.52    |    59844.49     |
|Rhinoptilus_africanus_MTNR1C_RHI...|   0.00   |    2     |    0.27 ( 0.00%)   |   -28760.32   |   59848.51    |    59844.49     |
|Haliaeetus_albicilla_MTNR1C_HALA...|   0.00   |    2     |    0.31 (49.77%)   |   -28760.32   |   59848.52    |    59844.49     |
|              Node309              |   0.00   |    2     |    0.25 ( 0.00%)   |   -28760.32   |   59848.51    |    59844.49     |
|Pterocles_gutturalis_MTNR1C_1044...|   0.00   |    2     |    0.73 (22.69%)   |   -28760.32   |   59848.51    |    59844.49     |
|              Node509              |   0.00   |    2     |    0.25 ( 0.00%)   |   -28760.32   |   59848.51    |    59844.49     |
|              Node61               |   0.00   |    2     |    0.29 ( 0.00%)   |   -28760.32   |   59848.51    |    59844.49     |
|              Node470              |   0.00   |    2     |    0.26 ( 0.00%)   |   -28760.32   |   59848.51    |    59844.49     |
|Furnarius_figulus_MTNR1C_FURFIG_...|   0.00   |    2     |    0.71 (23.55%)   |   -28760.32   |   59848.52    |    59844.49     |
|Oxyruncus_cristatus_MTNR1C_OXYCR...|   0.00   |    2     |    0.25 ( 0.00%)   |   -28760.32   |   59848.51    |    59844.49     |
|              Node60               |   0.00   |    2     |    0.25 ( 0.00%)   |   -28759.81   |   59847.49    |    59844.49     |
|              Node507              |   0.00   |    2     |    0.75 ( 2.00%)   |   -28760.32   |   59848.51    |    59844.49     |
|              Node418              |   0.00   |    2     |    0.74 (24.84%)   |   -28760.32   |   59848.52    |    59844.49     |
|Zapornia_atra_MTNR1C_ZAPATR_R045...|   0.00   |    2     |    0.75 (24.53%)   |   -28760.32   |   59848.51    |    59844.49     |
|              Node176              |   0.00   |    2     |    0.27 ( 0.00%)   |   -28760.32   |   59848.51    |    59844.49     |
|              Node523              |   0.00   |    2     |    0.58 (87.15%)   |   -28760.32   |   59848.51    |    59844.49     |
|Pterocles_burchelli_MTNR1C_PTEBU...|   0.00   |    2     |    0.24 ( 0.00%)   |   -28760.32   |   59848.51    |    59844.49     |
|              Node77               |   0.00   |    2     |  291.50 ( 0.39%)   |   -28754.58   |   59837.03    |    59837.03     |
|              Node77               |   0.00   |    3     |  290.75 ( 0.39%)   |   -28754.59   |   59841.09    |    59837.03     |
|              Node348              |   0.00   |    2     |    0.39 (75.78%)   |   -28754.58   |   59841.05    |    59837.03     |
|              Node229              |   0.00   |    2     |    0.72 ( 9.52%)   |   -28754.58   |   59841.06    |    59837.03     |
|              Node330              |   0.00   |    2     |    0.26 ( 0.00%)   |   -28754.58   |   59841.06    |    59837.03     |
|Zosterops_hypoxanthus_MTNR1C_ZOS...|   0.00   |    2     |    0.25 ( 0.00%)   |   -28754.58   |   59841.06    |    59837.03     |
|              Node534              |   0.00   |    2     |    0.25 ( 0.00%)   |   -28754.58   |   59841.06    |    59837.03     |
|Certhia_brachydactyla_MTNR1C_CER...|   0.00   |    2     |    0.25 ( 0.00%)   |   -28754.58   |   59841.06    |    59837.03     |
|              Node166              |   0.00   |    2     |    0.25 ( 0.00%)   |   -28754.58   |   59841.06    |    59837.03     |
|  Alca_torda_MTNR1C_ALCTOR_R09240  |   0.00   |    2     |    0.25 ( 0.00%)   |   -28754.58   |   59841.06    |    59837.03     |
|              Node157              |   0.00   |    2     |    0.25 ( 0.00%)   |   -28754.58   |   59841.06    |    59837.03     |
|Loxia_curvirostra_MTNR1C_LOXCUR_...|   0.00   |    2     |    0.25 ( 0.00%)   |   -28754.58   |   59841.06    |    59837.03     |
|              Node373              |   0.00   |    2     |    0.25 (49.30%)   |   -28754.58   |   59841.06    |    59837.03     |
|Hippolais_icterina_MTNR1C_HIPICT...|   0.00   |    2     |    0.28 ( 0.00%)   |   -28754.58   |   59841.06    |    59837.03     |
|Dicrurus_megarhynchus_MTNR1C_DIC...|   0.00   |    2     |    0.25 ( 0.00%)   |   -28754.58   |   59841.06    |    59837.03     |
|              Node167              |   0.00   |    2     |    0.25 ( 0.00%)   |   -28754.58   |   59841.06    |    59837.03     |
|Chloropsis_cyanopogon_MTNR1C_CHL...|   0.00   |    2     |    0.25 ( 0.00%)   |   -28754.58   |   59841.06    |    59837.03     |
|              Node481              |   0.00   |    2     |    0.26 ( 0.00%)   |   -28754.58   |   59841.06    |    59837.03     |
|              Node78               |   0.00   |    2     |    0.25 ( 0.00%)   |   -28754.58   |   59841.06    |    59837.03     |
|Platysteira_castanea_MTNR1C_DYAC...|   0.00   |    2     |    0.25 ( 0.00%)   |   -28754.58   |   59841.06    |    59837.03     |
|              Node325              |   0.00   |    2     |    0.29 ( 0.00%)   |   -28754.58   |   59841.06    |    59837.03     |
|Cardinalis_cardinalis_MTNR1C_CAR...|   0.00   |    2     |    0.52 ( 8.73%)   |   -28754.58   |   59841.06    |    59837.03     |
|              Node238              |   0.00   |    2     |    0.25 ( 0.00%)   |   -28754.58   |   59841.06    |    59837.03     |
|Nothocercus_julius_MTNR1C_NOTJUL...|   0.00   |    2     |    1.98 ( 9.02%)   |   -28754.58   |   59841.06    |    59837.03     |
|              Node563              |   0.00   |    2     |    0.29 ( 0.00%)   |   -28754.58   |   59841.06    |    59837.03     |
|              Node331              |   0.00   |    2     |    0.26 ( 0.00%)   |   -28754.58   |   59841.06    |    59837.03     |
|              Node17               |   0.00   |    2     |   0.18 (100.00%)   |   -28758.02   |   59847.94    |    59837.03     |
|Eudyptes_schlegeli_MTNR1C_FQV10_...|   0.00   |    2     |    0.52 ( 9.65%)   |   -28754.58   |   59841.06    |    59837.03     |
|Pygoscelis_papua_MTNR1C_KCX85_00...|   0.00   |    2     |    0.25 ( 0.00%)   |   -28754.58   |   59841.06    |    59837.03     |
|              Node191              |   0.00   |    2     |    0.25 ( 0.00%)   |   -28754.58   |   59841.06    |    59837.03     |
|              Node109              |   0.00   |    2     |    0.26 ( 0.00%)   |   -28754.58   |   59841.06    |    59837.03     |
|              Node554              |   0.00   |    2     |    0.26 ( 0.00%)   |   -28754.58   |   59841.06    |    59837.03     |
|              Node102              |   0.00   |    2     |    0.24 ( 0.00%)   |   -28754.58   |   59841.06    |    59837.03     |
|              Node565              |   0.00   |    2     |    0.75 ( 9.57%)   |   -28754.58   |   59841.06    |    59837.03     |
|              Node423              |   0.00   |    2     |    0.26 ( 0.00%)   |   -28754.58   |   59841.06    |    59837.03     |
|              Node29               |   0.00   |    2     |    0.24 ( 0.00%)   |   -28754.58   |   59841.06    |    59837.03     |
|Spizaetus_tyrannus_MTNR1C_SPITYR...|   0.00   |    2     |    0.34 (48.84%)   |   -28754.58   |   59841.06    |    59837.03     |
|              Node469              |   0.00   |    2     |    0.26 ( 0.00%)   |   -28754.58   |   59841.06    |    59837.03     |
|Pluvianellus_socialis_MTNR1C_PLU...|   0.00   |    2     |   1.00 (100.00%)   |   -28755.38   |   59842.66    |    59837.03     |
|              Node190              |   0.00   |    2     |    0.40 (95.00%)   |   -28754.58   |   59841.06    |    59837.03     |
|              Node98               |   0.00   |    2     |    0.39 (51.89%)   |   -28754.58   |   59841.06    |    59837.03     |
|              Node540              |   0.00   |    2     |    0.26 ( 0.00%)   |   -28754.58   |   59841.06    |    59837.03     |
|              Node272              |   0.00   |    2     |    0.27 ( 0.00%)   |   -28754.58   |   59841.06    |    59837.03     |
|Amazona_guildingii_MTNR1C_AMAGUI...|   0.00   |    2     |    0.25 ( 0.00%)   |   -28754.58   |   59841.06    |    59837.03     |
|              Node206              |   0.00   |    2     |    0.24 ( 0.00%)   |   -28754.58   |   59841.06    |    59837.03     |
|              Node251              |   0.00   |    2     |    0.25 ( 0.00%)   |   -28754.58   |   59841.06    |    59837.03     |
|              Node442              |   0.00   |    2     |    0.25 ( 0.00%)   |   -28754.58   |   59841.06    |    59837.03     |
|Passerina_amoena_MTNR1C_PASAMO_R...|   0.00   |    2     |    0.26 ( 0.00%)   |   -28754.58   |   59841.06    |    59837.03     |
|              Node69               |   0.00   |    2     |    0.25 ( 0.00%)   |   -28754.58   |   59841.06    |    59837.03     |
|              Node287              |   0.00   |    2     |    0.26 ( 0.00%)   |   -28754.58   |   59841.06    |    59837.03     |
|              Node119              |   0.00   |    2     |    0.25 ( 0.00%)   |   -28754.58   |   59841.06    |    59837.03     |
|              Node380              |   0.00   |    2     |    0.25 ( 0.00%)   |   -28754.58   |   59841.06    |    59837.03     |
|              Node63               |   0.00   |    2     |    0.25 ( 0.00%)   |   -28754.58   |   59841.06    |    59837.03     |
|              Node374              |   0.00   |    2     |    0.25 ( 0.00%)   |   -28754.58   |   59841.06    |    59837.03     |
|              Node448              |   0.00   |    2     |    0.25 ( 0.00%)   |   -28754.58   |   59841.06    |    59837.03     |
|              Node460              |   0.00   |    2     |    0.25 ( 0.00%)   |   -28754.58   |   59841.06    |    59837.03     |
|              Node250              |   0.00   |    2     |    0.25 ( 0.00%)   |   -28754.58   |   59841.06    |    59837.03     |
|              Node471              |   0.00   |    2     |    0.26 ( 0.00%)   |   -28754.58   |   59841.06    |    59837.03     |
|              Node437              |   0.00   |    2     |    0.25 ( 0.00%)   |   -28754.58   |   59841.06    |    59837.03     |
|              Node463              |   0.00   |    2     |    0.25 ( 0.00%)   |   -28754.58   |   59841.06    |    59837.03     |
|              Node403              |   0.00   |    2     |    0.25 ( 0.00%)   |   -28754.58   |   59841.06    |    59837.03     |
|Eudyptes_chrysolophus_MTNR1C_FQV...|   0.00   |    2     |    0.74 (49.35%)   |   -28754.58   |   59841.06    |    59837.03     |
|Circaetus_pectoralis_MTNR1C_CIRP...|   0.00   |    2     |    0.25 ( 0.00%)   |   -28754.58   |   59841.06    |    59837.03     |
|Nothocercus_nigrocapillus_MTNR1C...|   0.00   |    2     |    1.06 ( 9.71%)   |   -28754.58   |   59841.06    |    59837.03     |
|              Node491              |   0.00   |    2     |    0.25 ( 0.00%)   |   -28754.58   |   59841.06    |    59837.03     |
|              Node270              |   0.00   |    2     |    0.25 ( 0.00%)   |   -28754.58   |   59841.06    |    59837.03     |
|Megadyptes_antipodes_antipodes_M...|   0.00   |    2     |    0.25 ( 0.00%)   |   -28754.58   |   59841.06    |    59837.03     |
|              Node76               |   0.00   |    2     |    0.50 (50.00%)   |   -28754.58   |   59841.06    |    59837.03     |
|              Node384              |   0.00   |    2     |    0.25 ( 0.00%)   |   -28754.58   |   59841.06    |    59837.03     |
|              Node70               |   0.00   |    2     |    0.25 ( 0.00%)   |   -28754.58   |   59841.06    |    59837.03     |
|              Node434              |   0.00   |    2     |    0.74 (24.08%)   |   -28754.58   |   59841.06    |    59837.03     |
|Casuarius_casuarius_MTNR1C_CASCA...|   0.00   |    2     |    0.25 ( 0.00%)   |   -28754.58   |   59841.06    |    59837.03     |
|              Node385              |   0.00   |    2     |    0.25 ( 0.00%)   |   -28754.58   |   59841.06    |    59837.03     |
|              Node490              |   0.00   |    2     |    0.25 ( 0.00%)   |   -28754.58   |   59841.06    |    59837.03     |
|              Node214              |   0.00   |    2     |    0.25 ( 0.00%)   |   -28754.58   |   59841.06    |    59837.03     |
|              Node262              |   0.00   |    2     |    0.26 ( 0.00%)   |   -28754.58   |   59841.06    |    59837.03     |
|              Node261              |   0.00   |    2     |    0.25 ( 0.00%)   |   -28754.58   |   59841.06    |    59837.03     |
|              Node252              |   0.00   |    2     |    0.25 ( 0.00%)   |   -28754.58   |   59841.06    |    59837.03     |
|              Node255              |   0.00   |    2     |    0.25 ( 0.00%)   |   -28754.58   |   59841.06    |    59837.03     |
|              Node559              |   0.00   |    2     |    0.25 ( 0.00%)   |   -28754.58   |   59841.06    |    59837.03     |
|              Node433              |   0.00   |    2     |    0.25 ( 0.00%)   |   -28754.58   |   59841.06    |    59837.03     |
|              Node548              |   0.00   |    2     |    0.25 ( 0.00%)   |   -28754.58   |   59841.06    |    59837.03     |
|Amazona_aestiva_MTNR1C_AAES_2363...|   0.00   |    2     |    0.26 ( 0.00%)   |   -28754.58   |   59841.06    |    59837.03     |
|              Node290              |   0.00   |    2     |    0.26 ( 0.00%)   |   -28754.58   |   59841.06    |    59837.03     |
|              Node508              |   0.00   |    2     |    0.26 ( 0.00%)   |   -28754.58   |   59841.06    |    59837.03     |
|              Node359              |   0.00   |    2     |    0.25 ( 0.00%)   |   -28754.58   |   59841.06    |    59837.03     |
|              Node54               |   0.00   |    2     |    0.26 ( 0.00%)   |   -28754.58   |   59841.06    |    59837.03     |
|              Node549              |   0.00   |    2     |    0.26 ( 0.00%)   |   -28754.58   |   59841.06    |    59837.03     |
|              Node483              |   0.00   |    2     |    0.26 ( 0.00%)   |   -28754.58   |   59841.06    |    59837.03     |
|              Node506              |   0.00   |    2     |    0.25 ( 0.00%)   |   -28754.58   |   59841.06    |    59837.03     |
|              Node263              |   0.00   |    2     |    0.27 ( 0.00%)   |   -28754.58   |   59841.06    |    59837.03     |
|Sylvia_atricapilla_MTNR1C_SYLATR...|   0.00   |    2     |    0.25 ( 0.00%)   |   -28754.58   |   59841.06    |    59837.03     |
|              Node38               |   0.00   |    2     |    9.00 (50.00%)   |   -28754.58   |   59841.07    |    59837.03     |
|              Node283              |   0.00   |    2     |    0.26 ( 0.00%)   |   -28754.58   |   59841.06    |    59837.03     |
|              Node432              |   0.00   |    2     |    0.26 ( 0.00%)   |   -28754.58   |   59841.06    |    59837.03     |
|Picathartes_gymnocephalus_MTNR1C...|   0.00   |    2     |    0.26 ( 0.00%)   |   -28754.58   |   59841.06    |    59837.03     |
|              Node169              |   0.00   |    2     |    0.25 ( 0.00%)   |   -28754.58   |   59841.06    |    59837.03     |
|              Node321              |   0.00   |    2     |    0.25 ( 0.00%)   |   -28754.58   |   59841.06    |    59837.03     |
|Sylvia_borin_MTNR1C_SYLBOR_R0038...|   0.00   |    2     |    0.25 ( 0.00%)   |   -28754.58   |   59841.06    |    59837.03     |
|              Node296              |   0.00   |    2     |    0.25 ( 0.00%)   |   -28754.58   |   59841.06    |    59837.03     |
|              Node26               |   0.00   |    2     |    0.25 ( 0.00%)   |   -28754.58   |   59841.06    |    59837.03     |
|              Node535              |   0.00   |    2     |    0.25 ( 0.00%)   |   -28754.58   |   59841.06    |    59837.03     |
|              Node256              |   0.00   |    2     |    0.25 ( 0.00%)   |   -28754.58   |   59841.06    |    59837.03     |
|              Node414              |   0.00   |    2     |    0.24 ( 0.00%)   |   -28754.58   |   59841.06    |    59837.03     |
|              Node257              |   0.00   |    2     |    0.25 ( 0.00%)   |   -28754.58   |   59841.06    |    59837.03     |
|              Node258              |   0.00   |    2     |    0.25 ( 0.00%)   |   -28754.58   |   59841.06    |    59837.03     |
|              Node484              |   0.00   |    2     |    0.26 ( 0.00%)   |   -28754.58   |   59841.06    |    59837.03     |
|              Node486              |   0.00   |    2     |    0.25 ( 0.00%)   |   -28754.58   |   59841.06    |    59837.03     |
|              Node376              |   0.00   |    2     |    0.25 ( 0.00%)   |   -28754.58   |   59841.06    |    59837.03     |
|              Node453              |   0.00   |    2     |    0.25 ( 0.00%)   |   -28754.58   |   59841.06    |    59837.03     |
|Struthidea_cinerea_MTNR1C_STRCIN...|   0.00   |    2     |    0.25 ( 0.00%)   |   -28754.58   |   59841.06    |    59837.03     |
|Larus_smithsonianus_MTNR1C_LARSM...|   0.00   |    2     |   1.00 (100.00%)   |   -28754.93   |   59841.75    |    59837.03     |
|              Node422              |   0.00   |    2     |    0.25 ( 0.00%)   |   -28754.58   |   59841.06    |    59837.03     |
|              Node241              |   0.00   |    2     |    0.25 ( 0.00%)   |   -28754.58   |   59841.06    |    59837.03     |
|              Node240              |   0.00   |    2     |    0.25 ( 0.00%)   |   -28754.58   |   59841.06    |    59837.03     |
|              Node115              |   0.00   |    2     |    0.25 ( 0.00%)   |   -28754.58   |   59841.06    |    59837.03     |
|              Node407              |   0.00   |    2     |    0.25 ( 0.00%)   |   -28754.58   |   59841.06    |    59837.03     |
|              Node248              |   0.00   |    2     |    0.25 ( 0.00%)   |   -28754.58   |   59841.06    |    59837.03     |
|              Node301              |   0.00   |    2     |    0.25 ( 0.00%)   |   -28754.58   |   59841.06    |    59837.03     |
|              Node447              |   0.00   |    2     |    0.25 ( 0.00%)   |   -28754.58   |   59841.06    |    59837.03     |
|              Node378              |   0.00   |    2     |    0.25 ( 0.00%)   |   -28754.58   |   59841.06    |    59837.03     |
|Crypturellus_soui_MTNR1C_CRYSOU_...|   0.00   |    2     |   1.00 (100.00%)   |   -28754.70   |   59841.30    |    59837.03     |
|              Node429              |   0.00   |    2     |    0.25 ( 0.00%)   |   -28754.58   |   59841.06    |    59837.03     |
|              Node302              |   0.00   |    2     |    0.25 ( 0.00%)   |   -28754.58   |   59841.06    |    59837.03     |
|              Node305              |   0.00   |    2     |    0.24 ( 0.00%)   |   -28754.58   |   59841.06    |    59837.03     |
|              Node306              |   0.00   |    2     |    0.25 ( 0.00%)   |   -28754.58   |   59841.06    |    59837.03     |
|              Node117              |   0.00   |    2     |    0.25 ( 0.00%)   |   -28754.58   |   59841.06    |    59837.03     |
|              Node421              |   0.00   |    2     |    0.25 ( 0.00%)   |   -28754.58   |   59841.06    |    59837.03     |
|              Node319              |   0.00   |    2     |    0.25 ( 0.00%)   |   -28754.58   |   59841.06    |    59837.03     |
|Chaetorhynchus_papuensis_MTNR1C_...|   0.00   |    2     |    0.25 ( 0.00%)   |   -28754.58   |   59841.06    |    59837.03     |
|              Node412              |   0.00   |    2     |    0.25 ( 0.00%)   |   -28754.58   |   59841.06    |    59837.03     |
|              Node322              |   0.00   |    2     |    0.25 ( 0.00%)   |   -28754.58   |   59841.06    |    59837.03     |
|              Node326              |   0.00   |    2     |    0.25 ( 0.00%)   |   -28754.58   |   59841.06    |    59837.03     |
|              Node113              |   0.00   |    2     |    0.25 ( 0.00%)   |   -28754.58   |   59841.06    |    59837.03     |
|              Node400              |   0.00   |    2     |    0.25 ( 0.00%)   |   -28754.58   |   59841.06    |    59837.03     |
|              Node379              |   0.00   |    2     |    0.24 ( 0.00%)   |   -28754.58   |   59841.06    |    59837.03     |
|              Node304              |   0.00   |    2     |    0.25 ( 0.00%)   |   -28754.58   |   59841.06    |    59837.03     |
|              Node155              |   0.00   |    2     |    0.25 ( 0.00%)   |   -28754.58   |   59841.06    |    59837.03     |
|              Node487              |   0.00   |    2     |    0.26 ( 0.00%)   |   -28754.58   |   59841.06    |    59837.03     |
|              Node163              |   0.00   |    2     |    0.25 ( 0.00%)   |   -28754.58   |   59841.06    |    59837.03     |
|              Node90               |   0.00   |    2     |    0.25 ( 0.00%)   |   -28754.58   |   59841.06    |    59837.03     |
|              Node111              |   0.00   |    2     |    0.25 ( 0.00%)   |   -28754.58   |   59841.06    |    59837.03     |
|Loxia_leucoptera_MTNR1C_LOXLEU_R...|   0.00   |    2     |    0.25 ( 0.00%)   |   -28754.58   |   59841.06    |    59837.03     |
|              Node116              |   0.00   |    2     |    0.24 ( 0.00%)   |   -28754.58   |   59841.06    |    59837.03     |
|              Node58               |   0.00   |    2     |    0.24 ( 0.00%)   |   -28754.53   |   59840.96    |    59837.03     |
|              Node324              |   0.00   |    2     |    0.25 ( 0.00%)   |   -28754.58   |   59841.06    |    59837.03     |
|              Node375              |   0.00   |    2     |    0.26 ( 0.00%)   |   -28754.58   |   59841.06    |    59837.03     |
|              Node259              |   0.00   |    2     |    0.25 ( 0.00%)   |   -28754.58   |   59841.06    |    59837.03     |
|              Node308              |   0.00   |    2     |    0.25 ( 0.00%)   |   -28754.58   |   59841.06    |    59837.03     |
|              Node377              |   0.00   |    2     |    0.25 ( 0.00%)   |   -28754.58   |   59841.06    |    59837.03     |
|              Node485              |   0.00   |    2     |    0.25 ( 0.00%)   |   -28754.58   |   59841.06    |    59837.03     |
|              Node210              |   0.00   |    2     |    0.25 ( 0.00%)   |   -28754.58   |   59841.06    |    59837.03     |
|              Node500              |   0.00   |    2     |    0.25 ( 0.00%)   |   -28754.58   |   59841.06    |    59837.03     |
|              Node518              |   0.00   |    2     |    0.24 ( 0.00%)   |   -28754.58   |   59841.06    |    59837.03     |
|              Node123              |   0.00   |    2     |    0.25 ( 0.00%)   |   -28754.58   |   59841.06    |    59837.03     |
|              Node120              |   0.00   |    2     |    0.25 ( 0.00%)   |   -28754.58   |   59841.06    |    59837.03     |
|              Node85               |   0.00   |    2     |    0.25 ( 0.00%)   |   -28754.58   |   59841.06    |    59837.03     |
|              Node477              |   0.00   |    2     |    0.26 ( 0.00%)   |   -28754.58   |   59841.06    |    59837.03     |
|Centropus_bengalensis_MTNR1C_CEN...|   0.00   |    2     |    0.25 ( 0.00%)   |   -28754.58   |   59841.06    |    59837.03     |
|              Node404              |   0.00   |    2     |    0.25 ( 0.00%)   |   -28754.58   |   59841.06    |    59837.03     |
|              Node415              |   0.00   |    2     |    0.26 ( 0.00%)   |   -28754.58   |   59841.06    |    59837.03     |
|Spheniscus_demersus_MTNR1C_FQV21...|   0.00   |    2     |    0.25 ( 2.00%)   |   -28754.58   |   59841.06    |    59837.03     |
|              Node24               |   0.00   |    2     |    0.25 ( 2.00%)   |   -28754.58   |   59841.06    |    59837.03     |
|Spheniscus_humboldti_MTNR1C_FQV2...|   0.00   |    2     |    0.25 ( 2.00%)   |   -28754.58   |   59841.06    |    59837.03     |
|              Node16               |   0.00   |    2     |    0.25 ( 2.00%)   |   -28754.58   |   59841.06    |    59837.03     |
|Spheniscus_mendiculus_MTNR1C_FQV...|   0.00   |    2     |    0.25 ( 2.00%)   |   -28754.58   |   59841.06    |    59837.03     |
|Spheniscus_magellanicus_MTNR1C_F...|   0.00   |    2     |    0.25 ( 2.00%)   |   -28754.58   |   59841.06    |    59837.03     |
|Eudyptula_novaehollandiae_MTNR1C...|   0.00   |    2     |    0.25 ( 2.00%)   |   -28754.58   |   59841.06    |    59837.03     |
|Nothoprocta_pentlandii_MTNR1C_NO...|   0.00   |    2     |    0.25 ( 2.00%)   |   -28754.58   |   59841.06    |    59837.03     |
|Eudyptula_minor_MTNR1C_FQV19_001...|   0.00   |    2     |    0.25 ( 2.00%)   |   -28754.58   |   59841.06    |    59837.03     |
|Pygoscelis_antarcticus_MTNR1C_FQ...|   0.00   |    2     |    0.25 ( 2.00%)   |   -28754.58   |   59841.06    |    59837.03     |
|              Node37               |   0.00   |    2     |    0.25 ( 2.00%)   |   -28754.58   |   59841.06    |    59837.03     |
|Eudyptula_albosignata_MTNR1C_FQV...|   0.00   |    2     |    0.25 ( 2.00%)   |   -28754.58   |   59841.06    |    59837.03     |
|Nothoprocta_ornata_MTNR1C_NOTORN...|   0.00   |    2     |    0.25 ( 2.00%)   |   -28754.58   |   59841.06    |    59837.03     |
|Certhia_familiaris_MTNR1C_CERFAM...|   0.00   |    2     |    0.25 ( 2.00%)   |   -28754.58   |   59841.06    |    59837.03     |

### Rate class analyses summary
*  492 branches with **1** rate classes
*  39 branches with **2** rate classes
*  1 branches with **3** rate classes

### Annotated Tree
((Xenopus_laevis_MTNR1C_Mel1CR{2},Xenopus_laevis_MTNR1C_108698430{1})Node2{1},Nanorana_parkeri_MTNR1C_108783900{2},(((((Probosciger_aterrimus_MTNR1C_PROATE_R04090{1},Eolophus_roseicapilla_MTNR1C_EOLROS_R05093{1})Node10{1},(Amazona_aestiva_MTNR1C_AAES_23638{1},Amazona_guildingii_MTNR1C_AMAGUI_R00472{1})Node13{1})Node9{2},(((((Casuarius_casuarius_MTNR1C_CASCAS_R10656{1},Dromaius_novaehollandiae_MTNR1C_112997224{1})Node20{1},((Eudromia_elegans_MTNR1C_EUDELE_R13198{1},(Nothocercus_nigrocapillus_MTNR1C_NOTNIG_R10004{1},Nothocercus_julius_MTNR1C_NOTJUL_R01539{1})Node26{1})Node24{1},((Crypturellus_undulatus_MTNR1C_CRYUND_R03921{1},Crypturellus_soui_MTNR1C_CRYSOU_R11372{1})Node30{1},(Nothoprocta_ornata_MTNR1C_NOTORN_R13134{1},Nothoprocta_pentlandii_MTNR1C_NOTPEN_R03154{1})Node33{1})Node29{1})Node23{1})Node19{1},(((Anseranas_semipalmata_MTNR1C_ANSSEM_R03977{1},((Penelope_pileata_MTNR1C_PENPIL_R10490{1},(Odontophorus_gujanensis_MTNR1C_ODOGUJ_R11098{1},(Gallus_gallus_MTNR1C_Mel1CR{1},Meleagris_gallopavo_MTNR1C_100547793{2})Node45{1})Node43{1})Node41{2},Alectura_lathami_MTNR1C_ALELAT_R02773{1})Node40{1})Node38{1},Chauna_torquata_MTNR1C_CHATOR_R00676{1})Node37{1},Asarcornis_scutulata_MTNR1C_ASASCU_R08012{2})Node36{1})Node18{1},(Merops_nubicus_MTNR1C_103779608{1},((Brachypteracias_leptosomus_MTNR1C_BRALEP_R03096{1},Eurystomus_gularis_MTNR1C_EURGUL_R03289{1})Node560{1},(Todus_mexicanus_MTNR1C_TODMEX_R00614{1},(((Chloroceryle_aenea_MTNR1C_CHLAEN_R03401{1},Ceyx_cyanopectus_MTNR1C_CEYCYA_R03376{1})Node567{1},Halcyon_senegalensis_MTNR1C_HALSEN_R03751{1})Node566{1},Baryphthengus_martii_MTNR1C_BARMAR_R05987{1})Node565{1})Node563{1})Node559{1})Node557{1},((((Geococcyx_californianus_MTNR1C_GEOCAL_R07724{1},Crotophaga_sulcirostris_MTNR1C_CROSUL_R00386{1})Node537{1},((Centropus_unirufus_MTNR1C_CENUNI_R10180{1},Centropus_bengalensis_MTNR1C_CENBEN_R13935{1})Node541{1},(Piaya_cayana_MTNR1C_PIACAY_R01560{1},Ceuthmochares_aereus_MTNR1C_CEUAER_R02637{1})Node544{1})Node540{1})Node536{1},(((Circaetus_pectoralis_MTNR1C_CIRPEC_R10086{1},Haliaeetus_albicilla_MTNR1C_HALALB_R14947{1})Node549{1},Spizaetus_tyrannus_MTNR1C_SPITYR_R01288{1})Node548{1},Pandion_haliaetus_MTNR1C_PANHAL_R01092{1})Node547{1})Node535{1},(Chunga_burmeisteri_MTNR1C_CHUBUR_R11754{2},Herpetotheres_cachinnans_MTNR1C_HERCAC_R05341{1})Node554{1})Node534{1},((((((Dryoscopus_gambensis_MTNR1C_DRYGAM_R08281{1},((Gymnorhina_tibicen_MTNR1C_GYMTIB_R14417{1},Mystacornis_crossleyi_MTNR1C_MYSCRO_R10319{1})Node241{1},Platysteira_castanea_MTNR1C_DYACAS_R11541{1})Node240{1},Rhagologus_leucostigma_MTNR1C_RHALEU_R12674{1})Node238{1},((Lanius_ludovicianus_MTNR1C_LANLUD_R00462{1},Edolisoma_coerulescens_MTNR1C_EDOCOE_R01170{1})Node460{1},(((Catharus_fuscescens_MTNR1C_CATFUS_R11229{1},((Regulus_satrapa_MTNR1C_REGSAT_R08742{1},(((Anthoscopus_minutus_MTNR1C_ANTMIN_R10770{1},((Picathartes_gymnocephalus_MTNR1C_PICGYM_R11787{1},Cnemophilus_loriae_MTNR1C_CNELOR_R11626{1})Node309{1},Melanocharis_versteri_MTNR1C_MELVER_R02964{1})Node308{1})Node306{1},Urocynchramus_pylzowi_MTNR1C_UROPYL_R08952{1})Node305{1},Leptocoma_aspasia_MTNR1C_LEPASP_R08054{1})Node304{1})Node302{1},(Chloropsis_hardwickii_MTNR1C_CHLHAR_R08029{1},Chloropsis_cyanopogon_MTNR1C_CHLCYA_R07259{1})Node315{1})Node301{1},(((((((((Toxostoma_redivivum_MTNR1C_TOXRED_R11727{1},Buphagus_erythrorhynchus_MTNR1C_BUPERY_R06720{1},Turdus_rufiventris_MTNR1C_TURU_102679{1})Node263{1},Leucopsar_rothschildi_MTNR1C_LEUROT_R10000{1})Node262{1},Rhabdornis_inornatus_MTNR1C_RHAINO_R15092{2})Node261{1},(((Erithacus_rubecula_MTNR1C_ERIRUB_R10157{2},Oenanthe_oenanthe_MTNR1C_OENOEN_R07097{1})Node272{1},(Cercotrichas_coryphoeus_MTNR1C_CERCOR_R05555{1},Copsychus_sechellarum_MTNR1C_COPSEC_R03756{1})Node275{1})Node271{1},Cinclus_mexicanus_MTNR1C_CINMEX_R04765{1})Node270{1})Node260{1},(Certhia_brachydactyla_MTNR1C_CERBRA_R09408{1},Certhia_familiaris_MTNR1C_CERFAM_R04208{1})Node279{2})Node259{1},Elachura_formosa_MTNR1C_ELAFOR_R12574{2})Node258{1},(Polioptila_caerulea_MTNR1C_POLCAE_R09037{1},Thryothorus_ludovicianus_MTNR1C_THRLUD_R01583{1})Node283{1})Node257{1},((Pomatostomus_ruficeps_MTNR1C_POSRUF_R08565{1},((Dasyornis_broadbenti_MTNR1C_DASBRO_R00032{1},Origma_solitaria_MTNR1C_ORISOL_R00796{1})Node290{1},Pardalotus_punctatus_MTNR1C_PARPUN_R05933{1})Node289{1})Node287{1},Ptilorrhoa_leucosticta_MTNR1C_PTILEU_R13852{1})Node286{1})Node256{1},(Sitta_europaea_MTNR1C_SITEUR_R01923{1},Tichodroma_muraria_MTNR1C_TICMUR_R01090{1})Node296{1},Promerops_cafer_MTNR1C_PROCAF_R11894{2})Node255{1},Phainopepla_nitens_MTNR1C_PHANIT_R00293{1})Node252{1},(Bombycilla_garrulus_MTNR1C_BOMGAR_R03312{1},(((Hypocryptadius_cinnamomeus_MTNR1C_HYPCIN_R05032{1},Dicaeum_eximium_MTNR1C_DICEXI_R04528{1})Node400{1},((((Hylia_prasina_MTNR1C_HYLPRA_R09038{1},(((((Illadopsis_cleaveri_MTNR1C_ILLCLE_R03869{1},(((Leiothrix_lutea_MTNR1C_LEILUT_R01277{1},(Cisticola_juncidis_MTNR1C_CISJUN_R09510{1},(Aegithalos_caudatus_MTNR1C_AEGCAU_R05887{1},Alaudala_cheleensis_MTNR1C_ALACHE_R07321{1})Node341{1})Node339{1})Node337{1},Sinosuthora_webbiana_MTNR1C_SINWEB_R02263{1})Node336{2},(Sylvia_atricapilla_MTNR1C_SYLATR_R03915{1},Sylvia_borin_MTNR1C_SYLBOR_R00389{1})Node345{1})Node335{1},((Sterrhoptilus_dennistouni_MTNR1C_STEDEN_R10291{1},Zosterops_hypoxanthus_MTNR1C_ZOSHYP_R11793{1})Node349{1},Pomatorhinus_ruficollis_MTNR1C_PORRUF_R03884{1})Node348{1})Node333{1},(Brachypodius_atriceps_MTNR1C_BRAATR_R11973{1},Pycnonotus_jocosus_MTNR1C_PYCJOC_R09091{1})Node354{1})Node332{1},Oxylabes_madagascariensis_MTNR1C_OXYMAD_R05265{1})Node331{1},Locustella_ochotensis_MTNR1C_LOCOCH_R11176{1})Node330{1},(((Cettia_cetti_MTNR1C_CETCET_R06983{2},Horornis_vulcanius_MTNR1C_HORVUL_R07519{1})Node361{1},Erythrocercus_mccallii_MTNR1C_ERYMCC_R04342{1})Node360{1},(Sylvietta_virens_MTNR1C_SYLVIR_R00165{2},Rhadina_sibilatrix_MTNR1C_RHASIB_R03396{1})Node365{1})Node359{1})Node329{1},Donacobius_atricapilla_MTNR1C_DONATR_R03403{1})Node327{1},(Acrocephalus_arundinaceus_MTNR1C_ACRARU_R01347{1},Hippolais_icterina_MTNR1C_HIPICT_R00636{1})Node370{1})Node326{1},((((((((Setophaga_kirtlandii_MTNR1C_SETKIR_R09028{2},Spizella_passerina_MTNR1C_SPIPAS_R03292{1})Node380{1},Emberiza_fucata_MTNR1C_EMBFUC_R02535{1})Node379{1},((Cardinalis_cardinalis_MTNR1C_CARCAR_R13236{1},Pheucticus_melanocephalus_MTNR1C_PHEMEL_R00796{1})Node385{1},Passerina_amoena_MTNR1C_PASAMO_R09319{1})Node384{1})Node378{1},Calcarius_ornatus_MTNR1C_CALORN_R07236{1})Node377{1},Quiscalus_mexicanus_MTNR1C_QUIMEX_R10392{1})Node376{1},Rhodinocichla_rosea_MTNR1C_RHOROS_R01657{1})Node375{1},Nesospiza_acunhae_MTNR1C_NESACU_R06799{1})Node374{1},(Loxia_curvirostra_MTNR1C_LOXCUR_R05768{1},Loxia_leucoptera_MTNR1C_LOXLEU_R09732{1})Node393{1})Node373{1})Node325{1},(Prunella_fulvescens_MTNR1C_PRUFUL_R04394{1},Prunella_himalayana_MTNR1C_PRUHIM_R03034{1})Node396{1})Node324{1},Motacilla_alba_MTNR1C_MOTALB_R02060{1})Node322{1},((Peucedramus_taeniatus_MTNR1C_PEUTAE_R06035{1},Irena_cyanogastra_MTNR1C_IRECYA_R03399{1})Node404{1},(Panurus_biarmicus_MTNR1C_PANBIA_R00544{2},Nicator_chloris_MTNR1C_NICCHL_R00529{1})Node407{1})Node403{1})Node321{1},Ploceus_nigricollis_MTNR1C_PLONIG_R12343{1})Node319{1})Node251{1},(Chaetops_frenatus_MTNR1C_CHAFRE_R08627{1},((Notiomystis_cincta_MTNR1C_NOTCIN_R00649{1},Callaeas_wilsoni_MTNR1C_CALWIL_R07018{1})Node415{1},(Drymodes_brunneopygia_MTNR1C_DRYBRU_R08824{1},Malurus_elegans_MTNR1C_MALELE_R01508{1})Node418{1})Node414{1})Node412{1})Node250{1},((((Ptilonorhynchus_violaceus_MTNR1C_PTIVIO_R08219{1},Climacteris_rufus_MTNR1C_CLIRUF_R04718{2})Node424{1},Mohoua_ochrocephala_MTNR1C_MOHOCH_R08330{1})Node423{1},((Chaetorhynchus_papuensis_MTNR1C_CHAPAP_R08584{1},Myiagra_hebetior_MTNR1C_MYIHEB_R00567{1})Node453{1},(((Vireo_altiloquus_MTNR1C_VIRALT_R06153{1},Erpornis_zantholeuca_MTNR1C_ERPZAN_R11354{1})Node434{1},(Pteruthius_melanotis_MTNR1C_PTEMEL_R00710{1},Eulacestoma_nigropectus_MTNR1C_EULNIG_R11246{1},Oreocharis_arfaki_MTNR1C_OREARF_R02050{1})Node437{1})Node433{1},(Orthonyx_spaldingii_MTNR1C_ORTSPA_R11051{1},Rhipidura_dahli_MTNR1C_RHIDAH_R12436{1})Node442{1})Node432{1},Ifrita_kowaldi_MTNR1C_IFRKOW_R09145{1},((Struthidea_cinerea_MTNR1C_STRCIN_R11259{1},Pachycephala_philippinensis_MTNR1C_PACPHI_R01748{1})Node448{1},Dicrurus_megarhynchus_MTNR1C_DICMEG_R06949{1})Node447{1},Aphelocoma_coerulescens_MTNR1C_APHCOE_R10643{1})Node429{1},Oriolus_oriolus_MTNR1C_ORIORI_R06546{1},Daphoenositta_chrysoptera_MTNR1C_DAPCHR_R11008{1})Node422{1},Machaerirhynchus_nigripectus_MTNR1C_MACNIG_R09389{2})Node421{1})Node248{1},(Falcunculus_frontatus_MTNR1C_FALFRO_R03464{1},Aleadryas_rufinucha_MTNR1C_ALERUF_R10562{1})Node463{1})Node237{1},(Menura_novaehollandiae_MTNR1C_MENNOV_R12878{1},Atrichornis_clamosus_MTNR1C_ATRCLA_R09824{2})Node466{1})Node236{1},(((Pitta_sordida_MTNR1C_PITSOR_R13760{1},(Serilophus_lunatus_MTNR1C_SERLUN_R01904{1},Neodrepanis_coruscans_MTNR1C_NEOCOR_R05594{1})Node473{1})Node471{1},((Calyptomena_viridis_MTNR1C_CALVIR_R03256{1},Smithornis_capensis_MTNR1C_SMICAP_R08790{1})Node477{1},Sapayoa_aenigma_MTNR1C_SAPAEN_R09291{1})Node476{1})Node470{1},(((((((Cephalopterus_ornatus_MTNR1C_CEPORN_R06221{1},Mionectes_macconnelli_MTNR1C_MIOMAC_R12085{2})Node487{1},((Tyrannus_savana_MTNR1C_TYRSAV_R03428{1},Pachyramphus_minor_MTNR1C_PACMIN_R13680{2})Node491{1},Neopipo_cinnamomea_MTNR1C_NEOCIN_R06502{1})Node490{1})Node486{1},Tachuris_rubrigastra_MTNR1C_TACRUB_R04889{1})Node485{1},Piprites_chloris_MTNR1C_PIPCHL_R06854{1})Node484{1},Manacus_vitellinus_MTNR1C_N305_05451{1},Pitangus_sulphuratus_MTNR1C_BTVI_83250{1})Node483{1},(Oxyruncus_cristatus_MTNR1C_OXYCRI_R07738{1},Onychorhynchus_coronatus_MTNR1C_ONYCOR_R00141{1})Node500{1})Node482{1},((Grallaria_varia_MTNR1C_GRAVAR_R00214{1},((((Campylorhamphus_procurvoides_MTNR1C_CAMPRO_R08046{1},Xiphorhynchus_elegans_MTNR1C_XIPELE_R06815{1})Node509{1},Furnarius_figulus_MTNR1C_FURFIG_R12106{1})Node508{1},Sclerurus_mexicanus_MTNR1C_SCLMEX_R02034{1})Node507{1},Sakesphorus_luctuosus_MTNR1C_SAKLUC_R09460{1})Node506{1})Node504{1},Scytalopus_superciliaris_MTNR1C_SCYSUP_R12251{1})Node503{1})Node481{1})Node469{1})Node235{1},Acanthisitta_chloris_MTNR1C_103808916{1})Node234{1},((Fregata_magnificens_MTNR1C_FREMAG_R13177{1},(Psophia_crepitans_MTNR1C_PSOCRE_R11975{2},Aramus_guarauna_MTNR1C_ARAGUA_R13877{1})Node231{1})Node229{1},(Thalassarche_chlororhynchos_MTNR1C_THACHL_R03841{1},((Phoenicopterus_ruber_ruber_MTNR1C_N337_04698{1},(Podilymbus_podiceps_MTNR1C_PODPOD_R01634{1},Podiceps_cristatus_MTNR1C_N338_04062{1})Node203{2})Node201{1},(((Ciconia_maguari_MTNR1C_CICMAG_R07692{1},(((Phalacrocorax_carbo_MTNR1C_104045342{1},((Anhinga_anhinga_MTNR1C_ANHANH_R13456{1},Anhinga_rufa_MTNR1C_ANHRUF_R09109{1})Node124{1},Sula_dactylatra_MTNR1C_SULDAC_R12892{1})Node123{1})Node121{1},((Chionis_minor_MTNR1C_CHIMIN_R11172{1},Pluvianellus_socialis_MTNR1C_PLUSOC_R08321{1})Node129{1},Burhinus_bistriatus_MTNR1C_BURBIS_R12300{1})Node128{1})Node120{1},Sagittarius_serpentarius_MTNR1C_SAGSER_R11407{1})Node119{1},Oceanodroma_tethys_MTNR1C_HYDTET_R10591{1})Node117{1},(Eurypyga_helias_MTNR1C_104505358{1},Rhynochetos_jubatus_MTNR1C_RHYJUB_R09029{1})Node136{1})Node116{1},(Ardeotis_kori_MTNR1C_ARDKOR_R10260{1},Lophotis_ruficrista_MTNR1C_LOPRUF_R13661{1})Node139{1})Node115{1},((Pygoscelis_papua_MTNR1C_KCX85_0007764{1},Pygoscelis_antarcticus_MTNR1C_FQV08_0013886{1})Node144{1},(((Megadyptes_antipodes_antipodes_MTNR1C_FQV17_0013555{1},Eudyptes_chrysolophus_MTNR1C_FQV09_0006691{1})Node163{1},(Eudyptula_albosignata_MTNR1C_FQV20_0014117{1},Eudyptula_minor_MTNR1C_FQV19_0011282{1},Eudyptula_novaehollandiae_MTNR1C_FQV18_0013487{1})Node157{1},Eudyptes_schlegeli_MTNR1C_FQV10_0008431{1})Node155{1},Spheniscus_magellanicus_MTNR1C_FQV22_0004697{1},Spheniscus_demersus_MTNR1C_FQV21_0015846{1},Spheniscus_humboldti_MTNR1C_FQV23_0001221{1},Spheniscus_mendiculus_MTNR1C_FQV24_0006801{1})Node147{1})Node143{1},(((Fregetta_grallaria_MTNR1C_FREGRA_R11631{1},Oceanites_oceanicus_MTNR1C_OCEOCE_R10434{1})Node187{1},(Scopus_umbretta_MTNR1C_SCOUMB_R07445{1},(Glaucidium_brasilianum_MTNR1C_GLABRA_R02568{3},Ciccaba_nigrolineata_MTNR1C_CICNIG_R09197{2})Node171{1},Phaethon_lepturus_MTNR1C_104620115{1})Node169{1},((Nyctibius_bracteatus_MTNR1C_NYCBRA_R07928{2},Nyctibius_grandis_MTNR1C_NYCGRA_R01597{1})Node177{1},(Bucco_capensis_MTNR1C_BUCCAP_R01927{2},(Pterocles_gutturalis_MTNR1C_104462321{1},(Syrrhaptes_paradoxus_MTNR1C_SYRPAR_R05646{1},Pterocles_burchelli_MTNR1C_PTEBUR_R01735{1})Node184{1})Node182{1})Node180{1})Node176{1})Node167{1},(((Aegotheles_bennettii_MTNR1C_AEGBEN_R00097{2},Hemiprocne_comata_MTNR1C_HEMCOM_R08937{1})Node192{1},Steatornis_caripensis_MTNR1C_STECAR_R03122{1})Node191{1},(Heliornis_fulica_MTNR1C_HELFUL_R11805{1},(Atlantisia_rogersi_MTNR1C_ATLROG_R13271{1},Zapornia_atra_MTNR1C_ZAPATR_R04509{1})Node198{1})Node196{1})Node190{1})Node166{1})Node113{1},(((Corythaeola_cristata_MTNR1C_CORCRI_R05971{2},Corythaixoides_concolor_MTNR1C_CORCON_R05112{1})Node224{2},(Nyctiprogne_leucopyga_MTNR1C_NYCLEU_R01939{1},Chordeiles_acutipennis_MTNR1C_CHOACU_R04878{1})Node220{1},Cathartes_aura_MTNR1C_N323_11549{1})Node218{1},(Fulmarus_glacialis_MTNR1C_104072368{1},(Pelecanoides_urinatrix_MTNR1C_PELURI_R07983{1},Calonectris_borealis_MTNR1C_CALBOR_R12984{1})Node210{1})Node208{1},((Balaeniceps_rex_MTNR1C_BALREX_R04836{1},Pelecanus_crispus_MTNR1C_104031807{2})Node214{1},Mesembrinibis_cayennensis_MTNR1C_MESCAY_R07265{1})Node213{1})Node206{1})Node111{1},Cochlearius_cochlearius_MTNR1C_COCCOC_R04839{1})Node109{1},((Galbula_dea_MTNR1C_GALDEA_R01995{1},Turnix_velox_MTNR1C_TURVEL_R05237{1})Node106{1},(Caloenas_nicobarica_MTNR1C_CALNIC_R08111{1},(Columbina_picui_MTNR1C_COLPIC_R04953{1},Alopecoenas_beccarii_MTNR1C_ALOBEC_R02399{1})Node102{1})Node100{1},Bucorvus_abyssinicus_MTNR1C_BUCABY_R07081{1})Node98{1},(Podargus_strigoides_MTNR1C_PODSTR_R09199{1},((((Uria_aalge_MTNR1C_URIAAL_R00332{1},Alca_torda_MTNR1C_ALCTOR_R09240{1})Node63{1},Cepphus_grylle_MTNR1C_CEPGRY_R00871{2})Node62{1},Stercorarius_parasiticus_MTNR1C_STEPAR_R04732{1},((Rynchops_niger_MTNR1C_RYNNIG_R13984{1},(Larus_smithsonianus_MTNR1C_LARSMI_R12970{1},Chroicocephalus_maculipennis_MTNR1C_CHRMAC_R10768{1})Node72{1})Node70{1},Phaetusa_simplex_MTNR1C_PHASIM_R10231{1})Node69{1})Node61{1},(((Glareola_pratincola_MTNR1C_GLAPRA_R01004{1},Rhinoptilus_africanus_MTNR1C_RHIAFR_R07720{1})Node78{1},Dromas_ardeola_MTNR1C_DROARD_R12477{1})Node77{2},(((Jacana_jacana_MTNR1C_JACJAC_R11359{1},(Rostratula_benghalensis_MTNR1C_ROSBEN_R04972{1},Nycticryphes_semicollaris_MTNR1C_NYCSEM_R11072{1})Node87{1})Node85{1},(Thinocorus_orbignyianus_MTNR1C_THIORB_R13904{1},Pedionomus_torquatus_MTNR1C_PEDTOR_R11479{1})Node90{1})Node84{1},Arenaria_interpres_MTNR1C_AREINT_R03273{1})Node83{1},(Himantopus_himantopus_MTNR1C_HIMHIM_R08372{1},Ibidorhyncha_struthersii_MTNR1C_IBISTR_R09485{1})Node94{1})Node76{1})Node60{1})Node58{1},Urocolius_indicus_MTNR1C_UROIND_R09066{1})Node54{1},((Trogon_melanurus_MTNR1C_TROMEL_R06627{1},(((((Eubucco_bourcierii_MTNR1C_EUBBOU_R11959{1},Ramphastos_sulfuratus_MTNR1C_RAMSUL_R04747{2})Node524{1},Semnornis_frantzii_MTNR1C_SEMFRA_R04702{1})Node523{1},Psilopogon_haemacephalus_MTNR1C_PSIHAE_R06903{1})Node522{1},Tricholaema_leucomelas_MTNR1C_TRILEU_R09004{1})Node521{1},Indicator_maculatus_MTNR1C_INDMAC_R13328{2})Node520{1})Node518{1},(Upupa_epops_MTNR1C_UPUEPO_R05627{1},Rhinopomastus_cyanomelas_MTNR1C_RHICYA_R03705{1})Node531{1})Node517{1})Node17{1},Oreotrochilus_melanogaster_MTNR1C_OREMEL_R08458{1})Node16{1})Node8{2},Chelonoidis_abingdonii_MTNR1C_116818509{1})Node7{2},Gekko_japonicus_MTNR1C_107115720{2})Node6{2})

----

```
 |Xenopus_laevis_MTNR1C_Mel1CR (2)
|+Node2 (1)
||Xenopus_laevis_MTNR1C_108698430 (1)
|Nanorana_parkeri_MTNR1C_108783900 (2)
|    |Probosciger_aterrimus_MTNR1C_PROATE_R04090 (1)
|   |+Node10 (1)
|   ||Eolophus_roseicapilla_MTNR1C_EOLROS_R05093 (1)
|  |+Node9 (2)
|  |||Amazona_aestiva_MTNR1C_AAES_23638 (1)
|  ||+Node13 (1)
|  | |Amazona_guildingii_MTNR1C_AMAGUI_R00472 (1)
| |+Node8 (2)
| ||    |Casuarius_casuarius_MTNR1C_CASCAS_R10656 (1)
| ||   |+Node20 (1)
| ||   ||Dromaius_novaehollandiae_MTNR1C_112997224 (1)
| ||  |+Node19 (1)
| ||  || |Eudromia_elegans_MTNR1C_EUDELE_R13198 (1)
| ||  |||+Node24 (1)
| ||  |||||Nothocercus_nigrocapillus_MTNR1C_NOTNIG_R10004 (1)
| ||  ||||+Node26 (1)
| ||  ||| |Nothocercus_julius_MTNR1C_NOTJUL_R01539 (1)
| ||  ||+Node23 (1)
| ||  | | |Crypturellus_undulatus_MTNR1C_CRYUND_R03921 (1)
| ||  | ||+Node30 (1)
| ||  | |||Crypturellus_soui_MTNR1C_CRYSOU_R11372 (1)
| ||  | |+Node29 (1)
| ||  |  ||Nothoprocta_ornata_MTNR1C_NOTORN_R13134 (1)
| ||  |  |+Node33 (1)
| ||  |   |Nothoprocta_pentlandii_MTNR1C_NOTPEN_R03154 (1)
| || |+Node18 (1)
| || ||  |Anseranas_semipalmata_MTNR1C_ANSSEM_R03977 (1)
| || || |+Node38 (1)
| || || || |Penelope_pileata_MTNR1C_PENPIL_R10490 (1)
| || || |||+Node41 (2)
| || || |||||Odontophorus_gujanensis_MTNR1C_ODOGUJ_R11098 (1)
| || || ||||+Node43 (1)
| || || ||| ||Gallus_gallus_MTNR1C_Mel1CR (1)
| || || ||| |+Node45 (1)
| || || |||  |Meleagris_gallopavo_MTNR1C_100547793 (2)
| || || ||+Node40 (1)
| || || | |Alectura_lathami_MTNR1C_ALELAT_R02773 (1)
| || |||+Node37 (1)
| || ||||Chauna_torquata_MTNR1C_CHATOR_R00676 (1)
| || ||+Node36 (1)
| || | |Asarcornis_scutulata_MTNR1C_ASASCU_R08012 (2)
| || ||Merops_nubicus_MTNR1C_103779608 (1)
| || |+Node557 (1)
| || || |Brachypteracias_leptosomus_MTNR1C_BRALEP_R03096 (1)
| || |||+Node560 (1)
| || ||||Eurystomus_gularis_MTNR1C_EURGUL_R03289 (1)
| || ||+Node559 (1)
| || | ||Todus_mexicanus_MTNR1C_TODMEX_R00614 (1)
| || | |+Node563 (1)
| || |  |  |Chloroceryle_aenea_MTNR1C_CHLAEN_R03401 (1)
| || |  | |+Node567 (1)
| || |  | ||Ceyx_cyanopectus_MTNR1C_CEYCYA_R03376 (1)
| || |  ||+Node566 (1)
| || |  |||Halcyon_senegalensis_MTNR1C_HALSEN_R03751 (1)
| || |  |+Node565 (1)
| || |   |Baryphthengus_martii_MTNR1C_BARMAR_R05987 (1)
| |||+Node17 (1)
| ||||   |Geococcyx_californianus_MTNR1C_GEOCAL_R07724 (1)
| ||||  |+Node537 (1)
| ||||  ||Crotophaga_sulcirostris_MTNR1C_CROSUL_R00386 (1)
| |||| |+Node536 (1)
| |||| || |Centropus_unirufus_MTNR1C_CENUNI_R10180 (1)
| |||| |||+Node541 (1)
| |||| ||||Centropus_bengalensis_MTNR1C_CENBEN_R13935 (1)
| |||| ||+Node540 (1)
| |||| | ||Piaya_cayana_MTNR1C_PIACAY_R01560 (1)
| |||| | |+Node544 (1)
| |||| |  |Ceuthmochares_aereus_MTNR1C_CEUAER_R02637 (1)
| |||||+Node535 (1)
| ||||||  |Circaetus_pectoralis_MTNR1C_CIRPEC_R10086 (1)
| |||||| |+Node549 (1)
| |||||| ||Haliaeetus_albicilla_MTNR1C_HALALB_R14947 (1)
| |||||||+Node548 (1)
| ||||||||Spizaetus_tyrannus_MTNR1C_SPITYR_R01288 (1)
| ||||||+Node547 (1)
| ||||| |Pandion_haliaetus_MTNR1C_PANHAL_R01092 (1)
| ||||+Node534 (1)
| ||||||Chunga_burmeisteri_MTNR1C_CHUBUR_R11754 (2)
| |||||+Node554 (1)
| |||| |Herpetotheres_cachinnans_MTNR1C_HERCAC_R05341 (1)
| ||||     |Dryoscopus_gambensis_MTNR1C_DRYGAM_R08281 (1)
| ||||    |+Node238 (1)
| ||||    || |Gymnorhina_tibicen_MTNR1C_GYMTIB_R14417 (1)
| ||||    |||+Node241 (1)
| ||||    ||||Mystacornis_crossleyi_MTNR1C_MYSCRO_R10319 (1)
| ||||    ||+Node240 (1)
| ||||    |||Platysteira_castanea_MTNR1C_DYACAS_R11541 (1)
| ||||    ||Rhagologus_leucostigma_MTNR1C_RHALEU_R12674 (1)
| ||||   |+Node237 (1)
| ||||   || |Lanius_ludovicianus_MTNR1C_LANLUD_R00462 (1)
| ||||   |||+Node460 (1)
| ||||   ||||Edolisoma_coerulescens_MTNR1C_EDOCOE_R01170 (1)
| ||||   ||+Node248 (1)
| ||||   |||  |Catharus_fuscescens_MTNR1C_CATFUS_R11229 (1)
| ||||   |||  | |Regulus_satrapa_MTNR1C_REGSAT_R08742 (1)
| ||||   |||  ||+Node302 (1)
| ||||   |||  |||  |Anthoscopus_minutus_MTNR1C_ANTMIN_R10770 (1)
| ||||   |||  ||| |+Node306 (1)
| ||||   |||  ||| || |Picathartes_gymnocephalus_MTNR1C_PICGYM_R11787 (1)
| ||||   |||  ||| |||+Node309 (1)
| ||||   |||  ||| ||||Cnemophilus_loriae_MTNR1C_CNELOR_R11626 (1)
| ||||   |||  ||| ||+Node308 (1)
| ||||   |||  ||| | |Melanocharis_versteri_MTNR1C_MELVER_R02964 (1)
| ||||   |||  ||||+Node305 (1)
| ||||   |||  |||||Urocynchramus_pylzowi_MTNR1C_UROPYL_R08952 (1)
| ||||   |||  |||+Node304 (1)
| ||||   |||  || |Leptocoma_aspasia_MTNR1C_LEPASP_R08054 (1)
| ||||   |||  |+Node301 (1)
| ||||   |||  |||Chloropsis_hardwickii_MTNR1C_CHLHAR_R08029 (1)
| ||||   |||  ||+Node315 (1)
| ||||   |||  | |Chloropsis_cyanopogon_MTNR1C_CHLCYA_R07259 (1)
| ||||   ||| |+Node252 (1)
| ||||   ||| ||        |Toxostoma_redivivum_MTNR1C_TOXRED_R11727 (1)
| ||||   ||| ||       |+Node263 (1)
| ||||   ||| ||       ||Buphagus_erythrorhynchus_MTNR1C_BUPERY_R06720 (1)
| ||||   ||| ||       ||Turdus_rufiventris_MTNR1C_TURU_102679 (1)
| ||||   ||| ||      |+Node262 (1)
| ||||   ||| ||      ||Leucopsar_rothschildi_MTNR1C_LEUROT_R10000 (1)
| ||||   ||| ||     |+Node261 (1)
| ||||   ||| ||     ||Rhabdornis_inornatus_MTNR1C_RHAINO_R15092 (2)
| ||||   ||| ||    |+Node260 (1)
| ||||   ||| ||    ||  |Erithacus_rubecula_MTNR1C_ERIRUB_R10157 (2)
| ||||   ||| ||    || |+Node272 (1)
| ||||   ||| ||    || ||Oenanthe_oenanthe_MTNR1C_OENOEN_R07097 (1)
| ||||   ||| ||    |||+Node271 (1)
| ||||   ||| ||    |||||Cercotrichas_coryphoeus_MTNR1C_CERCOR_R05555 (1)
| ||||   ||| ||    ||||+Node275 (1)
| ||||   ||| ||    ||| |Copsychus_sechellarum_MTNR1C_COPSEC_R03756 (1)
| ||||   ||| ||    ||+Node270 (1)
| ||||   ||| ||    | |Cinclus_mexicanus_MTNR1C_CINMEX_R04765 (1)
| ||||   ||| ||   |+Node259 (1)
| ||||   ||| ||   |||Certhia_brachydactyla_MTNR1C_CERBRA_R09408 (1)
| ||||   ||| ||   ||+Node279 (2)
| ||||   ||| ||   | |Certhia_familiaris_MTNR1C_CERFAM_R04208 (1)
| ||||   ||| ||  |+Node258 (1)
| ||||   ||| ||  ||Elachura_formosa_MTNR1C_ELAFOR_R12574 (2)
| ||||   ||| || |+Node257 (1)
| ||||   ||| || |||Polioptila_caerulea_MTNR1C_POLCAE_R09037 (1)
| ||||   ||| || ||+Node283 (1)
| ||||   ||| || | |Thryothorus_ludovicianus_MTNR1C_THRLUD_R01583 (1)
| ||||   ||| |||+Node256 (1)
| ||||   ||| |||| |Pomatostomus_ruficeps_MTNR1C_POSRUF_R08565 (1)
| ||||   ||| |||||+Node287 (1)
| ||||   ||| |||||| |Dasyornis_broadbenti_MTNR1C_DASBRO_R00032 (1)
| ||||   ||| |||||||+Node290 (1)
| ||||   ||| ||||||||Origma_solitaria_MTNR1C_ORISOL_R00796 (1)
| ||||   ||| ||||||+Node289 (1)
| ||||   ||| ||||| |Pardalotus_punctatus_MTNR1C_PARPUN_R05933 (1)
| ||||   ||| ||||+Node286 (1)
| ||||   ||| ||| |Ptilorrhoa_leucosticta_MTNR1C_PTILEU_R13852 (1)
| ||||   ||| ||+Node255 (1)
| ||||   ||| ||||Sitta_europaea_MTNR1C_SITEUR_R01923 (1)
| ||||   ||| |||+Node296 (1)
| ||||   ||| ||||Tichodroma_muraria_MTNR1C_TICMUR_R01090 (1)
| ||||   ||| |||Promerops_cafer_MTNR1C_PROCAF_R11894 (2)
| ||||   ||| ||Phainopepla_nitens_MTNR1C_PHANIT_R00293 (1)
| ||||   ||||+Node251 (1)
| ||||   ||||||Bombycilla_garrulus_MTNR1C_BOMGAR_R03312 (1)
| ||||   |||||+Node319 (1)
| ||||   |||| |  |Hypocryptadius_cinnamomeus_MTNR1C_HYPCIN_R05032 (1)
| ||||   |||| | |+Node400 (1)
| ||||   |||| | ||Dicaeum_eximium_MTNR1C_DICEXI_R04528 (1)
| ||||   |||| ||+Node322 (1)
| ||||   |||| |||   |Hylia_prasina_MTNR1C_HYLPRA_R09038 (1)
| ||||   |||| |||  |+Node327 (1)
| ||||   |||| |||  ||    |Illadopsis_cleaveri_MTNR1C_ILLCLE_R03869 (1)
| ||||   |||| |||  ||   |+Node333 (1)
| ||||   |||| |||  ||   ||  |Leiothrix_lutea_MTNR1C_LEILUT_R01277 (1)
| ||||   |||| |||  ||   || |+Node337 (1)
| ||||   |||| |||  ||   || |||Cisticola_juncidis_MTNR1C_CISJUN_R09510 (1)
| ||||   |||| |||  ||   || ||+Node339 (1)
| ||||   |||| |||  ||   || | ||Aegithalos_caudatus_MTNR1C_AEGCAU_R05887 (1)
| ||||   |||| |||  ||   || | |+Node341 (1)
| ||||   |||| |||  ||   || |  |Alaudala_cheleensis_MTNR1C_ALACHE_R07321 (1)
| ||||   |||| |||  ||   |||+Node336 (2)
| ||||   |||| |||  ||   ||||Sinosuthora_webbiana_MTNR1C_SINWEB_R02263 (1)
| ||||   |||| |||  ||   ||+Node335 (1)
| ||||   |||| |||  ||   ||||Sylvia_atricapilla_MTNR1C_SYLATR_R03915 (1)
| ||||   |||| |||  ||   |||+Node345 (1)
| ||||   |||| |||  ||   || |Sylvia_borin_MTNR1C_SYLBOR_R00389 (1)
| ||||   |||| |||  ||   || |Sterrhoptilus_dennistouni_MTNR1C_STEDEN_R10291 (1)
| ||||   |||| |||  ||   |||+Node349 (1)
| ||||   |||| |||  ||   ||||Zosterops_hypoxanthus_MTNR1C_ZOSHYP_R11793 (1)
| ||||   |||| |||  ||   ||+Node348 (1)
| ||||   |||| |||  ||   | |Pomatorhinus_ruficollis_MTNR1C_PORRUF_R03884 (1)
| ||||   |||| |||  ||  |+Node332 (1)
| ||||   |||| |||  ||  |||Brachypodius_atriceps_MTNR1C_BRAATR_R11973 (1)
| ||||   |||| |||  ||  ||+Node354 (1)
| ||||   |||| |||  ||  | |Pycnonotus_jocosus_MTNR1C_PYCJOC_R09091 (1)
| ||||   |||| |||  || |+Node331 (1)
| ||||   |||| |||  || ||Oxylabes_madagascariensis_MTNR1C_OXYMAD_R05265 (1)
| ||||   |||| |||  |||+Node330 (1)
| ||||   |||| |||  ||||Locustella_ochotensis_MTNR1C_LOCOCH_R11176 (1)
| ||||   |||| |||  ||+Node329 (1)
| ||||   |||| |||  |||  |Cettia_cetti_MTNR1C_CETCET_R06983 (2)
| ||||   |||| |||  ||| |+Node361 (1)
| ||||   |||| |||  ||| ||Horornis_vulcanius_MTNR1C_HORVUL_R07519 (1)
| ||||   |||| |||  ||||+Node360 (1)
| ||||   |||| |||  |||||Erythrocercus_mccallii_MTNR1C_ERYMCC_R04342 (1)
| ||||   |||| |||  |||+Node359 (1)
| ||||   |||| |||  || ||Sylvietta_virens_MTNR1C_SYLVIR_R00165 (2)
| ||||   |||| |||  || |+Node365 (1)
| ||||   |||| |||  ||  |Rhadina_sibilatrix_MTNR1C_RHASIB_R03396 (1)
| ||||   |||| |||  ||Donacobius_atricapilla_MTNR1C_DONATR_R03403 (1)
| ||||   |||| ||| |+Node326 (1)
| ||||   |||| ||| |||Acrocephalus_arundinaceus_MTNR1C_ACRARU_R01347 (1)
| ||||   |||| ||| ||+Node370 (1)
| ||||   |||| ||| | |Hippolais_icterina_MTNR1C_HIPICT_R00636 (1)
| ||||   |||| ||||+Node325 (1)
| ||||   |||| |||||       |Setophaga_kirtlandii_MTNR1C_SETKIR_R09028 (2)
| ||||   |||| |||||      |+Node380 (1)
| ||||   |||| |||||      ||Spizella_passerina_MTNR1C_SPIPAS_R03292 (1)
| ||||   |||| |||||     |+Node379 (1)
| ||||   |||| |||||     ||Emberiza_fucata_MTNR1C_EMBFUC_R02535 (1)
| ||||   |||| |||||    |+Node378 (1)
| ||||   |||| |||||    || |Cardinalis_cardinalis_MTNR1C_CARCAR_R13236 (1)
| ||||   |||| |||||    |||+Node385 (1)
| ||||   |||| |||||    ||||Pheucticus_melanocephalus_MTNR1C_PHEMEL_R00796 (1)
| ||||   |||| |||||    ||+Node384 (1)
| ||||   |||| |||||    | |Passerina_amoena_MTNR1C_PASAMO_R09319 (1)
| ||||   |||| |||||   |+Node377 (1)
| ||||   |||| |||||   ||Calcarius_ornatus_MTNR1C_CALORN_R07236 (1)
| ||||   |||| |||||  |+Node376 (1)
| ||||   |||| |||||  ||Quiscalus_mexicanus_MTNR1C_QUIMEX_R10392 (1)
| ||||   |||| ||||| |+Node375 (1)
| ||||   |||| ||||| ||Rhodinocichla_rosea_MTNR1C_RHOROS_R01657 (1)
| ||||   |||| ||||||+Node374 (1)
| ||||   |||| |||||||Nesospiza_acunhae_MTNR1C_NESACU_R06799 (1)
| ||||   |||| |||||+Node373 (1)
| ||||   |||| |||| ||Loxia_curvirostra_MTNR1C_LOXCUR_R05768 (1)
| ||||   |||| |||| |+Node393 (1)
| ||||   |||| ||||  |Loxia_leucoptera_MTNR1C_LOXLEU_R09732 (1)
| ||||   |||| |||+Node324 (1)
| ||||   |||| |||||Prunella_fulvescens_MTNR1C_PRUFUL_R04394 (1)
| ||||   |||| ||||+Node396 (1)
| ||||   |||| ||| |Prunella_himalayana_MTNR1C_PRUHIM_R03034 (1)
| ||||   |||| |||Motacilla_alba_MTNR1C_MOTALB_R02060 (1)
| ||||   |||| |+Node321 (1)
| ||||   |||| || |Peucedramus_taeniatus_MTNR1C_PEUTAE_R06035 (1)
| ||||   |||| |||+Node404 (1)
| ||||   |||| ||||Irena_cyanogastra_MTNR1C_IRECYA_R03399 (1)
| ||||   |||| ||+Node403 (1)
| ||||   |||| | ||Panurus_biarmicus_MTNR1C_PANBIA_R00544 (2)
| ||||   |||| | |+Node407 (1)
| ||||   |||| |  |Nicator_chloris_MTNR1C_NICCHL_R00529 (1)
| ||||   |||| |Ploceus_nigricollis_MTNR1C_PLONIG_R12343 (1)
| ||||   |||+Node250 (1)
| ||||   |||||Chaetops_frenatus_MTNR1C_CHAFRE_R08627 (1)
| ||||   ||||+Node412 (1)
| ||||   ||| | |Notiomystis_cincta_MTNR1C_NOTCIN_R00649 (1)
| ||||   ||| ||+Node415 (1)
| ||||   ||| |||Callaeas_wilsoni_MTNR1C_CALWIL_R07018 (1)
| ||||   ||| |+Node414 (1)
| ||||   |||  ||Drymodes_brunneopygia_MTNR1C_DRYBRU_R08824 (1)
| ||||   |||  |+Node418 (1)
| ||||   |||   |Malurus_elegans_MTNR1C_MALELE_R01508 (1)
| ||||   |||   |Ptilonorhynchus_violaceus_MTNR1C_PTIVIO_R08219 (1)
| ||||   |||  |+Node424 (1)
| ||||   |||  ||Climacteris_rufus_MTNR1C_CLIRUF_R04718 (2)
| ||||   ||| |+Node423 (1)
| ||||   ||| ||Mohoua_ochrocephala_MTNR1C_MOHOCH_R08330 (1)
| ||||   ||| | |Chaetorhynchus_papuensis_MTNR1C_CHAPAP_R08584 (1)
| ||||   ||| ||+Node453 (1)
| ||||   ||| |||Myiagra_hebetior_MTNR1C_MYIHEB_R00567 (1)
| ||||   ||| ||  |Vireo_altiloquus_MTNR1C_VIRALT_R06153 (1)
| ||||   ||| || |+Node434 (1)
| ||||   ||| || ||Erpornis_zantholeuca_MTNR1C_ERPZAN_R11354 (1)
| ||||   ||| |||+Node433 (1)
| ||||   ||| |||||Pteruthius_melanotis_MTNR1C_PTEMEL_R00710 (1)
| ||||   ||| ||||+Node437 (1)
| ||||   ||| ||| |Eulacestoma_nigropectus_MTNR1C_EULNIG_R11246 (1)
| ||||   ||| ||| |Oreocharis_arfaki_MTNR1C_OREARF_R02050 (1)
| ||||   ||| ||+Node432 (1)
| ||||   ||| ||||Orthonyx_spaldingii_MTNR1C_ORTSPA_R11051 (1)
| ||||   ||| |||+Node442 (1)
| ||||   ||| || |Rhipidura_dahli_MTNR1C_RHIDAH_R12436 (1)
| ||||   ||| |+Node429 (1)
| ||||   ||| ||Ifrita_kowaldi_MTNR1C_IFRKOW_R09145 (1)
| ||||   ||| || |Struthidea_cinerea_MTNR1C_STRCIN_R11259 (1)
| ||||   ||| |||+Node448 (1)
| ||||   ||| ||||Pachycephala_philippinensis_MTNR1C_PACPHI_R01748 (1)
| ||||   ||| ||+Node447 (1)
| ||||   ||| |||Dicrurus_megarhynchus_MTNR1C_DICMEG_R06949 (1)
| ||||   ||| ||Aphelocoma_coerulescens_MTNR1C_APHCOE_R10643 (1)
| ||||   ||||+Node422 (1)
| ||||   |||||Oriolus_oriolus_MTNR1C_ORIORI_R06546 (1)
| ||||   |||||Daphoenositta_chrysoptera_MTNR1C_DAPCHR_R11008 (1)
| ||||   |||+Node421 (1)
| ||||   || |Machaerirhynchus_nigripectus_MTNR1C_MACNIG_R09389 (2)
| ||||   |||Falcunculus_frontatus_MTNR1C_FALFRO_R03464 (1)
| ||||   ||+Node463 (1)
| ||||   | |Aleadryas_rufinucha_MTNR1C_ALERUF_R10562 (1)
| ||||  |+Node236 (1)
| ||||  |||Menura_novaehollandiae_MTNR1C_MENNOV_R12878 (1)
| ||||  ||+Node466 (1)
| ||||  | |Atrichornis_clamosus_MTNR1C_ATRCLA_R09824 (2)
| |||| |+Node235 (1)
| |||| ||  |Pitta_sordida_MTNR1C_PITSOR_R13760 (1)
| |||| || |+Node471 (1)
| |||| || |||Serilophus_lunatus_MTNR1C_SERLUN_R01904 (1)
| |||| || ||+Node473 (1)
| |||| || | |Neodrepanis_coruscans_MTNR1C_NEOCOR_R05594 (1)
| |||| |||+Node470 (1)
| |||| |||| |Calyptomena_viridis_MTNR1C_CALVIR_R03256 (1)
| |||| |||||+Node477 (1)
| |||| ||||||Smithornis_capensis_MTNR1C_SMICAP_R08790 (1)
| |||| ||||+Node476 (1)
| |||| ||| |Sapayoa_aenigma_MTNR1C_SAPAEN_R09291 (1)
| |||| ||+Node469 (1)
| |||| | |      |Cephalopterus_ornatus_MTNR1C_CEPORN_R06221 (1)
| |||| | |     |+Node487 (1)
| |||| | |     ||Mionectes_macconnelli_MTNR1C_MIOMAC_R12085 (2)
| |||| | |    |+Node486 (1)
| |||| | |    || |Tyrannus_savana_MTNR1C_TYRSAV_R03428 (1)
| |||| | |    |||+Node491 (1)
| |||| | |    ||||Pachyramphus_minor_MTNR1C_PACMIN_R13680 (2)
| |||| | |    ||+Node490 (1)
| |||| | |    | |Neopipo_cinnamomea_MTNR1C_NEOCIN_R06502 (1)
| |||| | |   |+Node485 (1)
| |||| | |   ||Tachuris_rubrigastra_MTNR1C_TACRUB_R04889 (1)
| |||| | |  |+Node484 (1)
| |||| | |  ||Piprites_chloris_MTNR1C_PIPCHL_R06854 (1)
| |||| | | |+Node483 (1)
| |||| | | ||Manacus_vitellinus_MTNR1C_N305_05451 (1)
| |||| | | ||Pitangus_sulphuratus_MTNR1C_BTVI_83250 (1)
| |||| | ||+Node482 (1)
| |||| | ||||Oxyruncus_cristatus_MTNR1C_OXYCRI_R07738 (1)
| |||| | |||+Node500 (1)
| |||| | || |Onychorhynchus_coronatus_MTNR1C_ONYCOR_R00141 (1)
| |||| | |+Node481 (1)
| |||| |  | |Grallaria_varia_MTNR1C_GRAVAR_R00214 (1)
| |||| |  ||+Node504 (1)
| |||| |  |||   |Campylorhamphus_procurvoides_MTNR1C_CAMPRO_R08046 (1)
| |||| |  |||  |+Node509 (1)
| |||| |  |||  ||Xiphorhynchus_elegans_MTNR1C_XIPELE_R06815 (1)
| |||| |  ||| |+Node508 (1)
| |||| |  ||| ||Furnarius_figulus_MTNR1C_FURFIG_R12106 (1)
| |||| |  ||||+Node507 (1)
| |||| |  |||||Sclerurus_mexicanus_MTNR1C_SCLMEX_R02034 (1)
| |||| |  |||+Node506 (1)
| |||| |  || |Sakesphorus_luctuosus_MTNR1C_SAKLUC_R09460 (1)
| |||| |  |+Node503 (1)
| |||| |   |Scytalopus_superciliaris_MTNR1C_SCYSUP_R12251 (1)
| |||||+Node234 (1)
| ||||||Acanthisitta_chloris_MTNR1C_103808916 (1)
| ||||| |Fregata_magnificens_MTNR1C_FREMAG_R13177 (1)
| ||||||+Node229 (1)
| ||||||||Psophia_crepitans_MTNR1C_PSOCRE_R11975 (2)
| |||||||+Node231 (1)
| |||||| |Aramus_guarauna_MTNR1C_ARAGUA_R13877 (1)
| |||||+Node109 (1)
| |||||||Thalassarche_chlororhynchos_MTNR1C_THACHL_R03841 (1)
| ||||||+Node111 (1)
| ||||||| |Phoenicopterus_ruber_ruber_MTNR1C_N337_04698 (1)
| ||||||||+Node201 (1)
| ||||||||||Podilymbus_podiceps_MTNR1C_PODPOD_R01634 (1)
| |||||||||+Node203 (2)
| |||||||| |Podiceps_cristatus_MTNR1C_N338_04062 (1)
| ||||||||  |Ciconia_maguari_MTNR1C_CICMAG_R07692 (1)
| |||||||| |+Node117 (1)
| |||||||| ||  |Phalacrocorax_carbo_MTNR1C_104045342 (1)
| |||||||| || |+Node121 (1)
| |||||||| || || |Anhinga_anhinga_MTNR1C_ANHANH_R13456 (1)
| |||||||| || |||+Node124 (1)
| |||||||| || ||||Anhinga_rufa_MTNR1C_ANHRUF_R09109 (1)
| |||||||| || ||+Node123 (1)
| |||||||| || | |Sula_dactylatra_MTNR1C_SULDAC_R12892 (1)
| |||||||| |||+Node120 (1)
| |||||||| |||| |Chionis_minor_MTNR1C_CHIMIN_R11172 (1)
| |||||||| |||||+Node129 (1)
| |||||||| ||||||Pluvianellus_socialis_MTNR1C_PLUSOC_R08321 (1)
| |||||||| ||||+Node128 (1)
| |||||||| ||| |Burhinus_bistriatus_MTNR1C_BURBIS_R12300 (1)
| |||||||| ||+Node119 (1)
| |||||||| |||Sagittarius_serpentarius_MTNR1C_SAGSER_R11407 (1)
| |||||||| ||Oceanodroma_tethys_MTNR1C_HYDTET_R10591 (1)
| |||||||||+Node116 (1)
| |||||||||||Eurypyga_helias_MTNR1C_104505358 (1)
| ||||||||||+Node136 (1)
| ||||||||| |Rhynochetos_jubatus_MTNR1C_RHYJUB_R09029 (1)
| ||||||||+Node115 (1)
| ||||||||||Ardeotis_kori_MTNR1C_ARDKOR_R10260 (1)
| |||||||||+Node139 (1)
| |||||||| |Lophotis_ruficrista_MTNR1C_LOPRUF_R13661 (1)
| |||||||+Node113 (1)
| |||||||| |Pygoscelis_papua_MTNR1C_KCX85_0007764 (1)
| |||||||||+Node144 (1)
| ||||||||||Pygoscelis_antarcticus_MTNR1C_FQV08_0013886 (1)
| ||||||||+Node143 (1)
| |||||||||  |Megadyptes_antipodes_antipodes_MTNR1C_FQV17_0013555 (1)
| ||||||||| |+Node163 (1)
| ||||||||| ||Eudyptes_chrysolophus_MTNR1C_FQV09_0006691 (1)
| ||||||||||+Node155 (1)
| ||||||||||||Eudyptula_albosignata_MTNR1C_FQV20_0014117 (1)
| |||||||||||+Node157 (1)
| ||||||||||||Eudyptula_minor_MTNR1C_FQV19_0011282 (1)
| ||||||||||||Eudyptula_novaehollandiae_MTNR1C_FQV18_0013487 (1)
| |||||||||||Eudyptes_schlegeli_MTNR1C_FQV10_0008431 (1)
| ||||||||||Spheniscus_magellanicus_MTNR1C_FQV22_0004697 (1)
| |||||||||+Node147 (1)
| |||||||| |Spheniscus_demersus_MTNR1C_FQV21_0015846 (1)
| |||||||| |Spheniscus_humboldti_MTNR1C_FQV23_0001221 (1)
| |||||||| |Spheniscus_mendiculus_MTNR1C_FQV24_0006801 (1)
| ||||||||  |Fregetta_grallaria_MTNR1C_FREGRA_R11631 (1)
| |||||||| |+Node187 (1)
| |||||||| ||Oceanites_oceanicus_MTNR1C_OCEOCE_R10434 (1)
| |||||||||+Node167 (1)
| |||||||||||Scopus_umbretta_MTNR1C_SCOUMB_R07445 (1)
| ||||||||||+Node169 (1)
| ||||||||||||Glaucidium_brasilianum_MTNR1C_GLABRA_R02568 (3)
| |||||||||||+Node171 (1)
| ||||||||||||Ciccaba_nigrolineata_MTNR1C_CICNIG_R09197 (2)
| |||||||||||Phaethon_lepturus_MTNR1C_104620115 (1)
| |||||||||| |Nyctibius_bracteatus_MTNR1C_NYCBRA_R07928 (2)
| |||||||||||+Node177 (1)
| ||||||||||||Nyctibius_grandis_MTNR1C_NYCGRA_R01597 (1)
| ||||||||||+Node176 (1)
| ||||||||| ||Bucco_capensis_MTNR1C_BUCCAP_R01927 (2)
| ||||||||| |+Node180 (1)
| |||||||||  ||Pterocles_gutturalis_MTNR1C_104462321 (1)
| |||||||||  |+Node182 (1)
| |||||||||   ||Syrrhaptes_paradoxus_MTNR1C_SYRPAR_R05646 (1)
| |||||||||   |+Node184 (1)
| |||||||||    |Pterocles_burchelli_MTNR1C_PTEBUR_R01735 (1)
| ||||||||+Node166 (1)
| ||||||| |  |Aegotheles_bennettii_MTNR1C_AEGBEN_R00097 (2)
| ||||||| | |+Node192 (1)
| ||||||| | ||Hemiprocne_comata_MTNR1C_HEMCOM_R08937 (1)
| ||||||| ||+Node191 (1)
| ||||||| |||Steatornis_caripensis_MTNR1C_STECAR_R03122 (1)
| ||||||| |+Node190 (1)
| |||||||  ||Heliornis_fulica_MTNR1C_HELFUL_R11805 (1)
| |||||||  |+Node196 (1)
| |||||||   ||Atlantisia_rogersi_MTNR1C_ATLROG_R13271 (1)
| |||||||   |+Node198 (1)
| |||||||    |Zapornia_atra_MTNR1C_ZAPATR_R04509 (1)
| |||||||  |Corythaeola_cristata_MTNR1C_CORCRI_R05971 (2)
| ||||||| |+Node224 (2)
| ||||||| ||Corythaixoides_concolor_MTNR1C_CORCON_R05112 (1)
| ||||||||+Node218 (1)
| ||||||||||Nyctiprogne_leucopyga_MTNR1C_NYCLEU_R01939 (1)
| |||||||||+Node220 (1)
| ||||||||||Chordeiles_acutipennis_MTNR1C_CHOACU_R04878 (1)
| |||||||||Cathartes_aura_MTNR1C_N323_11549 (1)
| |||||||+Node206 (1)
| |||||| ||Fulmarus_glacialis_MTNR1C_104072368 (1)
| |||||| |+Node208 (1)
| |||||| |||Pelecanoides_urinatrix_MTNR1C_PELURI_R07983 (1)
| |||||| ||+Node210 (1)
| |||||| | |Calonectris_borealis_MTNR1C_CALBOR_R12984 (1)
| |||||| | |Balaeniceps_rex_MTNR1C_BALREX_R04836 (1)
| |||||| ||+Node214 (1)
| |||||| |||Pelecanus_crispus_MTNR1C_104031807 (2)
| |||||| |+Node213 (1)
| ||||||  |Mesembrinibis_cayennensis_MTNR1C_MESCAY_R07265 (1)
| ||||||Cochlearius_cochlearius_MTNR1C_COCCOC_R04839 (1)
| ||||+Node54 (1)
| ||||| |Galbula_dea_MTNR1C_GALDEA_R01995 (1)
| ||||||+Node106 (1)
| |||||||Turnix_velox_MTNR1C_TURVEL_R05237 (1)
| |||||+Node98 (1)
| |||||||Caloenas_nicobarica_MTNR1C_CALNIC_R08111 (1)
| ||||||+Node100 (1)
| ||||||||Columbina_picui_MTNR1C_COLPIC_R04953 (1)
| |||||||+Node102 (1)
| |||||| |Alopecoenas_beccarii_MTNR1C_ALOBEC_R02399 (1)
| ||||||Bucorvus_abyssinicus_MTNR1C_BUCABY_R07081 (1)
| ||||||Podargus_strigoides_MTNR1C_PODSTR_R09199 (1)
| |||||+Node58 (1)
| ||||||   |Uria_aalge_MTNR1C_URIAAL_R00332 (1)
| ||||||  |+Node63 (1)
| ||||||  ||Alca_torda_MTNR1C_ALCTOR_R09240 (1)
| |||||| |+Node62 (1)
| |||||| ||Cepphus_grylle_MTNR1C_CEPGRY_R00871 (2)
| |||||||+Node61 (1)
| ||||||||Stercorarius_parasiticus_MTNR1C_STEPAR_R04732 (1)
| |||||||| |Rynchops_niger_MTNR1C_RYNNIG_R13984 (1)
| |||||||||+Node70 (1)
| |||||||||||Larus_smithsonianus_MTNR1C_LARSMI_R12970 (1)
| ||||||||||+Node72 (1)
| ||||||||| |Chroicocephalus_maculipennis_MTNR1C_CHRMAC_R10768 (1)
| ||||||||+Node69 (1)
| ||||||| |Phaetusa_simplex_MTNR1C_PHASIM_R10231 (1)
| ||||||+Node60 (1)
| ||||| |  |Glareola_pratincola_MTNR1C_GLAPRA_R01004 (1)
| ||||| | |+Node78 (1)
| ||||| | ||Rhinoptilus_africanus_MTNR1C_RHIAFR_R07720 (1)
| ||||| ||+Node77 (2)
| ||||| |||Dromas_ardeola_MTNR1C_DROARD_R12477 (1)
| ||||| |+Node76 (1)
| |||||  |  |Jacana_jacana_MTNR1C_JACJAC_R11359 (1)
| |||||  | |+Node85 (1)
| |||||  | |||Rostratula_benghalensis_MTNR1C_ROSBEN_R04972 (1)
| |||||  | ||+Node87 (1)
| |||||  | | |Nycticryphes_semicollaris_MTNR1C_NYCSEM_R11072 (1)
| |||||  ||+Node84 (1)
| |||||  ||||Thinocorus_orbignyianus_MTNR1C_THIORB_R13904 (1)
| |||||  |||+Node90 (1)
| |||||  || |Pedionomus_torquatus_MTNR1C_PEDTOR_R11479 (1)
| |||||  |+Node83 (1)
| |||||  ||Arenaria_interpres_MTNR1C_AREINT_R03273 (1)
| |||||  ||Himantopus_himantopus_MTNR1C_HIMHIM_R08372 (1)
| |||||  |+Node94 (1)
| |||||   |Ibidorhyncha_struthersii_MTNR1C_IBISTR_R09485 (1)
| |||||Urocolius_indicus_MTNR1C_UROIND_R09066 (1)
| |||| |Trogon_melanurus_MTNR1C_TROMEL_R06627 (1)
| |||||+Node518 (1)
| ||||||    |Eubucco_bourcierii_MTNR1C_EUBBOU_R11959 (1)
| ||||||   |+Node524 (1)
| ||||||   ||Ramphastos_sulfuratus_MTNR1C_RAMSUL_R04747 (2)
| ||||||  |+Node523 (1)
| ||||||  ||Semnornis_frantzii_MTNR1C_SEMFRA_R04702 (1)
| |||||| |+Node522 (1)
| |||||| ||Psilopogon_haemacephalus_MTNR1C_PSIHAE_R06903 (1)
| |||||||+Node521 (1)
| ||||||||Tricholaema_leucomelas_MTNR1C_TRILEU_R09004 (1)
| ||||||+Node520 (1)
| ||||| |Indicator_maculatus_MTNR1C_INDMAC_R13328 (2)
| ||||+Node517 (1)
| ||| ||Upupa_epops_MTNR1C_UPUEPO_R05627 (1)
| ||| |+Node531 (1)
| |||  |Rhinopomastus_cyanomelas_MTNR1C_RHICYA_R03705 (1)
| ||+Node16 (1)
| | |Oreotrochilus_melanogaster_MTNR1C_OREMEL_R08458 (1)
||+Node7 (2)
|||Chelonoidis_abingdonii_MTNR1C_116818509 (1)
|+Node6 (2)
 |Gekko_japonicus_MTNR1C_107115720 (2)
```


### Improving parameter estimates of the adaptive rate class model
* Log(L) = -28618.55, AIC-c = 59564.98 (1160 estimated parameters)

### Testing selected branches for selection

|              Branch               |  Rates   |     Max. dN/dS     | Sites @ EBF>=100 |      Test LRT      |Uncorrected p-value |
|-----------------------------------|----------|--------------------|------------------|--------------------|--------------------|
|               Node2               |     1    |   0.04 (100.00%)   |       N/A        |        0.00        |       1.00000      |
|               Node6               |     2    |    1.11 (12.72%)   |         22       |        0.00        |       0.49046      |
|Gekko_japonicus_MTNR1C_107115720...|     2    |  880.03 ( 3.51%)   |          4       |        3.74        |       0.05674      |
|Nanorana_parkeri_MTNR1C_10878390...|     2    |    1.05 ( 7.33%)   |         12       |       -0.02        |       0.50000      |
|               Node8               |     2    |    2.18 ( 4.71%)   |          4       |        0.52        |       0.32552      |
|Chelonoidis_abingdonii_MTNR1C_11...|     1    |   0.15 (100.00%)   |       N/A        |        0.00        |       1.00000      |
|Oreotrochilus_melanogaster_MTNR1...|     1    |   0.03 (100.00%)   |       N/A        |        0.00        |       1.00000      |
|Cisticola_juncidis_MTNR1C_CISJUN...|     1    |   0.03 (100.00%)   |       N/A        |        0.00        |       1.00000      |
|  Xenopus_laevis_MTNR1C_108698430  |     1    |   0.06 (100.00%)   |       N/A        |        0.00        |       1.00000      |
|Urocolius_indicus_MTNR1C_UROIND_...|     1    |   0.03 (100.00%)   |       N/A        |        0.00        |       1.00000      |
|Asarcornis_scutulata_MTNR1C_ASAS...|     2    |    9.42 ( 1.34%)   |          2       |        1.77        |       0.16046      |
|Turnix_velox_MTNR1C_TURVEL_R0523...|     1    |   0.05 (100.00%)   |       N/A        |        0.00        |       1.00000      |
|Ceyx_cyanopectus_MTNR1C_CEYCYA_R...|     1    |   0.10 (100.00%)   |       N/A        |        0.00        |       1.00000      |
|Eudromia_elegans_MTNR1C_EUDELE_R...|     1    |   0.04 (100.00%)   |       N/A        |        0.00        |       1.00000      |
|Psilopogon_haemacephalus_MTNR1C_...|     1    |   0.01 (100.00%)   |       N/A        |        0.00        |       1.00000      |
|  Merops_nubicus_MTNR1C_103779608  |     1    |   0.01 (100.00%)   |       N/A        |        0.00        |       1.00000      |
|Bucorvus_abyssinicus_MTNR1C_BUCA...|     1    |   0.10 (100.00%)   |       N/A        |        0.00        |       1.00000      |
|Acanthisitta_chloris_MTNR1C_1038...|     1    |   0.03 (100.00%)   |       N/A        |        0.00        |       1.00000      |
|Aegithalos_caudatus_MTNR1C_AEGCA...|     1    |   0.07 (100.00%)   |       N/A        |        0.00        |       1.00000      |
|              Node19               |     1    |   0.10 (100.00%)   |       N/A        |        0.00        |       1.00000      |
|Indicator_maculatus_MTNR1C_INDMA...|     2    |    7.66 ( 0.95%)   |          2       |        2.24        |       0.12510      |
|Sylvietta_virens_MTNR1C_SYLVIR_R...|     2    |   10.08 ( 0.45%)   |          1       |        2.76        |       0.09492      |
|Malurus_elegans_MTNR1C_MALELE_R0...|     1    |   0.00 (100.00%)   |       N/A        |        0.00        |       1.00000      |
|               Node9               |     2    |   >1000 ( 0.82%)   |          2       |        5.07        |       0.02861      |
|Elachura_formosa_MTNR1C_ELAFOR_R...|     2    |   15.99 ( 1.30%)   |          1       |        1.89        |       0.15026      |
|Baryphthengus_martii_MTNR1C_BARM...|     1    |   0.08 (100.00%)   |       N/A        |        0.00        |       1.00000      |
|              Node182              |     1    |   0.14 (100.00%)   |       N/A        |        0.00        |       1.00000      |
|Penelope_pileata_MTNR1C_PENPIL_R...|     1    |   0.04 (100.00%)   |       N/A        |        0.00        |       1.00000      |
|Aegotheles_bennettii_MTNR1C_AEGB...|     2    |    5.72 ( 4.11%)   |          6       |        1.91        |       0.14853      |
|Galbula_dea_MTNR1C_GALDEA_R01995...|     1    |   0.06 (100.00%)   |       N/A        |        0.00        |       1.00000      |
|              Node224              |     2    |  355.20 ( 1.25%)   |          3       |       18.09        |       0.00004      |
|Brachypteracias_leptosomus_MTNR1...|     1    |   0.02 (100.00%)   |       N/A        |        0.00        |       1.00000      |
|Glaucidium_brasilianum_MTNR1C_GL...|     3    |   >1000 ( 1.06%)   |          3       |       21.90        |       0.00001      |
|Todus_mexicanus_MTNR1C_TODMEX_R0...|     1    |   0.09 (100.00%)   |       N/A        |        0.00        |       1.00000      |
|Alaudala_cheleensis_MTNR1C_ALACH...|     1    |   0.00 (100.00%)   |       N/A        |        0.00        |       1.00000      |
|Geococcyx_californianus_MTNR1C_G...|     1    |   0.07 (100.00%)   |       N/A        |        0.00        |       1.00000      |
|Notiomystis_cincta_MTNR1C_NOTCIN...|     1    |   0.07 (100.00%)   |       N/A        |        0.00        |       1.00000      |
|Scopus_umbretta_MTNR1C_SCOUMB_R0...|     1    |   0.07 (100.00%)   |       N/A        |        0.00        |       1.00000      |
|Pitta_sordida_MTNR1C_PITSOR_R137...|     1    |   0.04 (100.00%)   |       N/A        |        0.00        |       1.00000      |
|Rhinopomastus_cyanomelas_MTNR1C_...|     1    |   0.07 (100.00%)   |       N/A        |        0.00        |       1.00000      |
|Trogon_melanurus_MTNR1C_TROMEL_R...|     1    |   0.14 (100.00%)   |       N/A        |        0.00        |       1.00000      |
|Upupa_epops_MTNR1C_UPUEPO_R05627...|     1    |   0.07 (100.00%)   |       N/A        |        0.00        |       1.00000      |
|Herpetotheres_cachinnans_MTNR1C_...|     1    |   0.10 (100.00%)   |       N/A        |        0.00        |       1.00000      |
|Anseranas_semipalmata_MTNR1C_ANS...|     1    |   0.10 (100.00%)   |       N/A        |        0.00        |       1.00000      |
|Pycnonotus_jocosus_MTNR1C_PYCJOC...|     1    |   0.00 (100.00%)   |       N/A        |        0.00        |       1.00000      |
|Catharus_fuscescens_MTNR1C_CATFU...|     1    |   0.10 (100.00%)   |       N/A        |        0.00        |       1.00000      |
|Cettia_cetti_MTNR1C_CETCET_R0698...|     2    |   33.88 ( 1.16%)   |          3       |        6.40        |       0.01454      |
|Leiothrix_lutea_MTNR1C_LEILUT_R0...|     1    |   0.19 (100.00%)   |       N/A        |        0.00        |       1.00000      |
|              Node23               |     1    |   0.08 (100.00%)   |       N/A        |        0.00        |       1.00000      |
|Psophia_crepitans_MTNR1C_PSOCRE_...|     2    |   11.56 ( 0.60%)   |          1       |        2.91        |       0.08751      |
|Phaethon_lepturus_MTNR1C_1046201...|     1    |   0.11 (100.00%)   |       N/A        |        0.00        |       1.00000      |
|Mesembrinibis_cayennensis_MTNR1C...|     1    |   0.05 (100.00%)   |       N/A        |        0.00        |       1.00000      |
|Orthonyx_spaldingii_MTNR1C_ORTSP...|     1    |   0.00 (100.00%)   |       N/A        |        0.00        |       1.00000      |
|Erythrocercus_mccallii_MTNR1C_ER...|     1    |   0.05 (100.00%)   |       N/A        |        0.00        |       1.00000      |
|Hylia_prasina_MTNR1C_HYLPRA_R090...|     1    |   0.05 (100.00%)   |       N/A        |        0.00        |       1.00000      |
|Cochlearius_cochlearius_MTNR1C_C...|     1    |   0.05 (100.00%)   |       N/A        |        0.00        |       1.00000      |
|Leucopsar_rothschildi_MTNR1C_LEU...|     1    |   0.00 (100.00%)   |       N/A        |        0.00        |       1.00000      |
|Ptilonorhynchus_violaceus_MTNR1C...|     1    |   0.11 (100.00%)   |       N/A        |        0.00        |       1.00000      |
|              Node203              |     2    |  172.35 ( 0.47%)   |          1       |        3.33        |       0.07025      |
|Steatornis_caripensis_MTNR1C_STE...|     1    |   0.27 (100.00%)   |       N/A        |        0.00        |       1.00000      |
|Cnemophilus_loriae_MTNR1C_CNELOR...|     1    |   0.05 (100.00%)   |       N/A        |        0.00        |       1.00000      |
|Eubucco_bourcierii_MTNR1C_EUBBOU...|     1    |   0.05 (100.00%)   |       N/A        |        0.00        |       1.00000      |
|Alectura_lathami_MTNR1C_ALELAT_R...|     1    |   0.08 (100.00%)   |       N/A        |        0.00        |       1.00000      |
|Heliornis_fulica_MTNR1C_HELFUL_R...|     1    |   0.08 (100.00%)   |       N/A        |        0.00        |       1.00000      |
|Bucco_capensis_MTNR1C_BUCCAP_R01...|     2    |   32.57 ( 1.13%)   |          3       |        5.18        |       0.02712      |
|              Node520              |     1    |   0.09 (100.00%)   |       N/A        |        0.00        |       1.00000      |
|Sula_dactylatra_MTNR1C_SULDAC_R1...|     1    |   0.06 (100.00%)   |       N/A        |        0.00        |       1.00000      |
|              Node337              |     1    |   0.05 (100.00%)   |       N/A        |        0.00        |       1.00000      |
|              Node36               |     1    |   0.07 (100.00%)   |       N/A        |        0.00        |       1.00000      |
|              Node20               |     1    |   0.06 (100.00%)   |       N/A        |        0.00        |       1.00000      |
|              Node171              |     1    |   0.03 (100.00%)   |       N/A        |        0.00        |       1.00000      |
|Oceanodroma_tethys_MTNR1C_HYDTET...|     1    |   0.13 (100.00%)   |       N/A        |        0.00        |       1.00000      |
|Rhabdornis_inornatus_MTNR1C_RHAI...|     2    |   38.04 ( 1.59%)   |          4       |        9.39        |       0.00318      |
|Chloroceryle_aenea_MTNR1C_CHLAEN...|     1    |   0.03 (100.00%)   |       N/A        |        0.00        |       1.00000      |
|Odontophorus_gujanensis_MTNR1C_O...|     1    |   0.00 (100.00%)   |       N/A        |        0.00        |       1.00000      |
|Piprites_chloris_MTNR1C_PIPCHL_R...|     1    |   0.03 (100.00%)   |       N/A        |        0.00        |       1.00000      |
|Pomatostomus_ruficeps_MTNR1C_POS...|     1    |   0.03 (100.00%)   |       N/A        |        0.00        |       1.00000      |
|              Node43               |     1    |   0.18 (100.00%)   |       N/A        |        0.00        |       1.00000      |
|Rhadina_sibilatrix_MTNR1C_RHASIB...|     1    |   0.00 (100.00%)   |       N/A        |        0.00        |       1.00000      |
|Meleagris_gallopavo_MTNR1C_10054...|     2    |   14.78 ( 0.99%)   |          2       |        3.53        |       0.06331      |
|Sapayoa_aenigma_MTNR1C_SAPAEN_R0...|     1    |   0.00 (100.00%)   |       N/A        |        0.00        |       1.00000      |
|              Node100              |     1    |   0.06 (100.00%)   |       N/A        |        0.00        |       1.00000      |
|Dasyornis_broadbenti_MTNR1C_DASB...|     1    |   0.00 (100.00%)   |       N/A        |        0.00        |       1.00000      |
|              Node354              |     1    |   0.03 (100.00%)   |       N/A        |        0.00        |       1.00000      |
|Podargus_strigoides_MTNR1C_PODST...|     1    |   0.07 (100.00%)   |       N/A        |        0.00        |       1.00000      |
|Burhinus_bistriatus_MTNR1C_BURBI...|     1    |   0.00 (100.00%)   |       N/A        |        0.00        |       1.00000      |
|Pardalotus_punctatus_MTNR1C_PARP...|     1    |   0.03 (100.00%)   |       N/A        |        0.00        |       1.00000      |
|Spizella_passerina_MTNR1C_SPIPAS...|     1    |   0.00 (100.00%)   |       N/A        |        0.00        |       1.00000      |
|Phoenicopterus_ruber_ruber_MTNR1...|     1    |   0.11 (100.00%)   |       N/A        |        0.00        |       1.00000      |
|Rhynochetos_jubatus_MTNR1C_RHYJU...|     1    |   0.00 (100.00%)   |       N/A        |        0.00        |       1.00000      |
|Arenaria_interpres_MTNR1C_AREINT...|     1    |   0.00 (100.00%)   |       N/A        |        0.00        |       1.00000      |
|Machaerirhynchus_nigripectus_MTN...|     2    |   19.53 ( 1.43%)   |          3       |        4.12        |       0.04677      |
|Regulus_satrapa_MTNR1C_REGSAT_R0...|     1    |   0.03 (100.00%)   |       N/A        |        0.00        |       1.00000      |
|              Node333              |     1    |   0.25 (100.00%)   |       N/A        |        0.00        |       1.00000      |
|Chunga_burmeisteri_MTNR1C_CHUBUR...|     2    |   50.30 ( 0.50%)   |          1       |        3.59        |       0.06148      |
|Drymodes_brunneopygia_MTNR1C_DRY...|     1    |   0.03 (100.00%)   |       N/A        |        0.00        |       1.00000      |
|Corythaeola_cristata_MTNR1C_CORC...|     2    |   >1000 ( 0.77%)   |          2       |       11.93        |       0.00088      |
|Sclerurus_mexicanus_MTNR1C_SCLME...|     1    |   0.07 (100.00%)   |       N/A        |        0.00        |       1.00000      |
|Nicator_chloris_MTNR1C_NICCHL_R0...|     1    |   0.00 (100.00%)   |       N/A        |        0.00        |       1.00000      |
|Serilophus_lunatus_MTNR1C_SERLUN...|     1    |   0.03 (100.00%)   |       N/A        |        0.00        |       1.00000      |
|              Node234              |     1    |   0.37 (100.00%)   |       N/A        |        0.00        |       1.00000      |
|Sinosuthora_webbiana_MTNR1C_SINW...|     1    |   0.00 (100.00%)   |       N/A        |        0.00        |       1.00000      |
|Jacana_jacana_MTNR1C_JACJAC_R113...|     1    |   0.03 (100.00%)   |       N/A        |        0.00        |       1.00000      |
|Oxylabes_madagascariensis_MTNR1C...|     1    |   0.17 (100.00%)   |       N/A        |        0.00        |       1.00000      |
|Hemiprocne_comata_MTNR1C_HEMCOM_...|     1    |   0.03 (100.00%)   |       N/A        |        0.00        |       1.00000      |
|              Node220              |     1    |   0.23 (100.00%)   |       N/A        |        0.00        |       1.00000      |
|Tachuris_rubrigastra_MTNR1C_TACR...|     1    |   0.03 (100.00%)   |       N/A        |        0.00        |       1.00000      |
|Sakesphorus_luctuosus_MTNR1C_SAK...|     1    |   0.12 (100.00%)   |       N/A        |        0.00        |       1.00000      |
|              Node196              |     1    |   0.09 (100.00%)   |       N/A        |        0.00        |       1.00000      |
|Aramus_guarauna_MTNR1C_ARAGUA_R1...|     1    |   0.24 (100.00%)   |       N/A        |        0.00        |       1.00000      |
|Chauna_torquata_MTNR1C_CHATOR_R0...|     1    |   0.12 (100.00%)   |       N/A        |        0.00        |       1.00000      |
|Panurus_biarmicus_MTNR1C_PANBIA_...|     2    |   17.17 ( 0.96%)   |          2       |        3.73        |       0.05702      |
|Lophotis_ruficrista_MTNR1C_LOPRU...|     1    |   0.00 (100.00%)   |       N/A        |        0.00        |       1.00000      |
|Origma_solitaria_MTNR1C_ORISOL_R...|     1    |   0.12 (100.00%)   |       N/A        |        0.00        |       1.00000      |
|Sagittarius_serpentarius_MTNR1C_...|     1    |   0.12 (100.00%)   |       N/A        |        0.00        |       1.00000      |
|Grallaria_varia_MTNR1C_GRAVAR_R0...|     1    |   0.03 (100.00%)   |       N/A        |        0.00        |       1.00000      |
|Smithornis_capensis_MTNR1C_SMICA...|     1    |   0.00 (100.00%)   |       N/A        |        0.00        |       1.00000      |
|Climacteris_rufus_MTNR1C_CLIRUF_...|     2    |  111.73 ( 0.83%)   |          2       |        4.81        |       0.03272      |
|Phalacrocorax_carbo_MTNR1C_10404...|     1    |   0.19 (100.00%)   |       N/A        |        0.00        |       1.00000      |
|              Node136              |     1    |   0.12 (100.00%)   |       N/A        |        0.00        |       1.00000      |
|              Node13               |     1    |   0.34 (100.00%)   |       N/A        |        0.00        |       1.00000      |
|Erithacus_rubecula_MTNR1C_ERIRUB...|     2    |  435.29 ( 0.72%)   |          2       |       10.35        |       0.00195      |
|              Node336              |     2    |   19.03 ( 1.68%)   |          2       |        4.00        |       0.04959      |
|Calcarius_ornatus_MTNR1C_CALORN_...|     1    |   0.13 (100.00%)   |       N/A        |        0.00        |       1.00000      |
|Thryothorus_ludovicianus_MTNR1C_...|     1    |   0.00 (100.00%)   |       N/A        |        0.00        |       1.00000      |
|Chaetops_frenatus_MTNR1C_CHAFRE_...|     1    |   0.13 (100.00%)   |       N/A        |        0.00        |       1.00000      |
|Quiscalus_mexicanus_MTNR1C_QUIME...|     1    |   0.04 (100.00%)   |       N/A        |        0.00        |       1.00000      |
|              Node143              |     1    |   0.04 (100.00%)   |       N/A        |        0.00        |       1.00000      |
|Neodrepanis_coruscans_MTNR1C_NEO...|     1    |   0.04 (100.00%)   |       N/A        |        0.00        |       1.00000      |
|Thalassarche_chlororhynchos_MTNR...|     1    |   0.04 (100.00%)   |       N/A        |        0.00        |       1.00000      |
|Eurypyga_helias_MTNR1C_104505358...|     1    |   0.04 (100.00%)   |       N/A        |        0.00        |       1.00000      |
|              Node345              |     1    |   0.13 (100.00%)   |       N/A        |        0.00        |       1.00000      |
|              Node541              |     1    |   0.12 (100.00%)   |       N/A        |        0.00        |       1.00000      |
|Scytalopus_superciliaris_MTNR1C_...|     1    |   0.14 (100.00%)   |       N/A        |        0.00        |       1.00000      |
|Thinocorus_orbignyianus_MTNR1C_T...|     1    |   0.08 (100.00%)   |       N/A        |        0.00        |       1.00000      |
|              Node198              |     1    |   0.00 (100.00%)   |       N/A        |        0.00        |       1.00000      |
|Crotophaga_sulcirostris_MTNR1C_C...|     1    |   0.00 (100.00%)   |       N/A        |        0.00        |       1.00000      |
|Locustella_ochotensis_MTNR1C_LOC...|     1    |   0.00 (100.00%)   |       N/A        |        0.00        |       1.00000      |
|              Node279              |     2    |  372.23 ( 0.37%)   |          1       |        9.36        |       0.00323      |
|Irena_cyanogastra_MTNR1C_IRECYA_...|     1    |   0.09 (100.00%)   |       N/A        |        0.00        |       1.00000      |
|              Node482              |     1    |   0.04 (100.00%)   |       N/A        |        0.00        |       1.00000      |
|Mionectes_macconnelli_MTNR1C_MIO...|     2    |   35.29 ( 0.84%)   |          2       |        5.66        |       0.02120      |
|Atrichornis_clamosus_MTNR1C_ATRC...|     2    |   27.41 ( 0.45%)   |          1       |        4.57        |       0.03706      |
|              Node365              |     1    |   0.09 (100.00%)   |       N/A        |        0.00        |       1.00000      |
|              Node536              |     1    |   0.04 (100.00%)   |       N/A        |        0.00        |       1.00000      |
|Ceuthmochares_aereus_MTNR1C_CEUA...|     1    |   0.00 (100.00%)   |       N/A        |        0.00        |       1.00000      |
|Ciconia_maguari_MTNR1C_CICMAG_R0...|     1    |   0.23 (100.00%)   |       N/A        |        0.00        |       1.00000      |
|Pelecanus_crispus_MTNR1C_1040318...|     2    |   22.72 ( 0.99%)   |          2       |        2.87        |       0.08955      |
|              Node339              |     1    |   0.00 (100.00%)   |       N/A        |        0.00        |       1.00000      |
|              Node83               |     1    |   0.09 (100.00%)   |       N/A        |        0.00        |       1.00000      |
|Rynchops_niger_MTNR1C_RYNNIG_R13...|     1    |   0.00 (100.00%)   |       N/A        |        0.00        |       1.00000      |
|Pteruthius_melanotis_MTNR1C_PTEM...|     1    |   0.00 (100.00%)   |       N/A        |        0.00        |       1.00000      |
|Onychorhynchus_coronatus_MTNR1C_...|     1    |   0.09 (100.00%)   |       N/A        |        0.00        |       1.00000      |
|Daphoenositta_chrysoptera_MTNR1C...|     1    |   0.04 (100.00%)   |       N/A        |        0.00        |       1.00000      |
|Peucedramus_taeniatus_MTNR1C_PEU...|     1    |   0.00 (100.00%)   |       N/A        |        0.00        |       1.00000      |
|              Node30               |     1    |   0.04 (100.00%)   |       N/A        |        0.00        |       1.00000      |
|              Node547              |     1    |   0.10 (100.00%)   |       N/A        |        0.00        |       1.00000      |
|Dicaeum_eximium_MTNR1C_DICEXI_R0...|     1    |   0.09 (100.00%)   |       N/A        |        0.00        |       1.00000      |
|Cephalopterus_ornatus_MTNR1C_CEP...|     1    |   0.10 (100.00%)   |       N/A        |        0.00        |       1.00000      |
|Caloenas_nicobarica_MTNR1C_CALNI...|     1    |   0.17 (100.00%)   |       N/A        |        0.00        |       1.00000      |
|Horornis_vulcanius_MTNR1C_HORVUL...|     1    |   0.04 (100.00%)   |       N/A        |        0.00        |       1.00000      |
|              Node33               |     1    |   0.00 (100.00%)   |       N/A        |        0.00        |       1.00000      |
|Melanocharis_versteri_MTNR1C_MEL...|     1    |   0.04 (100.00%)   |       N/A        |        0.00        |       1.00000      |
|               Node7               |     2    |   >1000 ( 1.56%)   |          3       |       12.80        |       0.00057      |
|Rhagologus_leucostigma_MTNR1C_RH...|     1    |   0.00 (100.00%)   |       N/A        |        0.00        |       1.00000      |
|Ploceus_nigricollis_MTNR1C_PLONI...|     1    |   0.00 (100.00%)   |       N/A        |        0.00        |       1.00000      |
|              Node139              |     1    |   0.17 (100.00%)   |       N/A        |        0.00        |       1.00000      |
|Motacilla_alba_MTNR1C_MOTALB_R02...|     1    |   0.10 (100.00%)   |       N/A        |        0.00        |       1.00000      |
|Nyctibius_bracteatus_MTNR1C_NYCB...|     2    |   43.80 ( 1.25%)   |          3       |        5.47        |       0.02337      |
|              Node473              |     1    |   0.04 (100.00%)   |       N/A        |        0.00        |       1.00000      |
|              Node341              |     1    |   0.00 (100.00%)   |       N/A        |        0.00        |       1.00000      |
|    Gallus_gallus_MTNR1C_Mel1CR    |     1    |   0.14 (100.00%)   |       N/A        |        0.00        |       1.00000      |
|Illadopsis_cleaveri_MTNR1C_ILLCL...|     1    |   0.00 (100.00%)   |       N/A        |        0.00        |       1.00000      |
|Callaeas_wilsoni_MTNR1C_CALWIL_R...|     1    |   0.00 (100.00%)   |       N/A        |        0.00        |       1.00000      |
|Pandion_haliaetus_MTNR1C_PANHAL_...|     1    |   0.29 (100.00%)   |       N/A        |        0.00        |       1.00000      |
|   Xenopus_laevis_MTNR1C_Mel1CR    |     2    |   41.07 ( 2.04%)   |          5       |        5.27        |       0.02589      |
|              Node236              |     1    |   0.00 (100.00%)   |       N/A        |        0.00        |       1.00000      |
|Chordeiles_acutipennis_MTNR1C_CH...|     1    |   0.00 (100.00%)   |       N/A        |        0.00        |       1.00000      |
|Copsychus_sechellarum_MTNR1C_COP...|     1    |   0.30 (100.00%)   |       N/A        |        0.00        |       1.00000      |
|Emberiza_fucata_MTNR1C_EMBFUC_R0...|     1    |   0.00 (100.00%)   |       N/A        |        0.00        |       1.00000      |
|              Node187              |     1    |   0.05 (100.00%)   |       N/A        |        0.00        |       1.00000      |
|Donacobius_atricapilla_MTNR1C_DO...|     1    |   0.11 (100.00%)   |       N/A        |        0.00        |       1.00000      |
|Calyptomena_viridis_MTNR1C_CALVI...|     1    |   0.11 (100.00%)   |       N/A        |        0.00        |       1.00000      |
|Aphelocoma_coerulescens_MTNR1C_A...|     1    |   0.00 (100.00%)   |       N/A        |        0.00        |       1.00000      |
|Myiagra_hebetior_MTNR1C_MYIHEB_R...|     1    |   0.11 (100.00%)   |       N/A        |        0.00        |       1.00000      |
|Anhinga_anhinga_MTNR1C_ANHANH_R1...|     1    |   0.05 (100.00%)   |       N/A        |        0.00        |       1.00000      |
|Syrrhaptes_paradoxus_MTNR1C_SYRP...|     1    |   0.11 (100.00%)   |       N/A        |        0.00        |       1.00000      |
|Corythaixoides_concolor_MTNR1C_C...|     1    |   0.10 (100.00%)   |       N/A        |        0.00        |       1.00000      |
|Bombycilla_garrulus_MTNR1C_BOMGA...|     1    |   0.00 (100.00%)   |       N/A        |        0.00        |       1.00000      |
|Cercotrichas_coryphoeus_MTNR1C_C...|     1    |   0.12 (100.00%)   |       N/A        |        0.00        |       1.00000      |
|Dromaius_novaehollandiae_MTNR1C_...|     1    |   0.00 (100.00%)   |       N/A        |        0.00        |       1.00000      |
|Centropus_unirufus_MTNR1C_CENUNI...|     1    |   0.07 (100.00%)   |       N/A        |        0.00        |       1.00000      |
|Piaya_cayana_MTNR1C_PIACAY_R0156...|     1    |   0.05 (100.00%)   |       N/A        |        0.00        |       1.00000      |
|Balaeniceps_rex_MTNR1C_BALREX_R0...|     1    |   0.12 (100.00%)   |       N/A        |        0.00        |       1.00000      |
|Nycticryphes_semicollaris_MTNR1C...|     1    |   0.00 (100.00%)   |       N/A        |        0.00        |       1.00000      |
|Atlantisia_rogersi_MTNR1C_ATLROG...|     1    |   0.00 (100.00%)   |       N/A        |        0.00        |       1.00000      |
|Halcyon_senegalensis_MTNR1C_HALS...|     1    |   0.12 (100.00%)   |       N/A        |        0.00        |       1.00000      |
|              Node557              |     1    |   0.12 (100.00%)   |       N/A        |        0.00        |       1.00000      |
|Pitangus_sulphuratus_MTNR1C_BTVI...|     1    |   0.00 (100.00%)   |       N/A        |        0.00        |       1.00000      |
|              Node566              |     1    |   0.00 (100.00%)   |       N/A        |        0.00        |       1.00000      |
|              Node231              |     1    |   0.12 (100.00%)   |       N/A        |        0.00        |       1.00000      |
|              Node531              |     1    |   0.22 (100.00%)   |       N/A        |        0.00        |       1.00000      |
|Turdus_rufiventris_MTNR1C_TURU_1...|     1    |   0.23 (100.00%)   |       N/A        |        0.00        |       1.00000      |
|              Node129              |     1    |   0.16 (100.00%)   |       N/A        |        0.00        |       1.00000      |
|              Node544              |     1    |   0.00 (100.00%)   |       N/A        |        0.00        |       1.00000      |
|              Node106              |     1    |   0.06 (100.00%)   |       N/A        |        0.00        |       1.00000      |
|Stercorarius_parasiticus_MTNR1C_...|     1    |   0.06 (100.00%)   |       N/A        |        0.00        |       1.00000      |
|              Node45               |     1    |   0.00 (100.00%)   |       N/A        |        0.00        |       1.00000      |
|              Node177              |     1    |   0.00 (100.00%)   |       N/A        |        0.00        |       1.00000      |
|Cepphus_grylle_MTNR1C_CEPGRY_R00...|     2    |   44.86 ( 2.02%)   |          4       |        5.44        |       0.02376      |
|              Node537              |     1    |   0.23 (100.00%)   |       N/A        |        0.00        |       1.00000      |
|Aleadryas_rufinucha_MTNR1C_ALERU...|     1    |   0.00 (100.00%)   |       N/A        |        0.00        |       1.00000      |
|Edolisoma_coerulescens_MTNR1C_ED...|     1    |   0.00 (100.00%)   |       N/A        |        0.00        |       1.00000      |
|Setophaga_kirtlandii_MTNR1C_SETK...|     2    |   48.82 ( 0.86%)   |          2       |        5.86        |       0.01911      |
|Pachyramphus_minor_MTNR1C_PACMIN...|     2    |   40.79 ( 0.44%)   |          1       |        3.71        |       0.05776      |
|Alopecoenas_beccarii_MTNR1C_ALOB...|     1    |   0.13 (100.00%)   |       N/A        |        0.00        |       1.00000      |
|Nesospiza_acunhae_MTNR1C_NESACU_...|     1    |   0.06 (100.00%)   |       N/A        |        0.00        |       1.00000      |
|Columbina_picui_MTNR1C_COLPIC_R0...|     1    |   0.13 (100.00%)   |       N/A        |        0.00        |       1.00000      |
|Cathartes_aura_MTNR1C_N323_11549...|     1    |   0.13 (100.00%)   |       N/A        |        0.00        |       1.00000      |
|Ibidorhyncha_struthersii_MTNR1C_...|     1    |   0.00 (100.00%)   |       N/A        |        0.00        |       1.00000      |
|Brachypodius_atriceps_MTNR1C_BRA...|     1    |   0.24 (100.00%)   |       N/A        |        0.00        |       1.00000      |
|Eulacestoma_nigropectus_MTNR1C_E...|     1    |   0.06 (100.00%)   |       N/A        |        0.00        |       1.00000      |
|Anthoscopus_minutus_MTNR1C_ANTMI...|     1    |   0.13 (100.00%)   |       N/A        |        0.00        |       1.00000      |
|Tichodroma_muraria_MTNR1C_TICMUR...|     1    |   0.24 (100.00%)   |       N/A        |        0.00        |       1.00000      |
|Himantopus_himantopus_MTNR1C_HIM...|     1    |   0.13 (100.00%)   |       N/A        |        0.00        |       1.00000      |
|Pelecanoides_urinatrix_MTNR1C_PE...|     1    |   0.13 (100.00%)   |       N/A        |        0.00        |       1.00000      |
|Oceanites_oceanicus_MTNR1C_OCEOC...|     1    |   0.13 (100.00%)   |       N/A        |        0.00        |       1.00000      |
|Oreocharis_arfaki_MTNR1C_OREARF_...|     1    |   0.06 (100.00%)   |       N/A        |        0.00        |       1.00000      |
|Rostratula_benghalensis_MTNR1C_R...|     1    |   0.00 (100.00%)   |       N/A        |        0.00        |       1.00000      |
|Tricholaema_leucomelas_MTNR1C_TR...|     1    |   0.07 (100.00%)   |       N/A        |        0.00        |       1.00000      |
|              Node327              |     1    |   0.13 (100.00%)   |       N/A        |        0.00        |       1.00000      |
|Ciccaba_nigrolineata_MTNR1C_CICN...|     2    |   28.78 ( 2.18%)   |          3       |        3.96        |       0.05062      |
|Mohoua_ochrocephala_MTNR1C_MOHOC...|     1    |   0.00 (100.00%)   |       N/A        |        0.00        |       1.00000      |
|Leptocoma_aspasia_MTNR1C_LEPASP_...|     1    |   0.07 (100.00%)   |       N/A        |        0.00        |       1.00000      |
|              Node18               |     1    |   0.00 (100.00%)   |       N/A        |        0.00        |       1.00000      |
|Eurystomus_gularis_MTNR1C_EURGUL...|     1    |   0.00 (100.00%)   |       N/A        |        0.00        |       1.00000      |
|              Node521              |     1    |   0.00 (100.00%)   |       N/A        |        0.00        |       1.00000      |
|Podilymbus_podiceps_MTNR1C_PODPO...|     1    |   0.00 (100.00%)   |       N/A        |        0.00        |       1.00000      |
|Pomatorhinus_ruficollis_MTNR1C_P...|     1    |   0.00 (100.00%)   |       N/A        |        0.00        |       1.00000      |
|Nyctibius_grandis_MTNR1C_NYCGRA_...|     1    |   0.00 (100.00%)   |       N/A        |        0.00        |       1.00000      |
|Fulmarus_glacialis_MTNR1C_104072...|     1    |   0.30 (100.00%)   |       N/A        |        0.00        |       1.00000      |
|Rhipidura_dahli_MTNR1C_RHIDAH_R1...|     1    |   0.15 (100.00%)   |       N/A        |        0.00        |       1.00000      |
|              Node40               |     1    |   0.00 (100.00%)   |       N/A        |        0.00        |       1.00000      |
|              Node349              |     1    |   0.25 (100.00%)   |       N/A        |        0.00        |       1.00000      |
|Urocynchramus_pylzowi_MTNR1C_URO...|     1    |   0.00 (100.00%)   |       N/A        |        0.00        |       1.00000      |
|Sitta_europaea_MTNR1C_SITEUR_R01...|     1    |   0.07 (100.00%)   |       N/A        |        0.00        |       1.00000      |
|Buphagus_erythrorhynchus_MTNR1C_...|     1    |   0.29 (100.00%)   |       N/A        |        0.00        |       1.00000      |
|Phaetusa_simplex_MTNR1C_PHASIM_R...|     1    |   0.16 (100.00%)   |       N/A        |        0.00        |       1.00000      |
|              Node396              |     1    |   0.30 (100.00%)   |       N/A        |        0.00        |       1.00000      |
|Gymnorhina_tibicen_MTNR1C_GYMTIB...|     1    |   0.00 (100.00%)   |       N/A        |        0.00        |       1.00000      |
|              Node124              |     1    |   0.29 (100.00%)   |       N/A        |        0.00        |       1.00000      |
|Pachycephala_philippinensis_MTNR...|     1    |   0.30 (100.00%)   |       N/A        |        0.00        |       1.00000      |
|Cinclus_mexicanus_MTNR1C_CINMEX_...|     1    |   0.00 (100.00%)   |       N/A        |        0.00        |       1.00000      |
|Toxostoma_redivivum_MTNR1C_TOXRE...|     1    |   0.07 (100.00%)   |       N/A        |        0.00        |       1.00000      |
|Promerops_cafer_MTNR1C_PROCAF_R1...|     2    |   51.03 ( 0.45%)   |          1       |        5.70        |       0.02077      |
|              Node84               |     1    |   0.07 (100.00%)   |       N/A        |        0.00        |       1.00000      |
|              Node522              |     1    |   0.29 (100.00%)   |       N/A        |        0.00        |       1.00000      |
|Semnornis_frantzii_MTNR1C_SEMFRA...|     1    |   0.00 (100.00%)   |       N/A        |        0.00        |       1.00000      |
|              Node94               |     1    |   0.08 (100.00%)   |       N/A        |        0.00        |       1.00000      |
|Menura_novaehollandiae_MTNR1C_ME...|     1    |   0.07 (100.00%)   |       N/A        |        0.00        |       1.00000      |
|              Node10               |     1    |   0.00 (100.00%)   |       N/A        |        0.00        |       1.00000      |
|              Node128              |     1    |   0.00 (100.00%)   |       N/A        |        0.00        |       1.00000      |
|Tyrannus_savana_MTNR1C_TYRSAV_R0...|     1    |   0.00 (100.00%)   |       N/A        |        0.00        |       1.00000      |
|Pedionomus_torquatus_MTNR1C_PEDT...|     1    |   0.08 (100.00%)   |       N/A        |        0.00        |       1.00000      |
|              Node260              |     1    |   0.38 (100.00%)   |       N/A        |        0.00        |       1.00000      |
|              Node393              |     1    |   0.08 (100.00%)   |       N/A        |        0.00        |       1.00000      |
|Ptilorrhoa_leucosticta_MTNR1C_PT...|     1    |   0.00 (100.00%)   |       N/A        |        0.00        |       1.00000      |
|Eolophus_roseicapilla_MTNR1C_EOL...|     1    |   0.00 (100.00%)   |       N/A        |        0.00        |       1.00000      |
|              Node208              |     1    |   0.19 (100.00%)   |       N/A        |        0.00        |       1.00000      |
|Acrocephalus_arundinaceus_MTNR1C...|     1    |   0.19 (100.00%)   |       N/A        |        0.00        |       1.00000      |
|              Node370              |     1    |   0.08 (100.00%)   |       N/A        |        0.00        |       1.00000      |
|Manacus_vitellinus_MTNR1C_N305_0...|     1    |   0.08 (100.00%)   |       N/A        |        0.00        |       1.00000      |
|Ifrita_kowaldi_MTNR1C_IFRKOW_R09...|     1    |   0.00 (100.00%)   |       N/A        |        0.00        |       1.00000      |
|Pheucticus_melanocephalus_MTNR1C...|     1    |   0.08 (100.00%)   |       N/A        |        0.00        |       1.00000      |
|              Node192              |     1    |   0.00 (100.00%)   |       N/A        |        0.00        |       1.00000      |
|Dryoscopus_gambensis_MTNR1C_DRYG...|     1    |   0.00 (100.00%)   |       N/A        |        0.00        |       1.00000      |
|Neopipo_cinnamomea_MTNR1C_NEOCIN...|     1    |   0.08 (100.00%)   |       N/A        |        0.00        |       1.00000      |
|Anhinga_rufa_MTNR1C_ANHRUF_R0910...|     1    |   0.08 (100.00%)   |       N/A        |        0.00        |       1.00000      |
|Phainopepla_nitens_MTNR1C_PHANIT...|     1    |   0.20 (100.00%)   |       N/A        |        0.00        |       1.00000      |
|              Node147              |     1    |   0.08 (100.00%)   |       N/A        |        0.00        |       1.00000      |
|Dromas_ardeola_MTNR1C_DROARD_R12...|     1    |   0.20 (100.00%)   |       N/A        |        0.00        |       1.00000      |
|              Node144              |     1    |   0.20 (100.00%)   |       N/A        |        0.00        |       1.00000      |
|              Node41               |     2    |   95.30 ( 0.52%)   |          1       |        4.67        |       0.03523      |
|Fregata_magnificens_MTNR1C_FREMA...|     1    |   0.00 (100.00%)   |       N/A        |        0.00        |       1.00000      |
|Glareola_pratincola_MTNR1C_GLAPR...|     1    |   0.08 (100.00%)   |       N/A        |        0.00        |       1.00000      |
|Crypturellus_undulatus_MTNR1C_CR...|     1    |   0.00 (100.00%)   |       N/A        |        0.00        |       1.00000      |
|              Node466              |     1    |   0.08 (100.00%)   |       N/A        |        0.00        |       1.00000      |
|              Node235              |     1    |   0.00 (100.00%)   |       N/A        |        0.00        |       1.00000      |
|Campylorhamphus_procurvoides_MTN...|     1    |   0.00 (100.00%)   |       N/A        |        0.00        |       1.00000      |
|              Node329              |     1    |   0.00 (100.00%)   |       N/A        |        0.00        |       1.00000      |
|              Node332              |     1    |   0.00 (100.00%)   |       N/A        |        0.00        |       1.00000      |
|Sterrhoptilus_dennistouni_MTNR1C...|     1    |   0.00 (100.00%)   |       N/A        |        0.00        |       1.00000      |
|Ardeotis_kori_MTNR1C_ARDKOR_R102...|     1    |   0.09 (100.00%)   |       N/A        |        0.00        |       1.00000      |
|              Node424              |     1    |   0.07 (100.00%)   |       N/A        |        0.00        |       1.00000      |
|              Node567              |     1    |   0.00 (100.00%)   |       N/A        |        0.00        |       1.00000      |
|              Node289              |     1    |   0.09 (100.00%)   |       N/A        |        0.00        |       1.00000      |
|              Node62               |     1    |   0.00 (100.00%)   |       N/A        |        0.00        |       1.00000      |
|              Node476              |     1    |   0.09 (100.00%)   |       N/A        |        0.00        |       1.00000      |
|              Node121              |     1    |   0.10 (100.00%)   |       N/A        |        0.00        |       1.00000      |
|Rhodinocichla_rosea_MTNR1C_RHORO...|     1    |   0.00 (100.00%)   |       N/A        |        0.00        |       1.00000      |
|Podiceps_cristatus_MTNR1C_N338_0...|     1    |   0.00 (100.00%)   |       N/A        |        0.00        |       1.00000      |
|Prunella_himalayana_MTNR1C_PRUHI...|     1    |   0.00 (100.00%)   |       N/A        |        0.00        |       1.00000      |
|              Node271              |     1    |   0.26 (100.00%)   |       N/A        |        0.00        |       1.00000      |
|              Node315              |     1    |   0.00 (100.00%)   |       N/A        |        0.00        |       1.00000      |
|Oenanthe_oenanthe_MTNR1C_OENOEN_...|     1    |   0.10 (100.00%)   |       N/A        |        0.00        |       1.00000      |
|Falcunculus_frontatus_MTNR1C_FAL...|     1    |   0.10 (100.00%)   |       N/A        |        0.00        |       1.00000      |
|Oriolus_oriolus_MTNR1C_ORIORI_R0...|     1    |   0.00 (100.00%)   |       N/A        |        0.00        |       1.00000      |
|Fregetta_grallaria_MTNR1C_FREGRA...|     1    |   0.63 (100.00%)   |       N/A        |        0.00        |       1.00000      |
|Nyctiprogne_leucopyga_MTNR1C_NYC...|     1    |   0.28 (100.00%)   |       N/A        |        0.00        |       1.00000      |
|Ramphastos_sulfuratus_MTNR1C_RAM...|     2    |   99.23 ( 0.42%)   |          1       |        6.85        |       0.01155      |
|              Node87               |     1    |   0.10 (100.00%)   |       N/A        |        0.00        |       1.00000      |
|              Node201              |     1    |   0.28 (100.00%)   |       N/A        |        0.00        |       1.00000      |
|              Node184              |     1    |   0.00 (100.00%)   |       N/A        |        0.00        |       1.00000      |
|Polioptila_caerulea_MTNR1C_POLCA...|     1    |   0.11 (100.00%)   |       N/A        |        0.00        |       1.00000      |
|              Node286              |     1    |   0.00 (100.00%)   |       N/A        |        0.00        |       1.00000      |
|              Node213              |     1    |   0.00 (100.00%)   |       N/A        |        0.00        |       1.00000      |
|              Node517              |     1    |   0.00 (100.00%)   |       N/A        |        0.00        |       1.00000      |
|Xiphorhynchus_elegans_MTNR1C_XIP...|     1    |   0.00 (100.00%)   |       N/A        |        0.00        |       1.00000      |
|              Node503              |     1    |   0.00 (100.00%)   |       N/A        |        0.00        |       1.00000      |
|              Node560              |     1    |   0.00 (100.00%)   |       N/A        |        0.00        |       1.00000      |
|              Node504              |     1    |   0.00 (100.00%)   |       N/A        |        0.00        |       1.00000      |
|Probosciger_aterrimus_MTNR1C_PRO...|     1    |   0.00 (100.00%)   |       N/A        |        0.00        |       1.00000      |
|              Node218              |     1    |   0.00 (100.00%)   |       N/A        |        0.00        |       1.00000      |
|Hypocryptadius_cinnamomeus_MTNR1...|     1    |   0.00 (100.00%)   |       N/A        |        0.00        |       1.00000      |
|              Node361              |     1    |   0.00 (100.00%)   |       N/A        |        0.00        |       1.00000      |
|              Node335              |     1    |   0.00 (100.00%)   |       N/A        |        0.00        |       1.00000      |
|              Node180              |     1    |   0.00 (100.00%)   |       N/A        |        0.00        |       1.00000      |
|              Node72               |     1    |   0.00 (100.00%)   |       N/A        |        0.00        |       1.00000      |
|Chionis_minor_MTNR1C_CHIMIN_R111...|     1    |   0.00 (100.00%)   |       N/A        |        0.00        |       1.00000      |
|  Uria_aalge_MTNR1C_URIAAL_R00332  |     1    |   0.40 (100.00%)   |       N/A        |        0.00        |       1.00000      |
|Prunella_fulvescens_MTNR1C_PRUFU...|     1    |   0.00 (100.00%)   |       N/A        |        0.00        |       1.00000      |
|Calonectris_borealis_MTNR1C_CALB...|     1    |   0.00 (100.00%)   |       N/A        |        0.00        |       1.00000      |
|Vireo_altiloquus_MTNR1C_VIRALT_R...|     1    |   0.00 (100.00%)   |       N/A        |        0.00        |       1.00000      |
|Erpornis_zantholeuca_MTNR1C_ERPZ...|     1    |   0.00 (100.00%)   |       N/A        |        0.00        |       1.00000      |
|              Node237              |     1    |   0.00 (100.00%)   |       N/A        |        0.00        |       1.00000      |
|Lanius_ludovicianus_MTNR1C_LANLU...|     1    |   0.00 (100.00%)   |       N/A        |        0.00        |       1.00000      |
|              Node360              |     1    |   0.00 (100.00%)   |       N/A        |        0.00        |       1.00000      |
|Chroicocephalus_maculipennis_MTN...|     1    |   0.13 (100.00%)   |       N/A        |        0.00        |       1.00000      |
|Chloropsis_hardwickii_MTNR1C_CHL...|     1    |   0.13 (100.00%)   |       N/A        |        0.00        |       1.00000      |
|              Node524              |     1    |   0.00 (100.00%)   |       N/A        |        0.00        |       1.00000      |
|              Node275              |     1    |   0.13 (100.00%)   |       N/A        |        0.00        |       1.00000      |
|Mystacornis_crossleyi_MTNR1C_MYS...|     1    |   1.21 (100.00%)   |       N/A        |        0.00        |       0.49732      |
|Rhinoptilus_africanus_MTNR1C_RHI...|     1    |   0.00 (100.00%)   |       N/A        |        0.00        |       1.00000      |
|Haliaeetus_albicilla_MTNR1C_HALA...|     1    |   0.13 (100.00%)   |       N/A        |        0.00        |       1.00000      |
|              Node309              |     1    |   0.00 (100.00%)   |       N/A        |        0.00        |       1.00000      |
|Pterocles_gutturalis_MTNR1C_1044...|     1    |   0.42 (100.00%)   |       N/A        |        0.00        |       1.00000      |
|              Node509              |     1    |   0.00 (100.00%)   |       N/A        |        0.00        |       1.00000      |
|              Node61               |     1    |   0.00 (100.00%)   |       N/A        |        0.00        |       1.00000      |
|              Node470              |     1    |   0.00 (100.00%)   |       N/A        |        0.00        |       1.00000      |
|Furnarius_figulus_MTNR1C_FURFIG_...|     1    |   0.14 (100.00%)   |       N/A        |        0.00        |       1.00000      |
|Oxyruncus_cristatus_MTNR1C_OXYCR...|     1    |   0.00 (100.00%)   |       N/A        |        0.00        |       1.00000      |
|              Node60               |     1    |   0.00 (100.00%)   |       N/A        |        0.00        |       1.00000      |
|              Node507              |     1    |   0.54 (100.00%)   |       N/A        |        0.00        |       1.00000      |
|              Node418              |     1    |   0.15 (100.00%)   |       N/A        |        0.00        |       1.00000      |
|Zapornia_atra_MTNR1C_ZAPATR_R045...|     1    |   0.16 (100.00%)   |       N/A        |        0.00        |       1.00000      |
|              Node176              |     1    |   0.00 (100.00%)   |       N/A        |        0.00        |       1.00000      |
|              Node523              |     1    |   0.48 (100.00%)   |       N/A        |        0.00        |       1.00000      |
|Pterocles_burchelli_MTNR1C_PTEBU...|     1    |   0.00 (100.00%)   |       N/A        |        0.00        |       1.00000      |
|              Node77               |     2    |  202.57 ( 0.39%)   |          1       |        8.16        |       0.00594      |
|              Node348              |     1    |   0.32 (100.00%)   |       N/A        |        0.00        |       1.00000      |
|              Node229              |     1    |   0.22 (100.00%)   |       N/A        |        0.00        |       1.00000      |
|              Node330              |     1    |   0.00 (100.00%)   |       N/A        |        0.00        |       1.00000      |
|Zosterops_hypoxanthus_MTNR1C_ZOS...|     1    |   0.00 (100.00%)   |       N/A        |        0.00        |       1.00000      |
|              Node534              |     1    |   0.00 (100.00%)   |       N/A        |        0.00        |       1.00000      |
|Certhia_brachydactyla_MTNR1C_CER...|     1    |   0.00 (100.00%)   |       N/A        |        0.00        |       1.00000      |
|              Node166              |     1    |   0.00 (100.00%)   |       N/A        |        0.00        |       1.00000      |
|  Alca_torda_MTNR1C_ALCTOR_R09240  |     1    |   0.00 (100.00%)   |       N/A        |        0.00        |       1.00000      |
|              Node157              |     1    |   0.00 (100.00%)   |       N/A        |        0.00        |       1.00000      |
|Loxia_curvirostra_MTNR1C_LOXCUR_...|     1    |   0.00 (100.00%)   |       N/A        |        0.00        |       1.00000      |
|              Node373              |     1    |   0.20 (100.00%)   |       N/A        |        0.00        |       1.00000      |
|Hippolais_icterina_MTNR1C_HIPICT...|     1    |   0.00 (100.00%)   |       N/A        |        0.00        |       1.00000      |
|Dicrurus_megarhynchus_MTNR1C_DIC...|     1    |   0.00 (100.00%)   |       N/A        |        0.00        |       1.00000      |
|              Node167              |     1    |   0.00 (100.00%)   |       N/A        |        0.00        |       1.00000      |
|Chloropsis_cyanopogon_MTNR1C_CHL...|     1    |   0.00 (100.00%)   |       N/A        |        0.00        |       1.00000      |
|              Node481              |     1    |   0.00 (100.00%)   |       N/A        |        0.00        |       1.00000      |
|              Node78               |     1    |   0.00 (100.00%)   |       N/A        |        0.00        |       1.00000      |
|Platysteira_castanea_MTNR1C_DYAC...|     1    |   0.00 (100.00%)   |       N/A        |        0.00        |       1.00000      |
|              Node325              |     1    |   0.00 (100.00%)   |       N/A        |        0.00        |       1.00000      |
|Cardinalis_cardinalis_MTNR1C_CAR...|     1    |   0.20 (100.00%)   |       N/A        |        0.00        |       1.00000      |
|              Node238              |     1    |   0.00 (100.00%)   |       N/A        |        0.00        |       1.00000      |
|Nothocercus_julius_MTNR1C_NOTJUL...|     1    |   0.82 (100.00%)   |       N/A        |        0.00        |       1.00000      |
|              Node563              |     1    |   0.00 (100.00%)   |       N/A        |        0.00        |       1.00000      |
|              Node331              |     1    |   0.00 (100.00%)   |       N/A        |        0.00        |       1.00000      |
|              Node17               |     1    |  >1000 (100.00%)   |       N/A        |        1.70        |       0.16679      |
|Eudyptes_schlegeli_MTNR1C_FQV10_...|     1    |   0.20 (100.00%)   |       N/A        |        0.00        |       1.00000      |
|Pygoscelis_papua_MTNR1C_KCX85_00...|     1    |   0.00 (100.00%)   |       N/A        |        0.00        |       1.00000      |
|              Node191              |     1    |   0.00 (100.00%)   |       N/A        |        0.00        |       1.00000      |
|              Node109              |     1    |   0.00 (100.00%)   |       N/A        |        0.00        |       1.00000      |
|              Node554              |     1    |   0.00 (100.00%)   |       N/A        |        0.00        |       1.00000      |
|              Node102              |     1    |   0.00 (100.00%)   |       N/A        |        0.00        |       1.00000      |
|              Node565              |     1    |   0.23 (100.00%)   |       N/A        |        0.00        |       1.00000      |
|              Node423              |     1    |   0.00 (100.00%)   |       N/A        |        0.00        |       1.00000      |
|              Node29               |     1    |   0.00 (100.00%)   |       N/A        |        0.00        |       1.00000      |
|Spizaetus_tyrannus_MTNR1C_SPITYR...|     1    |   0.26 (100.00%)   |       N/A        |        0.00        |       1.00000      |
|              Node469              |     1    |   0.00 (100.00%)   |       N/A        |        0.00        |       1.00000      |
|Pluvianellus_socialis_MTNR1C_PLU...|     1    |  >1000 (100.00%)   |       N/A        |       10.92        |       0.00147      |
|              Node190              |     1    |   0.34 (100.00%)   |       N/A        |        0.00        |       1.00000      |
|              Node98               |     1    |   0.23 (100.00%)   |       N/A        |        0.00        |       1.00000      |
|              Node540              |     1    |   0.00 (100.00%)   |       N/A        |        0.00        |       1.00000      |
|              Node272              |     1    |   0.00 (100.00%)   |       N/A        |        0.00        |       1.00000      |
|Amazona_guildingii_MTNR1C_AMAGUI...|     1    |   0.00 (100.00%)   |       N/A        |        0.00        |       1.00000      |
|              Node206              |     1    |   0.00 (100.00%)   |       N/A        |        0.00        |       1.00000      |
|              Node251              |     1    |   0.00 (100.00%)   |       N/A        |        0.00        |       1.00000      |
|              Node442              |     1    |   0.00 (100.00%)   |       N/A        |        0.00        |       1.00000      |
|Passerina_amoena_MTNR1C_PASAMO_R...|     1    |   0.00 (100.00%)   |       N/A        |        0.00        |       1.00000      |
|              Node69               |     1    |   0.00 (100.00%)   |       N/A        |        0.00        |       1.00000      |
|              Node287              |     1    |   0.00 (100.00%)   |       N/A        |        0.00        |       1.00000      |
|              Node119              |     1    |   0.00 (100.00%)   |       N/A        |        0.00        |       1.00000      |
|              Node380              |     1    |   0.00 (100.00%)   |       N/A        |        0.00        |       1.00000      |
|              Node63               |     1    |   0.00 (100.00%)   |       N/A        |        0.00        |       1.00000      |
|              Node374              |     1    |   0.00 (100.00%)   |       N/A        |        0.00        |       1.00000      |
|              Node448              |     1    |   0.00 (100.00%)   |       N/A        |        0.00        |       1.00000      |
|              Node460              |     1    |   0.00 (100.00%)   |       N/A        |        0.00        |       1.00000      |
|              Node250              |     1    |   0.00 (100.00%)   |       N/A        |        0.00        |       1.00000      |
|              Node471              |     1    |   0.00 (100.00%)   |       N/A        |        0.00        |       1.00000      |
|              Node437              |     1    |   0.00 (100.00%)   |       N/A        |        0.00        |       1.00000      |
|              Node463              |     1    |   0.00 (100.00%)   |       N/A        |        0.00        |       1.00000      |
|              Node403              |     1    |   0.00 (100.00%)   |       N/A        |        0.00        |       1.00000      |
|Eudyptes_chrysolophus_MTNR1C_FQV...|     1    |   0.41 (100.00%)   |       N/A        |        0.00        |       1.00000      |
|Circaetus_pectoralis_MTNR1C_CIRP...|     1    |   0.00 (100.00%)   |       N/A        |        0.00        |       1.00000      |
|Nothocercus_nigrocapillus_MTNR1C...|     1    |   0.41 (100.00%)   |       N/A        |        0.00        |       1.00000      |
|              Node491              |     1    |   0.00 (100.00%)   |       N/A        |        0.00        |       1.00000      |
|              Node270              |     1    |   0.00 (100.00%)   |       N/A        |        0.00        |       1.00000      |
|Megadyptes_antipodes_antipodes_M...|     1    |   0.00 (100.00%)   |       N/A        |        0.00        |       1.00000      |
|              Node76               |     1    |   0.42 (100.00%)   |       N/A        |        0.00        |       1.00000      |
|              Node384              |     1    |   0.00 (100.00%)   |       N/A        |        0.00        |       1.00000      |
|              Node70               |     1    |   0.00 (100.00%)   |       N/A        |        0.00        |       1.00000      |
|              Node434              |     1    |   0.41 (100.00%)   |       N/A        |        0.00        |       1.00000      |
|Casuarius_casuarius_MTNR1C_CASCA...|     1    |   0.00 (100.00%)   |       N/A        |        0.00        |       1.00000      |
|              Node385              |     1    |   0.00 (100.00%)   |       N/A        |        0.00        |       1.00000      |
|              Node490              |     1    |   0.00 (100.00%)   |       N/A        |        0.00        |       1.00000      |
|              Node214              |     1    |   0.00 (100.00%)   |       N/A        |        0.00        |       1.00000      |
|              Node262              |     1    |   0.00 (100.00%)   |       N/A        |        0.00        |       1.00000      |
|              Node261              |     1    |   0.00 (100.00%)   |       N/A        |        0.00        |       1.00000      |
|              Node252              |     1    |   0.00 (100.00%)   |       N/A        |        0.00        |       1.00000      |
|              Node255              |     1    |   0.00 (100.00%)   |       N/A        |        0.00        |       1.00000      |
|              Node559              |     1    |   0.00 (100.00%)   |       N/A        |        0.00        |       1.00000      |
|              Node433              |     1    |   0.00 (100.00%)   |       N/A        |        0.00        |       1.00000      |
|              Node548              |     1    |   0.00 (100.00%)   |       N/A        |        0.00        |       1.00000      |
|Amazona_aestiva_MTNR1C_AAES_2363...|     1    |   0.00 (100.00%)   |       N/A        |        0.00        |       1.00000      |
|              Node290              |     1    |   0.00 (100.00%)   |       N/A        |        0.00        |       1.00000      |
|              Node508              |     1    |   0.00 (100.00%)   |       N/A        |        0.00        |       1.00000      |
|              Node359              |     1    |   0.00 (100.00%)   |       N/A        |        0.00        |       1.00000      |
|              Node54               |     1    |   0.00 (100.00%)   |       N/A        |        0.00        |       1.00000      |
|              Node549              |     1    |   0.00 (100.00%)   |       N/A        |        0.00        |       1.00000      |
|              Node483              |     1    |   0.00 (100.00%)   |       N/A        |        0.00        |       1.00000      |
|              Node506              |     1    |   0.00 (100.00%)   |       N/A        |        0.00        |       1.00000      |
|              Node263              |     1    |   0.00 (100.00%)   |       N/A        |        0.00        |       1.00000      |
|Sylvia_atricapilla_MTNR1C_SYLATR...|     1    |   0.00 (100.00%)   |       N/A        |        0.00        |       1.00000      |
|              Node38               |     1    |   0.85 (100.00%)   |       N/A        |        0.00        |       1.00000      |
|              Node283              |     1    |   0.00 (100.00%)   |       N/A        |        0.00        |       1.00000      |
|              Node432              |     1    |   0.00 (100.00%)   |       N/A        |        0.00        |       1.00000      |
|Picathartes_gymnocephalus_MTNR1C...|     1    |   0.00 (100.00%)   |       N/A        |        0.00        |       1.00000      |
|              Node169              |     1    |   0.00 (100.00%)   |       N/A        |        0.00        |       1.00000      |
|              Node321              |     1    |   0.00 (100.00%)   |       N/A        |        0.00        |       1.00000      |
|Sylvia_borin_MTNR1C_SYLBOR_R0038...|     1    |   0.00 (100.00%)   |       N/A        |        0.00        |       1.00000      |
|              Node296              |     1    |   0.00 (100.00%)   |       N/A        |        0.00        |       1.00000      |
|              Node26               |     1    |   0.00 (100.00%)   |       N/A        |        0.00        |       1.00000      |
|              Node535              |     1    |   0.00 (100.00%)   |       N/A        |        0.00        |       1.00000      |
|              Node256              |     1    |   0.00 (100.00%)   |       N/A        |        0.00        |       1.00000      |
|              Node414              |     1    |   0.00 (100.00%)   |       N/A        |        0.00        |       1.00000      |
|              Node257              |     1    |   0.00 (100.00%)   |       N/A        |        0.00        |       1.00000      |
|              Node258              |     1    |   0.00 (100.00%)   |       N/A        |        0.00        |       1.00000      |
|              Node484              |     1    |   0.00 (100.00%)   |       N/A        |        0.00        |       1.00000      |
|              Node486              |     1    |   0.00 (100.00%)   |       N/A        |        0.00        |       1.00000      |
|              Node376              |     1    |   0.00 (100.00%)   |       N/A        |        0.00        |       1.00000      |
|              Node453              |     1    |   0.00 (100.00%)   |       N/A        |        0.00        |       1.00000      |
|Struthidea_cinerea_MTNR1C_STRCIN...|     1    |   0.00 (100.00%)   |       N/A        |        0.00        |       1.00000      |
|Larus_smithsonianus_MTNR1C_LARSM...|     1    |  >1000 (100.00%)   |       N/A        |        4.93        |       0.03077      |
|              Node422              |     1    |   0.00 (100.00%)   |       N/A        |        0.00        |       1.00000      |
|              Node241              |     1    |   0.00 (100.00%)   |       N/A        |        0.00        |       1.00000      |
|              Node240              |     1    |   0.00 (100.00%)   |       N/A        |        0.00        |       1.00000      |
|              Node115              |     1    |   0.00 (100.00%)   |       N/A        |        0.00        |       1.00000      |
|              Node407              |     1    |   0.00 (100.00%)   |       N/A        |        0.00        |       1.00000      |
|              Node248              |     1    |   0.00 (100.00%)   |       N/A        |        0.00        |       1.00000      |
|              Node301              |     1    |   0.00 (100.00%)   |       N/A        |        0.00        |       1.00000      |
|              Node447              |     1    |   0.00 (100.00%)   |       N/A        |        0.00        |       1.00000      |
|              Node378              |     1    |   0.00 (100.00%)   |       N/A        |        0.00        |       1.00000      |
|Crypturellus_soui_MTNR1C_CRYSOU_...|     1    |  >1000 (100.00%)   |       N/A        |       18.01        |       0.00004      |
|              Node429              |     1    |   0.00 (100.00%)   |       N/A        |        0.00        |       1.00000      |
|              Node302              |     1    |   0.00 (100.00%)   |       N/A        |        0.00        |       1.00000      |
|              Node305              |     1    |   0.00 (100.00%)   |       N/A        |        0.00        |       1.00000      |
|              Node306              |     1    |   0.00 (100.00%)   |       N/A        |        0.00        |       1.00000      |
|              Node117              |     1    |   0.00 (100.00%)   |       N/A        |        0.00        |       1.00000      |
|              Node421              |     1    |   0.00 (100.00%)   |       N/A        |        0.00        |       1.00000      |
|              Node319              |     1    |   0.00 (100.00%)   |       N/A        |        0.00        |       1.00000      |
|Chaetorhynchus_papuensis_MTNR1C_...|     1    |   0.00 (100.00%)   |       N/A        |        0.00        |       1.00000      |
|              Node412              |     1    |   0.00 (100.00%)   |       N/A        |        0.00        |       1.00000      |
|              Node322              |     1    |   0.00 (100.00%)   |       N/A        |        0.00        |       1.00000      |
|              Node326              |     1    |   0.00 (100.00%)   |       N/A        |        0.00        |       1.00000      |
|              Node113              |     1    |   0.00 (100.00%)   |       N/A        |        0.00        |       1.00000      |
|              Node400              |     1    |   0.00 (100.00%)   |       N/A        |        0.00        |       1.00000      |
|              Node379              |     1    |   0.00 (100.00%)   |       N/A        |        0.00        |       1.00000      |
|              Node304              |     1    |   0.00 (100.00%)   |       N/A        |        0.00        |       1.00000      |
|              Node155              |     1    |   0.00 (100.00%)   |       N/A        |        0.00        |       1.00000      |
|              Node487              |     1    |   0.00 (100.00%)   |       N/A        |        0.00        |       1.00000      |
|              Node163              |     1    |   0.00 (100.00%)   |       N/A        |        0.00        |       1.00000      |
|              Node90               |     1    |   0.00 (100.00%)   |       N/A        |        0.00        |       1.00000      |
|              Node111              |     1    |   0.00 (100.00%)   |       N/A        |        0.00        |       1.00000      |
|Loxia_leucoptera_MTNR1C_LOXLEU_R...|     1    |   0.00 (100.00%)   |       N/A        |        0.00        |       1.00000      |
|              Node116              |     1    |   0.00 (100.00%)   |       N/A        |        0.00        |       1.00000      |
|              Node58               |     1    |   0.00 (100.00%)   |       N/A        |        0.00        |       1.00000      |
|              Node324              |     1    |   0.00 (100.00%)   |       N/A        |        0.00        |       1.00000      |
|              Node375              |     1    |   0.00 (100.00%)   |       N/A        |        0.00        |       1.00000      |
|              Node259              |     1    |   0.00 (100.00%)   |       N/A        |        0.00        |       1.00000      |
|              Node308              |     1    |   0.00 (100.00%)   |       N/A        |        0.00        |       1.00000      |
|              Node377              |     1    |   0.00 (100.00%)   |       N/A        |        0.00        |       1.00000      |
|              Node485              |     1    |   0.00 (100.00%)   |       N/A        |        0.00        |       1.00000      |
|              Node210              |     1    |   0.00 (100.00%)   |       N/A        |        0.00        |       1.00000      |
|              Node500              |     1    |   0.00 (100.00%)   |       N/A        |        0.00        |       1.00000      |
|              Node518              |     1    |   0.00 (100.00%)   |       N/A        |        0.00        |       1.00000      |
|              Node123              |     1    |   0.00 (100.00%)   |       N/A        |        0.00        |       1.00000      |
|              Node120              |     1    |   0.00 (100.00%)   |       N/A        |        0.00        |       1.00000      |
|              Node85               |     1    |   0.00 (100.00%)   |       N/A        |        0.00        |       1.00000      |
|              Node477              |     1    |   0.00 (100.00%)   |       N/A        |        0.00        |       1.00000      |
|Centropus_bengalensis_MTNR1C_CEN...|     1    |   0.00 (100.00%)   |       N/A        |        0.00        |       1.00000      |
|              Node404              |     1    |   0.00 (100.00%)   |       N/A        |        0.00        |       1.00000      |
|              Node415              |     1    |   0.00 (100.00%)   |       N/A        |        0.00        |       1.00000      |
|Spheniscus_demersus_MTNR1C_FQV21...|     1    |   1.00 (100.00%)   |       N/A        |        0.00        |       1.00000      |
|              Node24               |     1    |   1.00 (100.00%)   |       N/A        |        0.00        |       1.00000      |
|Spheniscus_humboldti_MTNR1C_FQV2...|     1    |   1.00 (100.00%)   |       N/A        |        0.00        |       1.00000      |
|              Node16               |     1    |   1.00 (100.00%)   |       N/A        |        0.00        |       1.00000      |
|Spheniscus_mendiculus_MTNR1C_FQV...|     1    |   1.00 (100.00%)   |       N/A        |        0.00        |       1.00000      |
|Spheniscus_magellanicus_MTNR1C_F...|     1    |   1.00 (100.00%)   |       N/A        |        0.00        |       1.00000      |
|Eudyptula_novaehollandiae_MTNR1C...|     1    |   1.00 (100.00%)   |       N/A        |        0.00        |       1.00000      |
|Nothoprocta_pentlandii_MTNR1C_NO...|     1    |   1.00 (100.00%)   |       N/A        |        0.00        |       1.00000      |
|Eudyptula_minor_MTNR1C_FQV19_001...|     1    |   1.00 (100.00%)   |       N/A        |        0.00        |       1.00000      |
|Pygoscelis_antarcticus_MTNR1C_FQ...|     1    |   1.00 (100.00%)   |       N/A        |        0.00        |       1.00000      |
|              Node37               |     1    |   1.00 (100.00%)   |       N/A        |        0.00        |       1.00000      |
|Eudyptula_albosignata_MTNR1C_FQV...|     1    |   1.00 (100.00%)   |       N/A        |        0.00        |       1.00000      |
|Nothoprocta_ornata_MTNR1C_NOTORN...|     1    |   1.00 (100.00%)   |       N/A        |        0.00        |       1.00000      |
|Certhia_familiaris_MTNR1C_CERFAM...|     1    |   1.00 (100.00%)   |       N/A        |        0.00        |       1.00000      |
----
### Adaptive branch site random effects likelihood test 
Likelihood ratio test for episodic diversifying positive selection at Holm-Bonferroni corrected _p =   0.0500_ found **3** branches under selection among **532** tested.

* Glaucidium_brasilianum_MTNR1C_GLABRA_R02568, p-value =  0.00311
* Node224, p-value =  0.02103
* Crypturellus_soui_MTNR1C_CRYSOU_R11372, p-value =  0.02184

### Annotated Tree
((Xenopus_laevis_MTNR1C_Mel1CR,Xenopus_laevis_MTNR1C_108698430)Node2,Nanorana_parkeri_MTNR1C_108783900,(((((Probosciger_aterrimus_MTNR1C_PROATE_R04090,Eolophus_roseicapilla_MTNR1C_EOLROS_R05093)Node10,(Amazona_aestiva_MTNR1C_AAES_23638,Amazona_guildingii_MTNR1C_AMAGUI_R00472)Node13)Node9,(((((Casuarius_casuarius_MTNR1C_CASCAS_R10656,Dromaius_novaehollandiae_MTNR1C_112997224)Node20,((Eudromia_elegans_MTNR1C_EUDELE_R13198,(Nothocercus_nigrocapillus_MTNR1C_NOTNIG_R10004,Nothocercus_julius_MTNR1C_NOTJUL_R01539)Node26)Node24,((Crypturellus_undulatus_MTNR1C_CRYUND_R03921,Crypturellus_soui_MTNR1C_CRYSOU_R11372{0.02184445313383077})Node30,(Nothoprocta_ornata_MTNR1C_NOTORN_R13134,Nothoprocta_pentlandii_MTNR1C_NOTPEN_R03154)Node33)Node29)Node23)Node19,(((Anseranas_semipalmata_MTNR1C_ANSSEM_R03977,((Penelope_pileata_MTNR1C_PENPIL_R10490,(Odontophorus_gujanensis_MTNR1C_ODOGUJ_R11098,(Gallus_gallus_MTNR1C_Mel1CR,Meleagris_gallopavo_MTNR1C_100547793)Node45)Node43)Node41,Alectura_lathami_MTNR1C_ALELAT_R02773)Node40)Node38,Chauna_torquata_MTNR1C_CHATOR_R00676)Node37,Asarcornis_scutulata_MTNR1C_ASASCU_R08012)Node36)Node18,(Merops_nubicus_MTNR1C_103779608,((Brachypteracias_leptosomus_MTNR1C_BRALEP_R03096,Eurystomus_gularis_MTNR1C_EURGUL_R03289)Node560,(Todus_mexicanus_MTNR1C_TODMEX_R00614,(((Chloroceryle_aenea_MTNR1C_CHLAEN_R03401,Ceyx_cyanopectus_MTNR1C_CEYCYA_R03376)Node567,Halcyon_senegalensis_MTNR1C_HALSEN_R03751)Node566,Baryphthengus_martii_MTNR1C_BARMAR_R05987)Node565)Node563)Node559)Node557,((((Geococcyx_californianus_MTNR1C_GEOCAL_R07724,Crotophaga_sulcirostris_MTNR1C_CROSUL_R00386)Node537,((Centropus_unirufus_MTNR1C_CENUNI_R10180,Centropus_bengalensis_MTNR1C_CENBEN_R13935)Node541,(Piaya_cayana_MTNR1C_PIACAY_R01560,Ceuthmochares_aereus_MTNR1C_CEUAER_R02637)Node544)Node540)Node536,(((Circaetus_pectoralis_MTNR1C_CIRPEC_R10086,Haliaeetus_albicilla_MTNR1C_HALALB_R14947)Node549,Spizaetus_tyrannus_MTNR1C_SPITYR_R01288)Node548,Pandion_haliaetus_MTNR1C_PANHAL_R01092)Node547)Node535,(Chunga_burmeisteri_MTNR1C_CHUBUR_R11754,Herpetotheres_cachinnans_MTNR1C_HERCAC_R05341)Node554)Node534,((((((Dryoscopus_gambensis_MTNR1C_DRYGAM_R08281,((Gymnorhina_tibicen_MTNR1C_GYMTIB_R14417,Mystacornis_crossleyi_MTNR1C_MYSCRO_R10319)Node241,Platysteira_castanea_MTNR1C_DYACAS_R11541)Node240,Rhagologus_leucostigma_MTNR1C_RHALEU_R12674)Node238,((Lanius_ludovicianus_MTNR1C_LANLUD_R00462,Edolisoma_coerulescens_MTNR1C_EDOCOE_R01170)Node460,(((Catharus_fuscescens_MTNR1C_CATFUS_R11229,((Regulus_satrapa_MTNR1C_REGSAT_R08742,(((Anthoscopus_minutus_MTNR1C_ANTMIN_R10770,((Picathartes_gymnocephalus_MTNR1C_PICGYM_R11787,Cnemophilus_loriae_MTNR1C_CNELOR_R11626)Node309,Melanocharis_versteri_MTNR1C_MELVER_R02964)Node308)Node306,Urocynchramus_pylzowi_MTNR1C_UROPYL_R08952)Node305,Leptocoma_aspasia_MTNR1C_LEPASP_R08054)Node304)Node302,(Chloropsis_hardwickii_MTNR1C_CHLHAR_R08029,Chloropsis_cyanopogon_MTNR1C_CHLCYA_R07259)Node315)Node301,(((((((((Toxostoma_redivivum_MTNR1C_TOXRED_R11727,Buphagus_erythrorhynchus_MTNR1C_BUPERY_R06720,Turdus_rufiventris_MTNR1C_TURU_102679)Node263,Leucopsar_rothschildi_MTNR1C_LEUROT_R10000)Node262,Rhabdornis_inornatus_MTNR1C_RHAINO_R15092)Node261,(((Erithacus_rubecula_MTNR1C_ERIRUB_R10157,Oenanthe_oenanthe_MTNR1C_OENOEN_R07097)Node272,(Cercotrichas_coryphoeus_MTNR1C_CERCOR_R05555,Copsychus_sechellarum_MTNR1C_COPSEC_R03756)Node275)Node271,Cinclus_mexicanus_MTNR1C_CINMEX_R04765)Node270)Node260,(Certhia_brachydactyla_MTNR1C_CERBRA_R09408,Certhia_familiaris_MTNR1C_CERFAM_R04208)Node279)Node259,Elachura_formosa_MTNR1C_ELAFOR_R12574)Node258,(Polioptila_caerulea_MTNR1C_POLCAE_R09037,Thryothorus_ludovicianus_MTNR1C_THRLUD_R01583)Node283)Node257,((Pomatostomus_ruficeps_MTNR1C_POSRUF_R08565,((Dasyornis_broadbenti_MTNR1C_DASBRO_R00032,Origma_solitaria_MTNR1C_ORISOL_R00796)Node290,Pardalotus_punctatus_MTNR1C_PARPUN_R05933)Node289)Node287,Ptilorrhoa_leucosticta_MTNR1C_PTILEU_R13852)Node286)Node256,(Sitta_europaea_MTNR1C_SITEUR_R01923,Tichodroma_muraria_MTNR1C_TICMUR_R01090)Node296,Promerops_cafer_MTNR1C_PROCAF_R11894)Node255,Phainopepla_nitens_MTNR1C_PHANIT_R00293)Node252,(Bombycilla_garrulus_MTNR1C_BOMGAR_R03312,(((Hypocryptadius_cinnamomeus_MTNR1C_HYPCIN_R05032,Dicaeum_eximium_MTNR1C_DICEXI_R04528)Node400,((((Hylia_prasina_MTNR1C_HYLPRA_R09038,(((((Illadopsis_cleaveri_MTNR1C_ILLCLE_R03869,(((Leiothrix_lutea_MTNR1C_LEILUT_R01277,(Cisticola_juncidis_MTNR1C_CISJUN_R09510,(Aegithalos_caudatus_MTNR1C_AEGCAU_R05887,Alaudala_cheleensis_MTNR1C_ALACHE_R07321)Node341)Node339)Node337,Sinosuthora_webbiana_MTNR1C_SINWEB_R02263)Node336,(Sylvia_atricapilla_MTNR1C_SYLATR_R03915,Sylvia_borin_MTNR1C_SYLBOR_R00389)Node345)Node335,((Sterrhoptilus_dennistouni_MTNR1C_STEDEN_R10291,Zosterops_hypoxanthus_MTNR1C_ZOSHYP_R11793)Node349,Pomatorhinus_ruficollis_MTNR1C_PORRUF_R03884)Node348)Node333,(Brachypodius_atriceps_MTNR1C_BRAATR_R11973,Pycnonotus_jocosus_MTNR1C_PYCJOC_R09091)Node354)Node332,Oxylabes_madagascariensis_MTNR1C_OXYMAD_R05265)Node331,Locustella_ochotensis_MTNR1C_LOCOCH_R11176)Node330,(((Cettia_cetti_MTNR1C_CETCET_R06983,Horornis_vulcanius_MTNR1C_HORVUL_R07519)Node361,Erythrocercus_mccallii_MTNR1C_ERYMCC_R04342)Node360,(Sylvietta_virens_MTNR1C_SYLVIR_R00165,Rhadina_sibilatrix_MTNR1C_RHASIB_R03396)Node365)Node359)Node329,Donacobius_atricapilla_MTNR1C_DONATR_R03403)Node327,(Acrocephalus_arundinaceus_MTNR1C_ACRARU_R01347,Hippolais_icterina_MTNR1C_HIPICT_R00636)Node370)Node326,((((((((Setophaga_kirtlandii_MTNR1C_SETKIR_R09028,Spizella_passerina_MTNR1C_SPIPAS_R03292)Node380,Emberiza_fucata_MTNR1C_EMBFUC_R02535)Node379,((Cardinalis_cardinalis_MTNR1C_CARCAR_R13236,Pheucticus_melanocephalus_MTNR1C_PHEMEL_R00796)Node385,Passerina_amoena_MTNR1C_PASAMO_R09319)Node384)Node378,Calcarius_ornatus_MTNR1C_CALORN_R07236)Node377,Quiscalus_mexicanus_MTNR1C_QUIMEX_R10392)Node376,Rhodinocichla_rosea_MTNR1C_RHOROS_R01657)Node375,Nesospiza_acunhae_MTNR1C_NESACU_R06799)Node374,(Loxia_curvirostra_MTNR1C_LOXCUR_R05768,Loxia_leucoptera_MTNR1C_LOXLEU_R09732)Node393)Node373)Node325,(Prunella_fulvescens_MTNR1C_PRUFUL_R04394,Prunella_himalayana_MTNR1C_PRUHIM_R03034)Node396)Node324,Motacilla_alba_MTNR1C_MOTALB_R02060)Node322,((Peucedramus_taeniatus_MTNR1C_PEUTAE_R06035,Irena_cyanogastra_MTNR1C_IRECYA_R03399)Node404,(Panurus_biarmicus_MTNR1C_PANBIA_R00544,Nicator_chloris_MTNR1C_NICCHL_R00529)Node407)Node403)Node321,Ploceus_nigricollis_MTNR1C_PLONIG_R12343)Node319)Node251,(Chaetops_frenatus_MTNR1C_CHAFRE_R08627,((Notiomystis_cincta_MTNR1C_NOTCIN_R00649,Callaeas_wilsoni_MTNR1C_CALWIL_R07018)Node415,(Drymodes_brunneopygia_MTNR1C_DRYBRU_R08824,Malurus_elegans_MTNR1C_MALELE_R01508)Node418)Node414)Node412)Node250,((((Ptilonorhynchus_violaceus_MTNR1C_PTIVIO_R08219,Climacteris_rufus_MTNR1C_CLIRUF_R04718)Node424,Mohoua_ochrocephala_MTNR1C_MOHOCH_R08330)Node423,((Chaetorhynchus_papuensis_MTNR1C_CHAPAP_R08584,Myiagra_hebetior_MTNR1C_MYIHEB_R00567)Node453,(((Vireo_altiloquus_MTNR1C_VIRALT_R06153,Erpornis_zantholeuca_MTNR1C_ERPZAN_R11354)Node434,(Pteruthius_melanotis_MTNR1C_PTEMEL_R00710,Eulacestoma_nigropectus_MTNR1C_EULNIG_R11246,Oreocharis_arfaki_MTNR1C_OREARF_R02050)Node437)Node433,(Orthonyx_spaldingii_MTNR1C_ORTSPA_R11051,Rhipidura_dahli_MTNR1C_RHIDAH_R12436)Node442)Node432,Ifrita_kowaldi_MTNR1C_IFRKOW_R09145,((Struthidea_cinerea_MTNR1C_STRCIN_R11259,Pachycephala_philippinensis_MTNR1C_PACPHI_R01748)Node448,Dicrurus_megarhynchus_MTNR1C_DICMEG_R06949)Node447,Aphelocoma_coerulescens_MTNR1C_APHCOE_R10643)Node429,Oriolus_oriolus_MTNR1C_ORIORI_R06546,Daphoenositta_chrysoptera_MTNR1C_DAPCHR_R11008)Node422,Machaerirhynchus_nigripectus_MTNR1C_MACNIG_R09389)Node421)Node248,(Falcunculus_frontatus_MTNR1C_FALFRO_R03464,Aleadryas_rufinucha_MTNR1C_ALERUF_R10562)Node463)Node237,(Menura_novaehollandiae_MTNR1C_MENNOV_R12878,Atrichornis_clamosus_MTNR1C_ATRCLA_R09824)Node466)Node236,(((Pitta_sordida_MTNR1C_PITSOR_R13760,(Serilophus_lunatus_MTNR1C_SERLUN_R01904,Neodrepanis_coruscans_MTNR1C_NEOCOR_R05594)Node473)Node471,((Calyptomena_viridis_MTNR1C_CALVIR_R03256,Smithornis_capensis_MTNR1C_SMICAP_R08790)Node477,Sapayoa_aenigma_MTNR1C_SAPAEN_R09291)Node476)Node470,(((((((Cephalopterus_ornatus_MTNR1C_CEPORN_R06221,Mionectes_macconnelli_MTNR1C_MIOMAC_R12085)Node487,((Tyrannus_savana_MTNR1C_TYRSAV_R03428,Pachyramphus_minor_MTNR1C_PACMIN_R13680)Node491,Neopipo_cinnamomea_MTNR1C_NEOCIN_R06502)Node490)Node486,Tachuris_rubrigastra_MTNR1C_TACRUB_R04889)Node485,Piprites_chloris_MTNR1C_PIPCHL_R06854)Node484,Manacus_vitellinus_MTNR1C_N305_05451,Pitangus_sulphuratus_MTNR1C_BTVI_83250)Node483,(Oxyruncus_cristatus_MTNR1C_OXYCRI_R07738,Onychorhynchus_coronatus_MTNR1C_ONYCOR_R00141)Node500)Node482,((Grallaria_varia_MTNR1C_GRAVAR_R00214,((((Campylorhamphus_procurvoides_MTNR1C_CAMPRO_R08046,Xiphorhynchus_elegans_MTNR1C_XIPELE_R06815)Node509,Furnarius_figulus_MTNR1C_FURFIG_R12106)Node508,Sclerurus_mexicanus_MTNR1C_SCLMEX_R02034)Node507,Sakesphorus_luctuosus_MTNR1C_SAKLUC_R09460)Node506)Node504,Scytalopus_superciliaris_MTNR1C_SCYSUP_R12251)Node503)Node481)Node469)Node235,Acanthisitta_chloris_MTNR1C_103808916)Node234,((Fregata_magnificens_MTNR1C_FREMAG_R13177,(Psophia_crepitans_MTNR1C_PSOCRE_R11975,Aramus_guarauna_MTNR1C_ARAGUA_R13877)Node231)Node229,(Thalassarche_chlororhynchos_MTNR1C_THACHL_R03841,((Phoenicopterus_ruber_ruber_MTNR1C_N337_04698,(Podilymbus_podiceps_MTNR1C_PODPOD_R01634,Podiceps_cristatus_MTNR1C_N338_04062)Node203)Node201,(((Ciconia_maguari_MTNR1C_CICMAG_R07692,(((Phalacrocorax_carbo_MTNR1C_104045342,((Anhinga_anhinga_MTNR1C_ANHANH_R13456,Anhinga_rufa_MTNR1C_ANHRUF_R09109)Node124,Sula_dactylatra_MTNR1C_SULDAC_R12892)Node123)Node121,((Chionis_minor_MTNR1C_CHIMIN_R11172,Pluvianellus_socialis_MTNR1C_PLUSOC_R08321)Node129,Burhinus_bistriatus_MTNR1C_BURBIS_R12300)Node128)Node120,Sagittarius_serpentarius_MTNR1C_SAGSER_R11407)Node119,Oceanodroma_tethys_MTNR1C_HYDTET_R10591)Node117,(Eurypyga_helias_MTNR1C_104505358,Rhynochetos_jubatus_MTNR1C_RHYJUB_R09029)Node136)Node116,(Ardeotis_kori_MTNR1C_ARDKOR_R10260,Lophotis_ruficrista_MTNR1C_LOPRUF_R13661)Node139)Node115,((Pygoscelis_papua_MTNR1C_KCX85_0007764,Pygoscelis_antarcticus_MTNR1C_FQV08_0013886)Node144,(((Megadyptes_antipodes_antipodes_MTNR1C_FQV17_0013555,Eudyptes_chrysolophus_MTNR1C_FQV09_0006691)Node163,(Eudyptula_albosignata_MTNR1C_FQV20_0014117,Eudyptula_minor_MTNR1C_FQV19_0011282,Eudyptula_novaehollandiae_MTNR1C_FQV18_0013487)Node157,Eudyptes_schlegeli_MTNR1C_FQV10_0008431)Node155,Spheniscus_magellanicus_MTNR1C_FQV22_0004697,Spheniscus_demersus_MTNR1C_FQV21_0015846,Spheniscus_humboldti_MTNR1C_FQV23_0001221,Spheniscus_mendiculus_MTNR1C_FQV24_0006801)Node147)Node143,(((Fregetta_grallaria_MTNR1C_FREGRA_R11631,Oceanites_oceanicus_MTNR1C_OCEOCE_R10434)Node187,(Scopus_umbretta_MTNR1C_SCOUMB_R07445,(Glaucidium_brasilianum_MTNR1C_GLABRA_R02568{0.003106540775747124},Ciccaba_nigrolineata_MTNR1C_CICNIG_R09197)Node171,Phaethon_lepturus_MTNR1C_104620115)Node169,((Nyctibius_bracteatus_MTNR1C_NYCBRA_R07928,Nyctibius_grandis_MTNR1C_NYCGRA_R01597)Node177,(Bucco_capensis_MTNR1C_BUCCAP_R01927,(Pterocles_gutturalis_MTNR1C_104462321,(Syrrhaptes_paradoxus_MTNR1C_SYRPAR_R05646,Pterocles_burchelli_MTNR1C_PTEBUR_R01735)Node184)Node182)Node180)Node176)Node167,(((Aegotheles_bennettii_MTNR1C_AEGBEN_R00097,Hemiprocne_comata_MTNR1C_HEMCOM_R08937)Node192,Steatornis_caripensis_MTNR1C_STECAR_R03122)Node191,(Heliornis_fulica_MTNR1C_HELFUL_R11805,(Atlantisia_rogersi_MTNR1C_ATLROG_R13271,Zapornia_atra_MTNR1C_ZAPATR_R04509)Node198)Node196)Node190)Node166)Node113,(((Corythaeola_cristata_MTNR1C_CORCRI_R05971,Corythaixoides_concolor_MTNR1C_CORCON_R05112)Node224{0.02102880701884902},(Nyctiprogne_leucopyga_MTNR1C_NYCLEU_R01939,Chordeiles_acutipennis_MTNR1C_CHOACU_R04878)Node220,Cathartes_aura_MTNR1C_N323_11549)Node218,(Fulmarus_glacialis_MTNR1C_104072368,(Pelecanoides_urinatrix_MTNR1C_PELURI_R07983,Calonectris_borealis_MTNR1C_CALBOR_R12984)Node210)Node208,((Balaeniceps_rex_MTNR1C_BALREX_R04836,Pelecanus_crispus_MTNR1C_104031807)Node214,Mesembrinibis_cayennensis_MTNR1C_MESCAY_R07265)Node213)Node206)Node111,Cochlearius_cochlearius_MTNR1C_COCCOC_R04839)Node109,((Galbula_dea_MTNR1C_GALDEA_R01995,Turnix_velox_MTNR1C_TURVEL_R05237)Node106,(Caloenas_nicobarica_MTNR1C_CALNIC_R08111,(Columbina_picui_MTNR1C_COLPIC_R04953,Alopecoenas_beccarii_MTNR1C_ALOBEC_R02399)Node102)Node100,Bucorvus_abyssinicus_MTNR1C_BUCABY_R07081)Node98,(Podargus_strigoides_MTNR1C_PODSTR_R09199,((((Uria_aalge_MTNR1C_URIAAL_R00332,Alca_torda_MTNR1C_ALCTOR_R09240)Node63,Cepphus_grylle_MTNR1C_CEPGRY_R00871)Node62,Stercorarius_parasiticus_MTNR1C_STEPAR_R04732,((Rynchops_niger_MTNR1C_RYNNIG_R13984,(Larus_smithsonianus_MTNR1C_LARSMI_R12970,Chroicocephalus_maculipennis_MTNR1C_CHRMAC_R10768)Node72)Node70,Phaetusa_simplex_MTNR1C_PHASIM_R10231)Node69)Node61,(((Glareola_pratincola_MTNR1C_GLAPRA_R01004,Rhinoptilus_africanus_MTNR1C_RHIAFR_R07720)Node78,Dromas_ardeola_MTNR1C_DROARD_R12477)Node77,(((Jacana_jacana_MTNR1C_JACJAC_R11359,(Rostratula_benghalensis_MTNR1C_ROSBEN_R04972,Nycticryphes_semicollaris_MTNR1C_NYCSEM_R11072)Node87)Node85,(Thinocorus_orbignyianus_MTNR1C_THIORB_R13904,Pedionomus_torquatus_MTNR1C_PEDTOR_R11479)Node90)Node84,Arenaria_interpres_MTNR1C_AREINT_R03273)Node83,(Himantopus_himantopus_MTNR1C_HIMHIM_R08372,Ibidorhyncha_struthersii_MTNR1C_IBISTR_R09485)Node94)Node76)Node60)Node58,Urocolius_indicus_MTNR1C_UROIND_R09066)Node54,((Trogon_melanurus_MTNR1C_TROMEL_R06627,(((((Eubucco_bourcierii_MTNR1C_EUBBOU_R11959,Ramphastos_sulfuratus_MTNR1C_RAMSUL_R04747)Node524,Semnornis_frantzii_MTNR1C_SEMFRA_R04702)Node523,Psilopogon_haemacephalus_MTNR1C_PSIHAE_R06903)Node522,Tricholaema_leucomelas_MTNR1C_TRILEU_R09004)Node521,Indicator_maculatus_MTNR1C_INDMAC_R13328)Node520)Node518,(Upupa_epops_MTNR1C_UPUEPO_R05627,Rhinopomastus_cyanomelas_MTNR1C_RHICYA_R03705)Node531)Node517)Node17,Oreotrochilus_melanogaster_MTNR1C_OREMEL_R08458)Node16)Node8,Chelonoidis_abingdonii_MTNR1C_116818509)Node7,Gekko_japonicus_MTNR1C_107115720)Node6)

----

```
 |Xenopus_laevis_MTNR1C_Mel1CR (N.S)
|+Node2 (N.S)
||Xenopus_laevis_MTNR1C_108698430 (N.S)
|Nanorana_parkeri_MTNR1C_108783900 (N.S)
|    |Probosciger_aterrimus_MTNR1C_PROATE_R04090 (N.S)
|   |+Node10 (N.S)
|   ||Eolophus_roseicapilla_MTNR1C_EOLROS_R05093 (N.S)
|  |+Node9 (N.S)
|  |||Amazona_aestiva_MTNR1C_AAES_23638 (N.S)
|  ||+Node13 (N.S)
|  | |Amazona_guildingii_MTNR1C_AMAGUI_R00472 (N.S)
| |+Node8 (N.S)
| ||    |Casuarius_casuarius_MTNR1C_CASCAS_R10656 (N.S)
| ||   |+Node20 (N.S)
| ||   ||Dromaius_novaehollandiae_MTNR1C_112997224 (N.S)
| ||  |+Node19 (N.S)
| ||  || |Eudromia_elegans_MTNR1C_EUDELE_R13198 (N.S)
| ||  |||+Node24 (N.S)
| ||  |||||Nothocercus_nigrocapillus_MTNR1C_NOTNIG_R10004 (N.S)
| ||  ||||+Node26 (N.S)
| ||  ||| |Nothocercus_julius_MTNR1C_NOTJUL_R01539 (N.S)
| ||  ||+Node23 (N.S)
| ||  | | |Crypturellus_undulatus_MTNR1C_CRYUND_R03921 (N.S)
| ||  | ||+Node30 (N.S)
| ||  | |||Crypturellus_soui_MTNR1C_CRYSOU_R11372 (0.02184445313383077)
| ||  | |+Node29 (N.S)
| ||  |  ||Nothoprocta_ornata_MTNR1C_NOTORN_R13134 (N.S)
| ||  |  |+Node33 (N.S)
| ||  |   |Nothoprocta_pentlandii_MTNR1C_NOTPEN_R03154 (N.S)
| || |+Node18 (N.S)
| || ||  |Anseranas_semipalmata_MTNR1C_ANSSEM_R03977 (N.S)
| || || |+Node38 (N.S)
| || || || |Penelope_pileata_MTNR1C_PENPIL_R10490 (N.S)
| || || |||+Node41 (N.S)
| || || |||||Odontophorus_gujanensis_MTNR1C_ODOGUJ_R11098 (N.S)
| || || ||||+Node43 (N.S)
| || || ||| ||Gallus_gallus_MTNR1C_Mel1CR (N.S)
| || || ||| |+Node45 (N.S)
| || || |||  |Meleagris_gallopavo_MTNR1C_100547793 (N.S)
| || || ||+Node40 (N.S)
| || || | |Alectura_lathami_MTNR1C_ALELAT_R02773 (N.S)
| || |||+Node37 (N.S)
| || ||||Chauna_torquata_MTNR1C_CHATOR_R00676 (N.S)
| || ||+Node36 (N.S)
| || | |Asarcornis_scutulata_MTNR1C_ASASCU_R08012 (N.S)
| || ||Merops_nubicus_MTNR1C_103779608 (N.S)
| || |+Node557 (N.S)
| || || |Brachypteracias_leptosomus_MTNR1C_BRALEP_R03096 (N.S)
| || |||+Node560 (N.S)
| || ||||Eurystomus_gularis_MTNR1C_EURGUL_R03289 (N.S)
| || ||+Node559 (N.S)
| || | ||Todus_mexicanus_MTNR1C_TODMEX_R00614 (N.S)
| || | |+Node563 (N.S)
| || |  |  |Chloroceryle_aenea_MTNR1C_CHLAEN_R03401 (N.S)
| || |  | |+Node567 (N.S)
| || |  | ||Ceyx_cyanopectus_MTNR1C_CEYCYA_R03376 (N.S)
| || |  ||+Node566 (N.S)
| || |  |||Halcyon_senegalensis_MTNR1C_HALSEN_R03751 (N.S)
| || |  |+Node565 (N.S)
| || |   |Baryphthengus_martii_MTNR1C_BARMAR_R05987 (N.S)
| |||+Node17 (N.S)
| ||||   |Geococcyx_californianus_MTNR1C_GEOCAL_R07724 (N.S)
| ||||  |+Node537 (N.S)
| ||||  ||Crotophaga_sulcirostris_MTNR1C_CROSUL_R00386 (N.S)
| |||| |+Node536 (N.S)
| |||| || |Centropus_unirufus_MTNR1C_CENUNI_R10180 (N.S)
| |||| |||+Node541 (N.S)
| |||| ||||Centropus_bengalensis_MTNR1C_CENBEN_R13935 (N.S)
| |||| ||+Node540 (N.S)
| |||| | ||Piaya_cayana_MTNR1C_PIACAY_R01560 (N.S)
| |||| | |+Node544 (N.S)
| |||| |  |Ceuthmochares_aereus_MTNR1C_CEUAER_R02637 (N.S)
| |||||+Node535 (N.S)
| ||||||  |Circaetus_pectoralis_MTNR1C_CIRPEC_R10086 (N.S)
| |||||| |+Node549 (N.S)
| |||||| ||Haliaeetus_albicilla_MTNR1C_HALALB_R14947 (N.S)
| |||||||+Node548 (N.S)
| ||||||||Spizaetus_tyrannus_MTNR1C_SPITYR_R01288 (N.S)
| ||||||+Node547 (N.S)
| ||||| |Pandion_haliaetus_MTNR1C_PANHAL_R01092 (N.S)
| ||||+Node534 (N.S)
| ||||||Chunga_burmeisteri_MTNR1C_CHUBUR_R11754 (N.S)
| |||||+Node554 (N.S)
| |||| |Herpetotheres_cachinnans_MTNR1C_HERCAC_R05341 (N.S)
| ||||     |Dryoscopus_gambensis_MTNR1C_DRYGAM_R08281 (N.S)
| ||||    |+Node238 (N.S)
| ||||    || |Gymnorhina_tibicen_MTNR1C_GYMTIB_R14417 (N.S)
| ||||    |||+Node241 (N.S)
| ||||    ||||Mystacornis_crossleyi_MTNR1C_MYSCRO_R10319 (N.S)
| ||||    ||+Node240 (N.S)
| ||||    |||Platysteira_castanea_MTNR1C_DYACAS_R11541 (N.S)
| ||||    ||Rhagologus_leucostigma_MTNR1C_RHALEU_R12674 (N.S)
| ||||   |+Node237 (N.S)
| ||||   || |Lanius_ludovicianus_MTNR1C_LANLUD_R00462 (N.S)
| ||||   |||+Node460 (N.S)
| ||||   ||||Edolisoma_coerulescens_MTNR1C_EDOCOE_R01170 (N.S)
| ||||   ||+Node248 (N.S)
| ||||   |||  |Catharus_fuscescens_MTNR1C_CATFUS_R11229 (N.S)
| ||||   |||  | |Regulus_satrapa_MTNR1C_REGSAT_R08742 (N.S)
| ||||   |||  ||+Node302 (N.S)
| ||||   |||  |||  |Anthoscopus_minutus_MTNR1C_ANTMIN_R10770 (N.S)
| ||||   |||  ||| |+Node306 (N.S)
| ||||   |||  ||| || |Picathartes_gymnocephalus_MTNR1C_PICGYM_R11787 (N.S)
| ||||   |||  ||| |||+Node309 (N.S)
| ||||   |||  ||| ||||Cnemophilus_loriae_MTNR1C_CNELOR_R11626 (N.S)
| ||||   |||  ||| ||+Node308 (N.S)
| ||||   |||  ||| | |Melanocharis_versteri_MTNR1C_MELVER_R02964 (N.S)
| ||||   |||  ||||+Node305 (N.S)
| ||||   |||  |||||Urocynchramus_pylzowi_MTNR1C_UROPYL_R08952 (N.S)
| ||||   |||  |||+Node304 (N.S)
| ||||   |||  || |Leptocoma_aspasia_MTNR1C_LEPASP_R08054 (N.S)
| ||||   |||  |+Node301 (N.S)
| ||||   |||  |||Chloropsis_hardwickii_MTNR1C_CHLHAR_R08029 (N.S)
| ||||   |||  ||+Node315 (N.S)
| ||||   |||  | |Chloropsis_cyanopogon_MTNR1C_CHLCYA_R07259 (N.S)
| ||||   ||| |+Node252 (N.S)
| ||||   ||| ||        |Toxostoma_redivivum_MTNR1C_TOXRED_R11727 (N.S)
| ||||   ||| ||       |+Node263 (N.S)
| ||||   ||| ||       ||Buphagus_erythrorhynchus_MTNR1C_BUPERY_R06720 (N.S)
| ||||   ||| ||       ||Turdus_rufiventris_MTNR1C_TURU_102679 (N.S)
| ||||   ||| ||      |+Node262 (N.S)
| ||||   ||| ||      ||Leucopsar_rothschildi_MTNR1C_LEUROT_R10000 (N.S)
| ||||   ||| ||     |+Node261 (N.S)
| ||||   ||| ||     ||Rhabdornis_inornatus_MTNR1C_RHAINO_R15092 (N.S)
| ||||   ||| ||    |+Node260 (N.S)
| ||||   ||| ||    ||  |Erithacus_rubecula_MTNR1C_ERIRUB_R10157 (N.S)
| ||||   ||| ||    || |+Node272 (N.S)
| ||||   ||| ||    || ||Oenanthe_oenanthe_MTNR1C_OENOEN_R07097 (N.S)
| ||||   ||| ||    |||+Node271 (N.S)
| ||||   ||| ||    |||||Cercotrichas_coryphoeus_MTNR1C_CERCOR_R05555 (N.S)
| ||||   ||| ||    ||||+Node275 (N.S)
| ||||   ||| ||    ||| |Copsychus_sechellarum_MTNR1C_COPSEC_R03756 (N.S)
| ||||   ||| ||    ||+Node270 (N.S)
| ||||   ||| ||    | |Cinclus_mexicanus_MTNR1C_CINMEX_R04765 (N.S)
| ||||   ||| ||   |+Node259 (N.S)
| ||||   ||| ||   |||Certhia_brachydactyla_MTNR1C_CERBRA_R09408 (N.S)
| ||||   ||| ||   ||+Node279 (N.S)
| ||||   ||| ||   | |Certhia_familiaris_MTNR1C_CERFAM_R04208 (N.S)
| ||||   ||| ||  |+Node258 (N.S)
| ||||   ||| ||  ||Elachura_formosa_MTNR1C_ELAFOR_R12574 (N.S)
| ||||   ||| || |+Node257 (N.S)
| ||||   ||| || |||Polioptila_caerulea_MTNR1C_POLCAE_R09037 (N.S)
| ||||   ||| || ||+Node283 (N.S)
| ||||   ||| || | |Thryothorus_ludovicianus_MTNR1C_THRLUD_R01583 (N.S)
| ||||   ||| |||+Node256 (N.S)
| ||||   ||| |||| |Pomatostomus_ruficeps_MTNR1C_POSRUF_R08565 (N.S)
| ||||   ||| |||||+Node287 (N.S)
| ||||   ||| |||||| |Dasyornis_broadbenti_MTNR1C_DASBRO_R00032 (N.S)
| ||||   ||| |||||||+Node290 (N.S)
| ||||   ||| ||||||||Origma_solitaria_MTNR1C_ORISOL_R00796 (N.S)
| ||||   ||| ||||||+Node289 (N.S)
| ||||   ||| ||||| |Pardalotus_punctatus_MTNR1C_PARPUN_R05933 (N.S)
| ||||   ||| ||||+Node286 (N.S)
| ||||   ||| ||| |Ptilorrhoa_leucosticta_MTNR1C_PTILEU_R13852 (N.S)
| ||||   ||| ||+Node255 (N.S)
| ||||   ||| ||||Sitta_europaea_MTNR1C_SITEUR_R01923 (N.S)
| ||||   ||| |||+Node296 (N.S)
| ||||   ||| ||||Tichodroma_muraria_MTNR1C_TICMUR_R01090 (N.S)
| ||||   ||| |||Promerops_cafer_MTNR1C_PROCAF_R11894 (N.S)
| ||||   ||| ||Phainopepla_nitens_MTNR1C_PHANIT_R00293 (N.S)
| ||||   ||||+Node251 (N.S)
| ||||   ||||||Bombycilla_garrulus_MTNR1C_BOMGAR_R03312 (N.S)
| ||||   |||||+Node319 (N.S)
| ||||   |||| |  |Hypocryptadius_cinnamomeus_MTNR1C_HYPCIN_R05032 (N.S)
| ||||   |||| | |+Node400 (N.S)
| ||||   |||| | ||Dicaeum_eximium_MTNR1C_DICEXI_R04528 (N.S)
| ||||   |||| ||+Node322 (N.S)
| ||||   |||| |||   |Hylia_prasina_MTNR1C_HYLPRA_R09038 (N.S)
| ||||   |||| |||  |+Node327 (N.S)
| ||||   |||| |||  ||    |Illadopsis_cleaveri_MTNR1C_ILLCLE_R03869 (N.S)
| ||||   |||| |||  ||   |+Node333 (N.S)
| ||||   |||| |||  ||   ||  |Leiothrix_lutea_MTNR1C_LEILUT_R01277 (N.S)
| ||||   |||| |||  ||   || |+Node337 (N.S)
| ||||   |||| |||  ||   || |||Cisticola_juncidis_MTNR1C_CISJUN_R09510 (N.S)
| ||||   |||| |||  ||   || ||+Node339 (N.S)
| ||||   |||| |||  ||   || | ||Aegithalos_caudatus_MTNR1C_AEGCAU_R05887 (N.S)
| ||||   |||| |||  ||   || | |+Node341 (N.S)
| ||||   |||| |||  ||   || |  |Alaudala_cheleensis_MTNR1C_ALACHE_R07321 (N.S)
| ||||   |||| |||  ||   |||+Node336 (N.S)
| ||||   |||| |||  ||   ||||Sinosuthora_webbiana_MTNR1C_SINWEB_R02263 (N.S)
| ||||   |||| |||  ||   ||+Node335 (N.S)
| ||||   |||| |||  ||   ||||Sylvia_atricapilla_MTNR1C_SYLATR_R03915 (N.S)
| ||||   |||| |||  ||   |||+Node345 (N.S)
| ||||   |||| |||  ||   || |Sylvia_borin_MTNR1C_SYLBOR_R00389 (N.S)
| ||||   |||| |||  ||   || |Sterrhoptilus_dennistouni_MTNR1C_STEDEN_R10291 (N.S)
| ||||   |||| |||  ||   |||+Node349 (N.S)
| ||||   |||| |||  ||   ||||Zosterops_hypoxanthus_MTNR1C_ZOSHYP_R11793 (N.S)
| ||||   |||| |||  ||   ||+Node348 (N.S)
| ||||   |||| |||  ||   | |Pomatorhinus_ruficollis_MTNR1C_PORRUF_R03884 (N.S)
| ||||   |||| |||  ||  |+Node332 (N.S)
| ||||   |||| |||  ||  |||Brachypodius_atriceps_MTNR1C_BRAATR_R11973 (N.S)
| ||||   |||| |||  ||  ||+Node354 (N.S)
| ||||   |||| |||  ||  | |Pycnonotus_jocosus_MTNR1C_PYCJOC_R09091 (N.S)
| ||||   |||| |||  || |+Node331 (N.S)
| ||||   |||| |||  || ||Oxylabes_madagascariensis_MTNR1C_OXYMAD_R05265 (N.S)
| ||||   |||| |||  |||+Node330 (N.S)
| ||||   |||| |||  ||||Locustella_ochotensis_MTNR1C_LOCOCH_R11176 (N.S)
| ||||   |||| |||  ||+Node329 (N.S)
| ||||   |||| |||  |||  |Cettia_cetti_MTNR1C_CETCET_R06983 (N.S)
| ||||   |||| |||  ||| |+Node361 (N.S)
| ||||   |||| |||  ||| ||Horornis_vulcanius_MTNR1C_HORVUL_R07519 (N.S)
| ||||   |||| |||  ||||+Node360 (N.S)
| ||||   |||| |||  |||||Erythrocercus_mccallii_MTNR1C_ERYMCC_R04342 (N.S)
| ||||   |||| |||  |||+Node359 (N.S)
| ||||   |||| |||  || ||Sylvietta_virens_MTNR1C_SYLVIR_R00165 (N.S)
| ||||   |||| |||  || |+Node365 (N.S)
| ||||   |||| |||  ||  |Rhadina_sibilatrix_MTNR1C_RHASIB_R03396 (N.S)
| ||||   |||| |||  ||Donacobius_atricapilla_MTNR1C_DONATR_R03403 (N.S)
| ||||   |||| ||| |+Node326 (N.S)
| ||||   |||| ||| |||Acrocephalus_arundinaceus_MTNR1C_ACRARU_R01347 (N.S)
| ||||   |||| ||| ||+Node370 (N.S)
| ||||   |||| ||| | |Hippolais_icterina_MTNR1C_HIPICT_R00636 (N.S)
| ||||   |||| ||||+Node325 (N.S)
| ||||   |||| |||||       |Setophaga_kirtlandii_MTNR1C_SETKIR_R09028 (N.S)
| ||||   |||| |||||      |+Node380 (N.S)
| ||||   |||| |||||      ||Spizella_passerina_MTNR1C_SPIPAS_R03292 (N.S)
| ||||   |||| |||||     |+Node379 (N.S)
| ||||   |||| |||||     ||Emberiza_fucata_MTNR1C_EMBFUC_R02535 (N.S)
| ||||   |||| |||||    |+Node378 (N.S)
| ||||   |||| |||||    || |Cardinalis_cardinalis_MTNR1C_CARCAR_R13236 (N.S)
| ||||   |||| |||||    |||+Node385 (N.S)
| ||||   |||| |||||    ||||Pheucticus_melanocephalus_MTNR1C_PHEMEL_R00796 (N.S)
| ||||   |||| |||||    ||+Node384 (N.S)
| ||||   |||| |||||    | |Passerina_amoena_MTNR1C_PASAMO_R09319 (N.S)
| ||||   |||| |||||   |+Node377 (N.S)
| ||||   |||| |||||   ||Calcarius_ornatus_MTNR1C_CALORN_R07236 (N.S)
| ||||   |||| |||||  |+Node376 (N.S)
| ||||   |||| |||||  ||Quiscalus_mexicanus_MTNR1C_QUIMEX_R10392 (N.S)
| ||||   |||| ||||| |+Node375 (N.S)
| ||||   |||| ||||| ||Rhodinocichla_rosea_MTNR1C_RHOROS_R01657 (N.S)
| ||||   |||| ||||||+Node374 (N.S)
| ||||   |||| |||||||Nesospiza_acunhae_MTNR1C_NESACU_R06799 (N.S)
| ||||   |||| |||||+Node373 (N.S)
| ||||   |||| |||| ||Loxia_curvirostra_MTNR1C_LOXCUR_R05768 (N.S)
| ||||   |||| |||| |+Node393 (N.S)
| ||||   |||| ||||  |Loxia_leucoptera_MTNR1C_LOXLEU_R09732 (N.S)
| ||||   |||| |||+Node324 (N.S)
| ||||   |||| |||||Prunella_fulvescens_MTNR1C_PRUFUL_R04394 (N.S)
| ||||   |||| ||||+Node396 (N.S)
| ||||   |||| ||| |Prunella_himalayana_MTNR1C_PRUHIM_R03034 (N.S)
| ||||   |||| |||Motacilla_alba_MTNR1C_MOTALB_R02060 (N.S)
| ||||   |||| |+Node321 (N.S)
| ||||   |||| || |Peucedramus_taeniatus_MTNR1C_PEUTAE_R06035 (N.S)
| ||||   |||| |||+Node404 (N.S)
| ||||   |||| ||||Irena_cyanogastra_MTNR1C_IRECYA_R03399 (N.S)
| ||||   |||| ||+Node403 (N.S)
| ||||   |||| | ||Panurus_biarmicus_MTNR1C_PANBIA_R00544 (N.S)
| ||||   |||| | |+Node407 (N.S)
| ||||   |||| |  |Nicator_chloris_MTNR1C_NICCHL_R00529 (N.S)
| ||||   |||| |Ploceus_nigricollis_MTNR1C_PLONIG_R12343 (N.S)
| ||||   |||+Node250 (N.S)
| ||||   |||||Chaetops_frenatus_MTNR1C_CHAFRE_R08627 (N.S)
| ||||   ||||+Node412 (N.S)
| ||||   ||| | |Notiomystis_cincta_MTNR1C_NOTCIN_R00649 (N.S)
| ||||   ||| ||+Node415 (N.S)
| ||||   ||| |||Callaeas_wilsoni_MTNR1C_CALWIL_R07018 (N.S)
| ||||   ||| |+Node414 (N.S)
| ||||   |||  ||Drymodes_brunneopygia_MTNR1C_DRYBRU_R08824 (N.S)
| ||||   |||  |+Node418 (N.S)
| ||||   |||   |Malurus_elegans_MTNR1C_MALELE_R01508 (N.S)
| ||||   |||   |Ptilonorhynchus_violaceus_MTNR1C_PTIVIO_R08219 (N.S)
| ||||   |||  |+Node424 (N.S)
| ||||   |||  ||Climacteris_rufus_MTNR1C_CLIRUF_R04718 (N.S)
| ||||   ||| |+Node423 (N.S)
| ||||   ||| ||Mohoua_ochrocephala_MTNR1C_MOHOCH_R08330 (N.S)
| ||||   ||| | |Chaetorhynchus_papuensis_MTNR1C_CHAPAP_R08584 (N.S)
| ||||   ||| ||+Node453 (N.S)
| ||||   ||| |||Myiagra_hebetior_MTNR1C_MYIHEB_R00567 (N.S)
| ||||   ||| ||  |Vireo_altiloquus_MTNR1C_VIRALT_R06153 (N.S)
| ||||   ||| || |+Node434 (N.S)
| ||||   ||| || ||Erpornis_zantholeuca_MTNR1C_ERPZAN_R11354 (N.S)
| ||||   ||| |||+Node433 (N.S)
| ||||   ||| |||||Pteruthius_melanotis_MTNR1C_PTEMEL_R00710 (N.S)
| ||||   ||| ||||+Node437 (N.S)
| ||||   ||| ||| |Eulacestoma_nigropectus_MTNR1C_EULNIG_R11246 (N.S)
| ||||   ||| ||| |Oreocharis_arfaki_MTNR1C_OREARF_R02050 (N.S)
| ||||   ||| ||+Node432 (N.S)
| ||||   ||| ||||Orthonyx_spaldingii_MTNR1C_ORTSPA_R11051 (N.S)
| ||||   ||| |||+Node442 (N.S)
| ||||   ||| || |Rhipidura_dahli_MTNR1C_RHIDAH_R12436 (N.S)
| ||||   ||| |+Node429 (N.S)
| ||||   ||| ||Ifrita_kowaldi_MTNR1C_IFRKOW_R09145 (N.S)
| ||||   ||| || |Struthidea_cinerea_MTNR1C_STRCIN_R11259 (N.S)
| ||||   ||| |||+Node448 (N.S)
| ||||   ||| ||||Pachycephala_philippinensis_MTNR1C_PACPHI_R01748 (N.S)
| ||||   ||| ||+Node447 (N.S)
| ||||   ||| |||Dicrurus_megarhynchus_MTNR1C_DICMEG_R06949 (N.S)
| ||||   ||| ||Aphelocoma_coerulescens_MTNR1C_APHCOE_R10643 (N.S)
| ||||   ||||+Node422 (N.S)
| ||||   |||||Oriolus_oriolus_MTNR1C_ORIORI_R06546 (N.S)
| ||||   |||||Daphoenositta_chrysoptera_MTNR1C_DAPCHR_R11008 (N.S)
| ||||   |||+Node421 (N.S)
| ||||   || |Machaerirhynchus_nigripectus_MTNR1C_MACNIG_R09389 (N.S)
| ||||   |||Falcunculus_frontatus_MTNR1C_FALFRO_R03464 (N.S)
| ||||   ||+Node463 (N.S)
| ||||   | |Aleadryas_rufinucha_MTNR1C_ALERUF_R10562 (N.S)
| ||||  |+Node236 (N.S)
| ||||  |||Menura_novaehollandiae_MTNR1C_MENNOV_R12878 (N.S)
| ||||  ||+Node466 (N.S)
| ||||  | |Atrichornis_clamosus_MTNR1C_ATRCLA_R09824 (N.S)
| |||| |+Node235 (N.S)
| |||| ||  |Pitta_sordida_MTNR1C_PITSOR_R13760 (N.S)
| |||| || |+Node471 (N.S)
| |||| || |||Serilophus_lunatus_MTNR1C_SERLUN_R01904 (N.S)
| |||| || ||+Node473 (N.S)
| |||| || | |Neodrepanis_coruscans_MTNR1C_NEOCOR_R05594 (N.S)
| |||| |||+Node470 (N.S)
| |||| |||| |Calyptomena_viridis_MTNR1C_CALVIR_R03256 (N.S)
| |||| |||||+Node477 (N.S)
| |||| ||||||Smithornis_capensis_MTNR1C_SMICAP_R08790 (N.S)
| |||| ||||+Node476 (N.S)
| |||| ||| |Sapayoa_aenigma_MTNR1C_SAPAEN_R09291 (N.S)
| |||| ||+Node469 (N.S)
| |||| | |      |Cephalopterus_ornatus_MTNR1C_CEPORN_R06221 (N.S)
| |||| | |     |+Node487 (N.S)
| |||| | |     ||Mionectes_macconnelli_MTNR1C_MIOMAC_R12085 (N.S)
| |||| | |    |+Node486 (N.S)
| |||| | |    || |Tyrannus_savana_MTNR1C_TYRSAV_R03428 (N.S)
| |||| | |    |||+Node491 (N.S)
| |||| | |    ||||Pachyramphus_minor_MTNR1C_PACMIN_R13680 (N.S)
| |||| | |    ||+Node490 (N.S)
| |||| | |    | |Neopipo_cinnamomea_MTNR1C_NEOCIN_R06502 (N.S)
| |||| | |   |+Node485 (N.S)
| |||| | |   ||Tachuris_rubrigastra_MTNR1C_TACRUB_R04889 (N.S)
| |||| | |  |+Node484 (N.S)
| |||| | |  ||Piprites_chloris_MTNR1C_PIPCHL_R06854 (N.S)
| |||| | | |+Node483 (N.S)
| |||| | | ||Manacus_vitellinus_MTNR1C_N305_05451 (N.S)
| |||| | | ||Pitangus_sulphuratus_MTNR1C_BTVI_83250 (N.S)
| |||| | ||+Node482 (N.S)
| |||| | ||||Oxyruncus_cristatus_MTNR1C_OXYCRI_R07738 (N.S)
| |||| | |||+Node500 (N.S)
| |||| | || |Onychorhynchus_coronatus_MTNR1C_ONYCOR_R00141 (N.S)
| |||| | |+Node481 (N.S)
| |||| |  | |Grallaria_varia_MTNR1C_GRAVAR_R00214 (N.S)
| |||| |  ||+Node504 (N.S)
| |||| |  |||   |Campylorhamphus_procurvoides_MTNR1C_CAMPRO_R08046 (N.S)
| |||| |  |||  |+Node509 (N.S)
| |||| |  |||  ||Xiphorhynchus_elegans_MTNR1C_XIPELE_R06815 (N.S)
| |||| |  ||| |+Node508 (N.S)
| |||| |  ||| ||Furnarius_figulus_MTNR1C_FURFIG_R12106 (N.S)
| |||| |  ||||+Node507 (N.S)
| |||| |  |||||Sclerurus_mexicanus_MTNR1C_SCLMEX_R02034 (N.S)
| |||| |  |||+Node506 (N.S)
| |||| |  || |Sakesphorus_luctuosus_MTNR1C_SAKLUC_R09460 (N.S)
| |||| |  |+Node503 (N.S)
| |||| |   |Scytalopus_superciliaris_MTNR1C_SCYSUP_R12251 (N.S)
| |||||+Node234 (N.S)
| ||||||Acanthisitta_chloris_MTNR1C_103808916 (N.S)
| ||||| |Fregata_magnificens_MTNR1C_FREMAG_R13177 (N.S)
| ||||||+Node229 (N.S)
| ||||||||Psophia_crepitans_MTNR1C_PSOCRE_R11975 (N.S)
| |||||||+Node231 (N.S)
| |||||| |Aramus_guarauna_MTNR1C_ARAGUA_R13877 (N.S)
| |||||+Node109 (N.S)
| |||||||Thalassarche_chlororhynchos_MTNR1C_THACHL_R03841 (N.S)
| ||||||+Node111 (N.S)
| ||||||| |Phoenicopterus_ruber_ruber_MTNR1C_N337_04698 (N.S)
| ||||||||+Node201 (N.S)
| ||||||||||Podilymbus_podiceps_MTNR1C_PODPOD_R01634 (N.S)
| |||||||||+Node203 (N.S)
| |||||||| |Podiceps_cristatus_MTNR1C_N338_04062 (N.S)
| ||||||||  |Ciconia_maguari_MTNR1C_CICMAG_R07692 (N.S)
| |||||||| |+Node117 (N.S)
| |||||||| ||  |Phalacrocorax_carbo_MTNR1C_104045342 (N.S)
| |||||||| || |+Node121 (N.S)
| |||||||| || || |Anhinga_anhinga_MTNR1C_ANHANH_R13456 (N.S)
| |||||||| || |||+Node124 (N.S)
| |||||||| || ||||Anhinga_rufa_MTNR1C_ANHRUF_R09109 (N.S)
| |||||||| || ||+Node123 (N.S)
| |||||||| || | |Sula_dactylatra_MTNR1C_SULDAC_R12892 (N.S)
| |||||||| |||+Node120 (N.S)
| |||||||| |||| |Chionis_minor_MTNR1C_CHIMIN_R11172 (N.S)
| |||||||| |||||+Node129 (N.S)
| |||||||| ||||||Pluvianellus_socialis_MTNR1C_PLUSOC_R08321 (N.S)
| |||||||| ||||+Node128 (N.S)
| |||||||| ||| |Burhinus_bistriatus_MTNR1C_BURBIS_R12300 (N.S)
| |||||||| ||+Node119 (N.S)
| |||||||| |||Sagittarius_serpentarius_MTNR1C_SAGSER_R11407 (N.S)
| |||||||| ||Oceanodroma_tethys_MTNR1C_HYDTET_R10591 (N.S)
| |||||||||+Node116 (N.S)
| |||||||||||Eurypyga_helias_MTNR1C_104505358 (N.S)
| ||||||||||+Node136 (N.S)
| ||||||||| |Rhynochetos_jubatus_MTNR1C_RHYJUB_R09029 (N.S)
| ||||||||+Node115 (N.S)
| ||||||||||Ardeotis_kori_MTNR1C_ARDKOR_R10260 (N.S)
| |||||||||+Node139 (N.S)
| |||||||| |Lophotis_ruficrista_MTNR1C_LOPRUF_R13661 (N.S)
| |||||||+Node113 (N.S)
| |||||||| |Pygoscelis_papua_MTNR1C_KCX85_0007764 (N.S)
| |||||||||+Node144 (N.S)
| ||||||||||Pygoscelis_antarcticus_MTNR1C_FQV08_0013886 (N.S)
| ||||||||+Node143 (N.S)
| |||||||||  |Megadyptes_antipodes_antipodes_MTNR1C_FQV17_0013555 (N.S)
| ||||||||| |+Node163 (N.S)
| ||||||||| ||Eudyptes_chrysolophus_MTNR1C_FQV09_0006691 (N.S)
| ||||||||||+Node155 (N.S)
| ||||||||||||Eudyptula_albosignata_MTNR1C_FQV20_0014117 (N.S)
| |||||||||||+Node157 (N.S)
| ||||||||||||Eudyptula_minor_MTNR1C_FQV19_0011282 (N.S)
| ||||||||||||Eudyptula_novaehollandiae_MTNR1C_FQV18_0013487 (N.S)
| |||||||||||Eudyptes_schlegeli_MTNR1C_FQV10_0008431 (N.S)
| ||||||||||Spheniscus_magellanicus_MTNR1C_FQV22_0004697 (N.S)
| |||||||||+Node147 (N.S)
| |||||||| |Spheniscus_demersus_MTNR1C_FQV21_0015846 (N.S)
| |||||||| |Spheniscus_humboldti_MTNR1C_FQV23_0001221 (N.S)
| |||||||| |Spheniscus_mendiculus_MTNR1C_FQV24_0006801 (N.S)
| ||||||||  |Fregetta_grallaria_MTNR1C_FREGRA_R11631 (N.S)
| |||||||| |+Node187 (N.S)
| |||||||| ||Oceanites_oceanicus_MTNR1C_OCEOCE_R10434 (N.S)
| |||||||||+Node167 (N.S)
| |||||||||||Scopus_umbretta_MTNR1C_SCOUMB_R07445 (N.S)
| ||||||||||+Node169 (N.S)
| ||||||||||||Glaucidium_brasilianum_MTNR1C_GLABRA_R02568 (0.003106540775747124)
| |||||||||||+Node171 (N.S)
| ||||||||||||Ciccaba_nigrolineata_MTNR1C_CICNIG_R09197 (N.S)
| |||||||||||Phaethon_lepturus_MTNR1C_104620115 (N.S)
| |||||||||| |Nyctibius_bracteatus_MTNR1C_NYCBRA_R07928 (N.S)
| |||||||||||+Node177 (N.S)
| ||||||||||||Nyctibius_grandis_MTNR1C_NYCGRA_R01597 (N.S)
| ||||||||||+Node176 (N.S)
| ||||||||| ||Bucco_capensis_MTNR1C_BUCCAP_R01927 (N.S)
| ||||||||| |+Node180 (N.S)
| |||||||||  ||Pterocles_gutturalis_MTNR1C_104462321 (N.S)
| |||||||||  |+Node182 (N.S)
| |||||||||   ||Syrrhaptes_paradoxus_MTNR1C_SYRPAR_R05646 (N.S)
| |||||||||   |+Node184 (N.S)
| |||||||||    |Pterocles_burchelli_MTNR1C_PTEBUR_R01735 (N.S)
| ||||||||+Node166 (N.S)
| ||||||| |  |Aegotheles_bennettii_MTNR1C_AEGBEN_R00097 (N.S)
| ||||||| | |+Node192 (N.S)
| ||||||| | ||Hemiprocne_comata_MTNR1C_HEMCOM_R08937 (N.S)
| ||||||| ||+Node191 (N.S)
| ||||||| |||Steatornis_caripensis_MTNR1C_STECAR_R03122 (N.S)
| ||||||| |+Node190 (N.S)
| |||||||  ||Heliornis_fulica_MTNR1C_HELFUL_R11805 (N.S)
| |||||||  |+Node196 (N.S)
| |||||||   ||Atlantisia_rogersi_MTNR1C_ATLROG_R13271 (N.S)
| |||||||   |+Node198 (N.S)
| |||||||    |Zapornia_atra_MTNR1C_ZAPATR_R04509 (N.S)
| |||||||  |Corythaeola_cristata_MTNR1C_CORCRI_R05971 (N.S)
| ||||||| |+Node224 (0.02102880701884902)
| ||||||| ||Corythaixoides_concolor_MTNR1C_CORCON_R05112 (N.S)
| ||||||||+Node218 (N.S)
| ||||||||||Nyctiprogne_leucopyga_MTNR1C_NYCLEU_R01939 (N.S)
| |||||||||+Node220 (N.S)
| ||||||||||Chordeiles_acutipennis_MTNR1C_CHOACU_R04878 (N.S)
| |||||||||Cathartes_aura_MTNR1C_N323_11549 (N.S)
| |||||||+Node206 (N.S)
| |||||| ||Fulmarus_glacialis_MTNR1C_104072368 (N.S)
| |||||| |+Node208 (N.S)
| |||||| |||Pelecanoides_urinatrix_MTNR1C_PELURI_R07983 (N.S)
| |||||| ||+Node210 (N.S)
| |||||| | |Calonectris_borealis_MTNR1C_CALBOR_R12984 (N.S)
| |||||| | |Balaeniceps_rex_MTNR1C_BALREX_R04836 (N.S)
| |||||| ||+Node214 (N.S)
| |||||| |||Pelecanus_crispus_MTNR1C_104031807 (N.S)
| |||||| |+Node213 (N.S)
| ||||||  |Mesembrinibis_cayennensis_MTNR1C_MESCAY_R07265 (N.S)
| ||||||Cochlearius_cochlearius_MTNR1C_COCCOC_R04839 (N.S)
| ||||+Node54 (N.S)
| ||||| |Galbula_dea_MTNR1C_GALDEA_R01995 (N.S)
| ||||||+Node106 (N.S)
| |||||||Turnix_velox_MTNR1C_TURVEL_R05237 (N.S)
| |||||+Node98 (N.S)
| |||||||Caloenas_nicobarica_MTNR1C_CALNIC_R08111 (N.S)
| ||||||+Node100 (N.S)
| ||||||||Columbina_picui_MTNR1C_COLPIC_R04953 (N.S)
| |||||||+Node102 (N.S)
| |||||| |Alopecoenas_beccarii_MTNR1C_ALOBEC_R02399 (N.S)
| ||||||Bucorvus_abyssinicus_MTNR1C_BUCABY_R07081 (N.S)
| ||||||Podargus_strigoides_MTNR1C_PODSTR_R09199 (N.S)
| |||||+Node58 (N.S)
| ||||||   |Uria_aalge_MTNR1C_URIAAL_R00332 (N.S)
| ||||||  |+Node63 (N.S)
| ||||||  ||Alca_torda_MTNR1C_ALCTOR_R09240 (N.S)
| |||||| |+Node62 (N.S)
| |||||| ||Cepphus_grylle_MTNR1C_CEPGRY_R00871 (N.S)
| |||||||+Node61 (N.S)
| ||||||||Stercorarius_parasiticus_MTNR1C_STEPAR_R04732 (N.S)
| |||||||| |Rynchops_niger_MTNR1C_RYNNIG_R13984 (N.S)
| |||||||||+Node70 (N.S)
| |||||||||||Larus_smithsonianus_MTNR1C_LARSMI_R12970 (N.S)
| ||||||||||+Node72 (N.S)
| ||||||||| |Chroicocephalus_maculipennis_MTNR1C_CHRMAC_R10768 (N.S)
| ||||||||+Node69 (N.S)
| ||||||| |Phaetusa_simplex_MTNR1C_PHASIM_R10231 (N.S)
| ||||||+Node60 (N.S)
| ||||| |  |Glareola_pratincola_MTNR1C_GLAPRA_R01004 (N.S)
| ||||| | |+Node78 (N.S)
| ||||| | ||Rhinoptilus_africanus_MTNR1C_RHIAFR_R07720 (N.S)
| ||||| ||+Node77 (N.S)
| ||||| |||Dromas_ardeola_MTNR1C_DROARD_R12477 (N.S)
| ||||| |+Node76 (N.S)
| |||||  |  |Jacana_jacana_MTNR1C_JACJAC_R11359 (N.S)
| |||||  | |+Node85 (N.S)
| |||||  | |||Rostratula_benghalensis_MTNR1C_ROSBEN_R04972 (N.S)
| |||||  | ||+Node87 (N.S)
| |||||  | | |Nycticryphes_semicollaris_MTNR1C_NYCSEM_R11072 (N.S)
| |||||  ||+Node84 (N.S)
| |||||  ||||Thinocorus_orbignyianus_MTNR1C_THIORB_R13904 (N.S)
| |||||  |||+Node90 (N.S)
| |||||  || |Pedionomus_torquatus_MTNR1C_PEDTOR_R11479 (N.S)
| |||||  |+Node83 (N.S)
| |||||  ||Arenaria_interpres_MTNR1C_AREINT_R03273 (N.S)
| |||||  ||Himantopus_himantopus_MTNR1C_HIMHIM_R08372 (N.S)
| |||||  |+Node94 (N.S)
| |||||   |Ibidorhyncha_struthersii_MTNR1C_IBISTR_R09485 (N.S)
| |||||Urocolius_indicus_MTNR1C_UROIND_R09066 (N.S)
| |||| |Trogon_melanurus_MTNR1C_TROMEL_R06627 (N.S)
| |||||+Node518 (N.S)
| ||||||    |Eubucco_bourcierii_MTNR1C_EUBBOU_R11959 (N.S)
| ||||||   |+Node524 (N.S)
| ||||||   ||Ramphastos_sulfuratus_MTNR1C_RAMSUL_R04747 (N.S)
| ||||||  |+Node523 (N.S)
| ||||||  ||Semnornis_frantzii_MTNR1C_SEMFRA_R04702 (N.S)
| |||||| |+Node522 (N.S)
| |||||| ||Psilopogon_haemacephalus_MTNR1C_PSIHAE_R06903 (N.S)
| |||||||+Node521 (N.S)
| ||||||||Tricholaema_leucomelas_MTNR1C_TRILEU_R09004 (N.S)
| ||||||+Node520 (N.S)
| ||||| |Indicator_maculatus_MTNR1C_INDMAC_R13328 (N.S)
| ||||+Node517 (N.S)
| ||| ||Upupa_epops_MTNR1C_UPUEPO_R05627 (N.S)
| ||| |+Node531 (N.S)
| |||  |Rhinopomastus_cyanomelas_MTNR1C_RHICYA_R03705 (N.S)
| ||+Node16 (N.S)
| | |Oreotrochilus_melanogaster_MTNR1C_OREMEL_R08458 (N.S)
||+Node7 (N.S)
|||Chelonoidis_abingdonii_MTNR1C_116818509 (N.S)
|+Node6 (N.S)
 |Gekko_japonicus_MTNR1C_107115720 (N.S)
```

