
Analysis Description
--------------------
aBSREL (Adaptive branch-site random effects likelihood) uses an adaptive
random effects branch-site model framework to test whether each branch
has evolved under positive selection, using a procedure which infers an
optimal number of rate categories per branch. v2.2 adds support for
multiple-hit models. v2.3 adds support for SRV. v2.5 adds support for
ancestral state reconstruction, identification of sites contributing to
selection signal, and some diagnostics. v2.6 adds tree reports and ASCII
art

- __Requirements__: in-frame codon alignment and a phylogenetic tree

- __Citation__:  Less Is More: An Adaptive Branch-Site Random Effects Model for
Efficient Detection of Episodic Diversifying Selection (2015). Mol Biol
Evol 32 (5): 1342-1353. 

- __Written by__: Sergei L Kosakovsky Pond, Ben Murrell, Steven Weaver and Temple iGEM /
UCSD viral evolution group

- __Contact Information__: spond@temple.edu

- __Analysis Version__: 2.6

[Advanced option] Bag of little bootstrap alignment resampling rate (permissible range = [0.01,1], default value = 1): blb: 1

>code => Universal

-------
>[WARNING]
'/Users/saramattiolo/tesi_melatonina/alignment_prank/MTNR1B_prank.best.fas'
contains 13 duplicate sequences. Identical sequences do not contribute
any information to the analysis and only slow down computation. Please
consider removing duplicate or 'nearly' duplicate sequences, e.g. using
https://github.com/veg/hyphy-analyses/tree/master/remove-duplicates
prior to running selection analyses
-------
/Users/saramattiolo/tesi_melatonina/hyphy/MTNR1B_tree.nwk
/Users/saramattiolo/tesi_melatonina/hyphy/MTNR1B_tree.nwk

>Loaded a multiple sequence alignment with **515** sequences, **3150** codons, and **1** partitions from `/Users/saramattiolo/tesi_melatonina/alignment_prank/MTNR1B_prank.best.fas`

>branches => All

>multiple-hits => None

>srv => No


### * Selected 1027 branches for testing: `Rhinatrema_bivittatum_MTNR1B_115091496, Geotrypetes_seraphini_MTNR1B_117362347, Microcaecilia_unicolor_MTNR1B_115468227, Node8, Node6, Bombina_bombina_MTNR1B_128654617, Spea_bombifrons_MTNR1B_128474251, Leptobrachium_leishanense_MTNR1B_MTNR1B, Node14, Node12, Bufo_bufo_MTNR1B_120994190, Bufo_gargarizans_MTNR1B_122932696, Node20, Hyla_sarda_MTNR1B_130358331, Hyla_sarda_MTNR1B_130358330, Node23, Node19, Rana_temporaria_MTNR1B_120928981, Nanorana_parkeri_MTNR1B_108788772, Node26, Node18, Xenopus_laevis_MTNR1B_108710014, Xenopus_laevis_MTNR1B_108708755, Node29, Node17, Node11, Node5, Caretta_caretta_MTNR1B_125633428, Caretta_caretta_MTNR1B_MTNR1B, Node37, Chelonia_mydas_MTNR1B_102947942, Node36, Dermochelys_coriacea_MTNR1B_119862322, Node35, Chrysemys_picta_bellii_MTNR1B_101931799, Chrysemys_picta_MTNR1B_MTNR1B, Node45, Trachemys_scripta_elegans_MTNR1B_117871834, Malaclemys_terrapin_pileata_MTNR1B_128830037, Node48, Node44, Terrapene_carolina_triunguis_MTNR1B_112104539, Node43, Chelonoidis_abingdonii_MTNR1B_116818384, Gopherus_flavomarginatus_MTNR1B_127045711, Gopherus_evgoodei_MTNR1B_115645789, Gopherus_evgoodei_MTNR1B_MTNR1B, Node57, Node55, Node53, Mauremys_reevesii_MTNR1B_120390701, Node52, Node42, Node34, Pelodiscus_sinensis_MTNR1B_102444642, Node33, Alligator_mississippiensis_MTNR1B_102567490, Alligator_sinensis_MTNR1B_102367853, Node64, Crocodylus_porosus_MTNR1B_109305549, Gavialis_gangeticus_MTNR1B_109302208, Node67, Node63, Casuarius_casuarius_MTNR1B_CASCAS_R11541, Dromaius_novaehollandiae_MTNR1B_112988551, Node74, Eudromia_elegans_MTNR1B_EUDELE_R09478, Crypturellus_undulatus_MTNR1B_CRYUND_R10727, Crypturellus_soui_MTNR1B_CRYSOU_R04982, Node81, Nothocercus_julius_MTNR1B_NOTJUL_R00765, Node80, Node78, Nothoprocta_perdicaria_MTNR1B_112958995, Nothoprocta_ornata_MTNR1B_NOTORN_R10826, Nothoprocta_pentlandii_MTNR1B_NOTPEN_R01114, Node87, Node85, Node77, Node73, Apteryx_rowi_MTNR1B_112969060, Node72, Struthio_camelus_australis_MTNR1B_104151773, Node71, Aix_galericulata_MTNR1B_LUU34_00726000, Cairina_moschata_domestica_MTNR1B_MTNR1B, Node100, Anas_platyrhynchos_MTNR1B_101805311, Anas_zonorhyncha_MTNR1B_MTNR1B, Node103, Node99, Asarcornis_scutulata_MTNR1B_ASASCU_R11932, Aythya_fuligula_MTNR1B_116502149, Node106, Node98, Cygnus_atratus_MTNR1B_118245936, Cygnus_olor_MTNR1B_121063641, Node110, Anser_cygnoides_MTNR1B_106034133, Node109, Node97, Oxyura_jamaicensis_MTNR1B_118168457, Node96, Anseranas_semipalmata_MTNR1B_ANSSEM_R10934, Node95, Chauna_torquata_MTNR1B_CHATOR_R06605, Node94, Numida_meleagris_MTNR1B_110390737, Odontophorus_gujanensis_MTNR1B_ODOGUJ_R01019, Node121, Centrocercus_urophasianus_MTNR1B_122171423, Tympanuchus_pallidicinctus_MTNR1B_128074465, Node127, Lagopus_leucura_MTNR1B_122175133, Lagopus_muta_MTNR1B_125695144, Node130, Node126, Meleagris_gallopavo_MTNR1B_104909381, Node125, Phasianus_colchicus_MTNR1B_116244432, Node124, Node120, Gallus_gallus_MTNR1B_Mel1BR, Coturnix_japonica_MTNR1B_107308448, Node135, Node119, Penelope_pileata_MTNR1B_PENPIL_R12386, Node118, Alectura_lathami_MTNR1B_ALELAT_R11136, Node117, Node93, Grus_americana_MTNR1B_129214676, Aramus_guarauna_MTNR1B_ARAGUA_R06810, Node148, Psophia_crepitans_MTNR1B_PSOCRE_R04301, Heliornis_fulica_MTNR1B_HELFUL_R01094, Node151, Node147, Steatornis_caripensis_MTNR1B_STECAR_R09772, Node146, Apus_apus_MTNR1B_127385623, Hemiprocne_comata_MTNR1B_HEMCOM_R00847, Node158, Calypte_anna_MTNR1B_103534562, Oreotrochilus_melanogaster_MTNR1B_OREMEL_R12895, Node161, Node157, Aegotheles_bennettii_MTNR1B_AEGBEN_R13885, Node156, Podargus_strigoides_MTNR1B_PODSTR_R08020, Node155, Node145, Falco_peregrinus_MTNR1B_101910504, Falco_rusticolus_MTNR1B_119143244, Node174, Falco_cherrug_MTNR1B_102058996, Node173, Falco_biarmicus_MTNR1B_130144704, Node172, Falco_tinnunculus_MTNR1B_MTNR1B, Falco_naumanni_MTNR1B_121083468, Node179, Node171, Herpetotheres_cachinnans_MTNR1B_HERCAC_R06577, Node170, Bucorvus_abyssinicus_MTNR1B_BUCABY_R02486, Buceros_rhinoceros_silvestris_MTNR1B_104501473, Node184, Chloroceryle_aenea_MTNR1B_CHLAEN_R09243, Ceyx_cyanopectus_MTNR1B_CEYCYA_R06739, Node188, Halcyon_senegalensis_MTNR1B_HALSEN_R14105, Node187, Node183, Node169, Gymnogyps_californianus_MTNR1B_127024216, Node168, Accipiter_gentilis_MTNR1B_126048492, Haliaeetus_albicilla_MTNR1B_HALALB_R01016, Haliaeetus_leucocephalus_MTNR1B_104838481, Node200, Node198, Harpia_harpyja_MTNR1B_128153488, Node197, Aquila_chrysaetos_chrysaetos_MTNR1B_115353560, Spizaetus_tyrannus_MTNR1B_SPITYR_R09301, Node205, Circaetus_pectoralis_MTNR1B_CIRPEC_R00790, Node204, Node196, Ardeotis_kori_MTNR1B_ARDKOR_R08476, Lophotis_ruficrista_MTNR1B_LOPRUF_R09847, Node209, Node195, Amazona_aestiva_MTNR1B_AAES_107064, Amazona_guildingii_MTNR1B_AMAGUI_R01169, Node216, Melopsittacus_undulatus_MTNR1B_101877508, Pezoporus_wallicus_MTNR1B_130606340, Node219, Node215, Probosciger_aterrimus_MTNR1B_PROATE_R07922, Eolophus_roseicapilla_MTNR1B_EOLROS_R00926, Node222, Node214, Nestor_notabilis_MTNR1B_104411137, Strigops_habroptila_MTNR1B_115604221, Node225, Node213, Chionis_minor_MTNR1B_CHIMIN_R12793, Pluvianellus_socialis_MTNR1B_PLUSOC_R06962, Node229, Burhinus_bistriatus_MTNR1B_BURBIS_R10285, Node228, Node212, Node194, Uria_aalge_MTNR1B_URIAAL_R14161, Cepphus_grylle_MTNR1B_CEPGRY_R04289, Node238, Stercorarius_parasiticus_MTNR1B_STEPAR_R06862, Node237, Rissa_tridactyla_MTNR1B_128915050, Larus_smithsonianus_MTNR1B_LARSMI_R13890, Node245, Chroicocephalus_maculipennis_MTNR1B_CHRMAC_R10564, Node244, Phaetusa_simplex_MTNR1B_PHASIM_R01031, Node243, Rynchops_niger_MTNR1B_RYNNIG_R10871, Node242, Node236, Glareola_pratincola_MTNR1B_GLAPRA_R06677, Rhinoptilus_africanus_MTNR1B_RHIAFR_R05227, Node252, Dromas_ardeola_MTNR1B_DROARD_R02575, Node251, Node235, Jacana_jacana_MTNR1B_JACJAC_R07732, Rostratula_benghalensis_MTNR1B_ROSBEN_R08942, Nycticryphes_semicollaris_MTNR1B_NYCSEM_R01866, Node261, Node259, Thinocorus_orbignyianus_MTNR1B_THIORB_R10965, Pedionomus_torquatus_MTNR1B_PEDTOR_R13227, Node264, Node258, Arenaria_interpres_MTNR1B_AREINT_R00927, Calidris_pugnax_MTNR1B_106897608, Node268, Limosa_lapponica_baueri_MTNR1B_llap_19763, Node267, Node257, Turnix_velox_MTNR1B_TURVEL_R08681, Node256, Node234, Charadrius_vociferus_MTNR1B_104283038, Himantopus_himantopus_MTNR1B_HIMHIM_R04147, Ibidorhyncha_struthersii_MTNR1B_IBISTR_R08413, Node275, Node273, Node233, Node193, Node167, Chunga_burmeisteri_MTNR1B_CHUBUR_R03551, Node166, Node144, Aptenodytes_forsteri_MTNR1B_103904761, Aptenodytes_patagonicus_MTNR1B_MTNR1B_2, Node281, Pygoscelis_papua_MTNR1B_KCX85_0012992, Eudyptes_moseleyi_MTNR1B_MTNR1B, Eudyptes_pachyrhynchus_MTNR1B_MTNR1B, Node288, Eudyptes_filholi_MTNR1B_MTNR1B, Node287, Eudyptes_chrysocome_MTNR1B_MTNR1B, Node286, Node284, Node280, Pelecanoides_urinatrix_MTNR1B_PELURI_R09688, Calonectris_borealis_MTNR1B_CALBOR_R06471, Node294, Oceanodroma_tethys_MTNR1B_HYDTET_R03865, Node293, Node279, Node143, Columba_livia_MTNR1B_102095424, Patagioenas_fasciata_monilis_MTNR1B_AV530_011159, Node303, Columbina_picui_MTNR1B_COLPIC_R02418, Caloenas_nicobarica_MTNR1B_CALNIC_R07478, Alopecoenas_beccarii_MTNR1B_ALOBEC_R10269, Node308, Node306, Node302, Gymnorhina_tibicen_MTNR1B_GYMTIB_R13840, Rhagologus_leucostigma_MTNR1B_RHALEU_R04220, Node327, Platysteira_castanea_MTNR1B_DYACAS_R08704, Node326, Chaetorhynchus_papuensis_MTNR1B_CHAPAP_R00712, Machaerirhynchus_nigripectus_MTNR1B_MACNIG_R11425, Node331, Node325, Edolisoma_coerulescens_MTNR1B_EDOCOE_R13482, Node324, Lanius_ludovicianus_MTNR1B_LANLUD_R09599, Ifrita_kowaldi_MTNR1B_IFRKOW_R00350, Node337, Aphelocoma_coerulescens_MTNR1B_APHCOE_R07191, Corvus_kubaryi_MTNR1B_121662638, Corvus_hawaiiensis_MTNR1B_125321827, Corvus_moneduloides_MTNR1B_116439512, Node347, Node345, Corvus_brachyrhynchos_MTNR1B_103616752, Node344, Corvus_cornix_cornix_MTNR1B_104690350, Node343, Node341, Myiagra_hebetior_MTNR1B_MYIHEB_R02341, Node340, Node336, Dicrurus_megarhynchus_MTNR1B_DICMEG_R00486, Node335, Node323, Ptilorrhoa_leucosticta_MTNR1B_PTILEU_R09153, Mohoua_ochrocephala_MTNR1B_MOHOCH_R13693, Oreocharis_arfaki_MTNR1B_OREARF_R06727, Node356, Node354, Node322, Vireo_altiloquus_MTNR1B_VIRALT_R12332, Erpornis_zantholeuca_MTNR1B_ERPZAN_R03896, Node360, Dryoscopus_gambensis_MTNR1B_DRYGAM_R13331, Daphoenositta_chrysoptera_MTNR1B_DAPCHR_R13145, Node366, Falcunculus_frontatus_MTNR1B_FALFRO_R10892, Node365, Mystacornis_crossleyi_MTNR1B_MYSCRO_R04002, Pteruthius_melanotis_MTNR1B_PTEMEL_R03781, Node371, Horornis_vulcanius_MTNR1B_HORVUL_R09800, Node370, Node364, Cnemophilus_loriae_MTNR1B_CNELOR_R01660, Node363, Node359, Node321, Oriolus_oriolus_MTNR1B_ORIORI_R12176, Pachycephala_philippinensis_MTNR1B_PACPHI_R09388, Node377, Aleadryas_rufinucha_MTNR1B_ALERUF_R12557, Node376, Node320, Serinus_canaria_MTNR1B_103827257, Loxia_curvirostra_MTNR1B_LOXCUR_R08617, Loxia_leucoptera_MTNR1B_LOXLEU_R10654, Node398, Node396, Haemorhous_mexicanus_MTNR1B_MTNR1B, Node395, Agelaius_phoeniceus_MTNR1B_129117198, Quiscalus_mexicanus_MTNR1B_QUIMEX_R05596, Molothrus_ater_MTNR1B_118692886, Node408, Node406, Melozone_crissalis_MTNR1B_128933142, Melospiza_georgiana_MTNR1B_131080635, Ammospiza_nelsoni_MTNR1B_132069773, Ammospiza_caudacuta_MTNR1B_131554448, Node418, Node416, Spizella_passerina_MTNR1B_SPIPAS_R07488, Calcarius_ornatus_MTNR1B_CALORN_R13576, Node423, Nesospiza_acunhae_MTNR1B_NESACU_R05102, Node422, Zonotrichia_albicollis_MTNR1B_102065760, Node421, Node415, Node413, Camarhynchus_parvulus_MTNR1B_115905023, Passerina_amoena_MTNR1B_PASAMO_R05827, Node429, Pheucticus_melanocephalus_MTNR1B_PHEMEL_R04285, Node428, Node412, Setophaga_kirtlandii_MTNR1B_SETKIR_R04101, Node411, Node405, Emberiza_fucata_MTNR1B_EMBFUC_R10148, Node404, Rhodinocichla_rosea_MTNR1B_RHOROS_R03444, Node403, Ploceus_nigricollis_MTNR1B_PLONIG_R02550, Node402, Node394, Motacilla_alba_MTNR1B_MOTALB_R11945, Motacilla_alba_alba_MTNR1B_119706779, Node438, Prunella_fulvescens_MTNR1B_PRUFUL_R06059, Prunella_himalayana_MTNR1B_PRUHIM_R09060, Node441, Node437, Node393, Passer_montanus_MTNR1B_120506782, Pyrgilauda_ruficollis_MTNR1B_121364207, Onychostruthus_taczanowskii_MTNR1B_121342541, Node446, Node444, Node392, Hypocryptadius_cinnamomeus_MTNR1B_HYPCIN_R00576, Node391, Taeniopygia_guttata_MTNR1B_751588, Lonchura_striata_domestica_MTNR1B_110478410, Node451, Vidua_chalybeata_MTNR1B_128784004, Vidua_macroura_MTNR1B_128803599, Node454, Node450, Node390, Sturnus_vulgaris_MTNR1B_106853954, Leucopsar_rothschildi_MTNR1B_LEUROT_R08378, Node462, Buphagus_erythrorhynchus_MTNR1B_BUPERY_R02506, Node461, Rhabdornis_inornatus_MTNR1B_RHAINO_R06516, Node460, Elachura_formosa_MTNR1B_ELAFOR_R06954, Node459, Catharus_ustulatus_MTNR1B_116993023, Catharus_fuscescens_MTNR1B_CATFUS_R08259, Turdus_rufiventris_MTNR1B_TURU_029891, Node470, Node468, Node458, Peucedramus_taeniatus_MTNR1B_PEUTAE_R05277, Node457, Node389, Parus_major_MTNR1B_107213109, Pseudopodoces_humilis_MTNR1B_102105967, Node477, Cyanistes_caeruleus_MTNR1B_111924848, Node476, Poecile_atricapillus_MTNR1B_131585508, Node475, Anthoscopus_minutus_MTNR1B_ANTMIN_R05215, Node474, Node388, Erithacus_rubecula_MTNR1B_ERIRUB_R06532, Ficedula_albicollis_MTNR1B_101813273, Node487, Oenanthe_oenanthe_MTNR1B_OENOEN_R08455, Oenanthe_melanoleuca_MTNR1B_130258835, Node490, Node486, Cercotrichas_coryphoeus_MTNR1B_CERCOR_R08584, Copsychus_sechellarum_MTNR1B_COPSEC_R10383, Node493, Node485, Sterrhoptilus_dennistouni_MTNR1B_STEDEN_R13217, Zosterops_hypoxanthus_MTNR1B_ZOSHYP_R10026, Node496, Node484, Polioptila_caerulea_MTNR1B_POLCAE_R09529, Oxylabes_madagascariensis_MTNR1B_OXYMAD_R04734, Node499, Node483, Node387, Aegithalos_caudatus_MTNR1B_AEGCAU_R13956, Donacobius_atricapilla_MTNR1B_DONATR_R05163, Node503, Nicator_chloris_MTNR1B_NICCHL_R10743, Alaudala_cheleensis_MTNR1B_ALACHE_R03865, Node506, Node502, Node386, Hirundo_rustica_MTNR1B_120748807, Thryothorus_ludovicianus_MTNR1B_THRLUD_R08287, Erythrocercus_mccallii_MTNR1B_ERYMCC_R02436, Node511, Node509, Node385, Regulus_satrapa_MTNR1B_REGSAT_R12255, Panurus_biarmicus_MTNR1B_PANBIA_R00922, Brachypodius_atriceps_MTNR1B_BRAATR_R01452, Pycnonotus_jocosus_MTNR1B_PYCJOC_R13337, Node521, Node519, Dicaeum_eximium_MTNR1B_DICEXI_R12296, Leptocoma_aspasia_MTNR1B_LEPASP_R11482, Node524, Node518, Node516, Acrocephalus_arundinaceus_MTNR1B_ACRARU_R05284, Node515, Certhia_brachydactyla_MTNR1B_CERBRA_R07180, Certhia_familiaris_MTNR1B_CERFAM_R01509, Node529, Bombycilla_garrulus_MTNR1B_BOMGAR_R04795, Node528, Node514, Node384, Leiothrix_lutea_MTNR1B_LEILUT_R06777, Illadopsis_cleaveri_MTNR1B_ILLCLE_R13475, Node537, Pomatorhinus_ruficollis_MTNR1B_PORRUF_R09328, Node536, Sylvia_atricapilla_MTNR1B_SYLATR_R09233, Sylvia_borin_MTNR1B_SYLBOR_R04594, Node542, Sinosuthora_webbiana_MTNR1B_SINWEB_R01568, Node541, Node535, Cisticola_juncidis_MTNR1B_CISJUN_R07437, Locustella_ochotensis_MTNR1B_LOCOCH_R12134, Node547, Promerops_cafer_MTNR1B_PROCAF_R02204, Node546, Node534, Cettia_cetti_MTNR1B_CETCET_R11050, Rhadina_sibilatrix_MTNR1B_RHASIB_R02241, Node551, Node533, Node383, Sitta_europaea_MTNR1B_SITEUR_R12823, Cinclus_mexicanus_MTNR1B_CINMEX_R12406, Node555, Irena_cyanogastra_MTNR1B_IRECYA_R09256, Chloropsis_hardwickii_MTNR1B_CHLHAR_R10914, Chloropsis_cyanopogon_MTNR1B_CHLCYA_R00847, Node560, Node558, Node554, Node382, Melanocharis_versteri_MTNR1B_MELVER_R01812, Drymodes_brunneopygia_MTNR1B_DRYBRU_R05518, Node564, Notiomystis_cincta_MTNR1B_NOTCIN_R05581, Callaeas_wilsoni_MTNR1B_CALWIL_R03285, Node567, Node563, Node381, Node319, Chaetops_frenatus_MTNR1B_CHAFRE_R13700, Node318, Pomatostomus_ruficeps_MTNR1B_POSRUF_R08919, Dasyornis_broadbenti_MTNR1B_DASBRO_R15008, Grantiella_picta_MTNR1B_GRAPIC_R06615, Node576, Origma_solitaria_MTNR1B_ORISOL_R10255, Node575, Pardalotus_punctatus_MTNR1B_PARPUN_R10382, Node574, Malurus_elegans_MTNR1B_MALELE_R02379, Malurus_cyaneus_samueli_MTNR1B_MTNR1B, Node581, Node573, Node571, Node317, Orthonyx_spaldingii_MTNR1B_ORTSPA_R14319, Node316, Ptilonorhynchus_violaceus_MTNR1B_PTIVIO_R00673, Node315, Climacteris_rufus_MTNR1B_CLIRUF_R08601, Node314, Menura_novaehollandiae_MTNR1B_MENNOV_R08887, Atrichornis_clamosus_MTNR1B_ATRCLA_R00700, Node587, Node313, Cephalopterus_ornatus_MTNR1B_CEPORN_R06965, Neopelma_chrysocephalum_MTNR1B_113964784, Corapipo_altera_MTNR1B_113950069, Node597, Chiroxiphia_lanceolata_MTNR1B_116783329, Node596, Lepidothrix_coronata_MTNR1B_108499599, Manacus_candei_MTNR1B_127467550, Node602, Pipra_filicauda_MTNR1B_114003560, Node601, Node595, Oxyruncus_cristatus_MTNR1B_OXYCRI_R02777, Piprites_chloris_MTNR1B_PIPCHL_R04172, Tyrannus_savana_MTNR1B_TYRSAV_R09930, Pitangus_sulphuratus_MTNR1B_BTVI_42777, Myiozetetes_cayanensis_MTNR1B_126649490, Node616, Node614, Empidonax_traillii_MTNR1B_114070320, Node613, Mionectes_macconnelli_MTNR1B_MIOMAC_R14617, Node612, Neopipo_cinnamomea_MTNR1B_NEOCIN_R09906, Tachuris_rubrigastra_MTNR1B_TACRUB_R09013, Node621, Node611, Node609, Onychorhynchus_coronatus_MTNR1B_ONYCOR_R11553, Node608, Node606, Node594, Node592, Grallaria_varia_MTNR1B_GRAVAR_R12802, Campylorhamphus_procurvoides_MTNR1B_CAMPRO_R02307, Xiphorhynchus_elegans_MTNR1B_XIPELE_R05194, Node631, Furnarius_figulus_MTNR1B_FURFIG_R04304, Node630, Sclerurus_mexicanus_MTNR1B_SCLMEX_R09763, Node629, Formicarius_rufipectus_MTNR1B_FORRUF_R09870, Node628, Sakesphorus_luctuosus_MTNR1B_SAKLUC_R08662, Willisornis_vidua_MTNR1B_WISP_01921, Node637, Node627, Node625, Node591, Calyptomena_viridis_MTNR1B_CALVIR_R05258, Smithornis_capensis_MTNR1B_SMICAP_R03568, Node642, Serilophus_lunatus_MTNR1B_SERLUN_R10119, Node641, Sapayoa_aenigma_MTNR1B_SAPAEN_R06463, Node640, Node590, Node312, Eubucco_bourcierii_MTNR1B_EUBBOU_R02550, Semnornis_frantzii_MTNR1B_SEMFRA_R03277, Ramphastos_sulfuratus_MTNR1B_RAMSUL_R01382, Node656, Node654, Tricholaema_leucomelas_MTNR1B_TRILEU_R01050, Node653, Psilopogon_haemacephalus_MTNR1B_PSIHAE_R11127, Node652, Dryobates_pubescens_MTNR1B_104305302, Node651, Indicator_maculatus_MTNR1B_INDMAC_R06052, Indicator_indicator_MTNR1B_128968066, Node662, Node650, Bucco_capensis_MTNR1B_BUCCAP_R05673, Galbula_dea_MTNR1B_GALDEA_R09863, Node665, Node649, Rhinopomastus_cyanomelas_MTNR1B_RHICYA_R04917, Node648, Urocolius_indicus_MTNR1B_UROIND_R08062, Node647, Node311, Node301, Fregetta_grallaria_MTNR1B_FREGRA_R02731, Oceanites_oceanicus_MTNR1B_OCEOCE_R11717, Node670, Node300, Pterocles_gutturalis_MTNR1B_104467363, Pterocles_burchelli_MTNR1B_PTEBUR_R04836, Node674, Syrrhaptes_paradoxus_MTNR1B_SYRPAR_R12847, Node673, Node299, Geococcyx_californianus_MTNR1B_GEOCAL_R02561, Trogon_melanurus_MTNR1B_TROMEL_R00484, Node683, Fulmarus_glacialis_MTNR1B_104071827, Ciconia_maguari_MTNR1B_CICMAG_R08326, Node690, Sagittarius_serpentarius_MTNR1B_SAGSER_R06596, Brachypteracias_leptosomus_MTNR1B_BRALEP_R11182, Eurystomus_gularis_MTNR1B_EURGUL_R14231, Node696, Baryphthengus_martii_MTNR1B_BARMAR_R11306, Node695, Node693, Node689, Nyctibius_bracteatus_MTNR1B_NYCBRA_R12945, Nyctibius_grandis_MTNR1B_NYCGRA_R13099, Node703, Antrostomus_carolinensis_MTNR1B_104519303, Node702, Corythaeola_cristata_MTNR1B_CORCRI_R12271, Corythaixoides_concolor_MTNR1B_CORCON_R13352, Node708, Atlantisia_rogersi_MTNR1B_ATLROG_R05284, Zapornia_atra_MTNR1B_ZAPATR_R09377, Node711, Node707, Node701, Phaethon_lepturus_MTNR1B_104620551, Node700, Node688, Scopus_umbretta_MTNR1B_SCOUMB_R07336, Mesitornis_unicolor_MTNR1B_104538416, Node716, Anhinga_rufa_MTNR1B_ANHRUF_R02801, Node715, Node687, Pandion_haliaetus_MTNR1B_PANHAL_R06504, Eudyptes_sclateri_MTNR1B_MTNR1B, Node720, Node686, Node682, Pelecanus_crispus_MTNR1B_104027724, Eurypyga_helias_MTNR1B_104511074, Node723, Node681, Nipponia_nippon_MTNR1B_104017384, Node680, Chordeiles_acutipennis_MTNR1B_CHOACU_R06477, Node679, Strix_occidentalis_caurina_MTNR1B_MTNR1B, Ciccaba_nigrolineata_MTNR1B_CICNIG_R10005, Node732, Otus_sunia_MTNR1B_MTNR1B, Node731, Glaucidium_brasilianum_MTNR1B_GLABRA_R01006, Node730, Tyto_alba_MTNR1B_104362096, Tyto_alba_alba_MTNR1B_MTNR1B_2, Node737, Node729, Cochlearius_cochlearius_MTNR1B_COCCOC_R00526, Podilymbus_podiceps_MTNR1B_PODPOD_R05697, Node740, Node728, Node678, Node298, Node142, Fregata_magnificens_MTNR1B_FREMAG_R09275, Node141, Crotophaga_sulcirostris_MTNR1B_CROSUL_R12004, Piaya_cayana_MTNR1B_PIACAY_R02150, Ceuthmochares_aereus_MTNR1B_CEUAER_R00500, Node749, Cuculus_canorus_MTNR1B_104064196, Node748, Centropus_unirufus_MTNR1B_CENUNI_R03451, Centropus_bengalensis_MTNR1B_CENBEN_R00213, Node753, Node747, Node745, Rhynochetos_jubatus_MTNR1B_RHYJUB_R13745, Node744, Node140, Node92, Node70, Node62, Node32, Node4, Turdus_rufiventris_MTNR1B_TURU_127601, Aptenodytes_patagonicus_MTNR1B_MTNR1B, Eudyptes_chrysocome_MTNR1B_MTNR1B_2, Node761, Tyto_alba_alba_MTNR1B_MTNR1B, Node760, Node758, Pteropus_giganteus_MTNR1B_120590217, Miniopterus_natalensis_MTNR1B_107532365, Myotis_myotis_MTNR1B_118662708, Myotis_davidii_MTNR1B_102751740, Node776, Myotis_brandtii_MTNR1B_102260326, Node775, Node773, Molossus_molossus_MTNR1B_118627852, Node772, Node770, Otolemur_garnettii_MTNR1B_100957049, Nycticebus_coucang_MTNR1B_128564556, Node786, Daubentonia_madagascariensis_MTNR1B_MTNR1B, Microcebus_murinus_MTNR1B_105857333, Propithecus_coquereli_MTNR1B_105820691, Node791, Node789, Node785, Mandrillus_leucophaeus_MTNR1B_105550119, Macaca_thibetana_thibetana_MTNR1B_126936291, Macaca_thibetana_thibetana_MTNR1B_MTNR1B, Node799, Macaca_nemestrina_MTNR1B_105484359, Node798, Node796, Rhinopithecus_bieti_MTNR1B_108515031, Rhinopithecus_roxellana_MTNR1B_104657539, Node803, Node795, Pongo_pygmaeus_MTNR1B_129008229, Pongo_abelii_MTNR1B_100431297, Node808, Homo_sapiens_MTNR1B_Mel1BR, Homo_sapiens_MTNR1B_Mel1BR_2, Node811, Node807, Nomascus_leucogenys_MTNR1B_101179499, Hylobates_pileatus_MTNR1B_MTNR1B, Node814, Node806, Node794, Node784, Tupaia_chinensis_MTNR1B_102495117, Node783, Ochotona_princeps_MTNR1B_101525904, Ochotona_curzoniae_MTNR1B_121154010, Node822, Oryctolagus_cuniculus_MTNR1B_100353746, Node821, Castor_canadensis_MTNR1B_109701771, Dipodomys_ordii_MTNR1B_105995145, Dipodomys_spectabilis_MTNR1B_122112335, Node829, Perognathus_longimembris_pacificus_MTNR1B_125350893, Node828, Node826, Node820, Marmota_marmota_marmota_MTNR1B_107145941, Marmota_himalayana_MTNR1B_MTNR1B, Node837, Marmota_monax_MTNR1B_124105260, Node836, Marmota_flaviventris_MTNR1B_114105026, Node835, Sciurus_carolinensis_MTNR1B_124958102, Sciurus_vulgaris_MTNR1B_MTNR1B, Node842, Node834, Myodes_glareolus_MTNR1B_125400708, Microtus_ochrogaster_MTNR1B_101998842, Microtus_oregoni_MTNR1B_121451247, Node852, Microtus_fortis_MTNR1B_126487668, Node851, Node849, Arvicola_amphibius_MTNR1B_119809269, Node848, Peromyscus_eremicus_MTNR1B_131914069, Peromyscus_californicus_insignis_MTNR1B_128119602, Node859, Peromyscus_maniculatus_bairdii_MTNR1B_102920355, Node858, Onychomys_torridus_MTNR1B_118586699, Node857, Node847, Mus_caroli_MTNR1B_110302494, Mus_musculus_MTNR1B_244701, Mus_musculus_MTNR1B_MTNR1B, Node874, Mus_musculus_domesticus_MTNR1B_MTNR1B, Node873, Mus_musculus_castaneus_MTNR1B_MTNR1B, Mus_musculus_musculus_MTNR1B_MTNR1B, Mus_musculus_molossinus_MTNR1B_MTNR1B, Node880, Node878, Node872, Node870, Mus_pahari_MTNR1B_110328523, Node869, Mus_minutoides_MTNR1B_MTNR1B, Node868, Apodemus_sylvaticus_MTNR1B_127690181, Node867, Arvicanthis_niloticus_MTNR1B_117699934, Node866, Rattus_norvegicus_MTNR1B_Mel1BR, Rattus_norvegicus_MTNR1B_Mel1BR_2, Node888, Rattus_rattus_MTNR1B_116908057, Node887, Node865, Meriones_unguiculatus_MTNR1B_110547530, Acomys_cahirinus_MTNR1B_MTNR1B, Acomys_dimidiatus_MTNR1B_MTNR1B, Node894, Node892, Node864, Node846, Jaculus_jaculus_MTNR1B_101615359, Node845, Node833, Node819, Cavia_porcellus_MTNR1B_100724092, Cavia_tschudii_MTNR1B_MTNR1B, Node901, Hydrochoerus_hydrochaeris_MTNR1B_MTNR1B, Node900, Chinchilla_lanigera_MTNR1B_102006023, Node899, Fukomys_damarensis_MTNR1B_104868770, Node898, Node818, Node782, Elephas_maximus_indicus_MTNR1B_126078900, Node781, Node769, Crocuta_crocuta_MTNR1B_MTNR1B, Panthera_uncia_MTNR1B_125938333, Panthera_leo_MTNR1B_122200340, Node915, Panthera_pardus_MTNR1B_109267343, Node914, Felis_catus_x_Leopardus_geoffroyi_MTNR1B_MTNR1B, Node913, Felis_catus_MTNR1B_101083701, Prionailurus_viverrinus_MTNR1B_125177173, Felis_catus_x_Prionailurus_bengalensis_MTNR1B_MTNR1B, Node923, Node921, Lynx_canadensis_MTNR1B_115525595, Node920, Node912, Node910, Canis_lupus_MTNR1B_MTNR1B, Canis_lupus_familiaris_MTNR1B_MTNR1B, Node927, Node909, Martes_zibellina_MTNR1B_MTNR1B, Mustela_putorius_MTNR1B_MTNR1B, Node931, Callorhinus_ursinus_MTNR1B_112840514, Zalophus_californianus_MTNR1B_113913700, Node934, Node930, Node908, Node768, Equus_quagga_MTNR1B_124225175, Equus_przewalskii_MTNR1B_103548037, Node938, Diceros_bicornis_minor_MTNR1B_131408988, Ceratotherium_simum_cottoni_MTNR1B_MTNR1B, Node941, Node937, Node767, Hippopotamus_amphibius_MTNR1B_MTNR1B, Hippopotamus_amphibius_kiboko_MTNR1B_130829040, Node948, Odocoileus_virginianus_texanus_MTNR1B_110127734, Cervus_elaphus_MTNR1B_122705797, Cervus_elaphus_hippelaphus_MTNR1B_Celaphus_00013623, Cervus_canadensis_MTNR1B_122431260, Node957, Cervus_hanglu_yarkandensis_MTNR1B_MTNR1B, Node956, Node954, Node952, Tragelaphus_strepsiceros_MTNR1B_MTNR1B, Bos_mutus_MTNR1B_102277187, Bos_gaurus_MTNR1B_MTNR1B, Bos_indicus_x_Bos_taurus_MTNR1B_113886091, Bison_bison_bison_MTNR1B_104999620, Node971, Node969, Bos_taurus_MTNR1B_MTNR1B, Node968, Node966, Bubalus_bubalis_MTNR1B_102409257, Bubalus_kerabau_MTNR1B_129653860, Node975, Node965, Node963, Capra_hircus_MTNR1B_102176302, Node962, Moschus_berezovskii_MTNR1B_129542121, Node961, Node951, Node947, Phocoena_sinus_MTNR1B_MTNR1B, Node946, Sus_scrofa_MTNR1B_100511397, Node945, Camelus_bactrianus_MTNR1B_105083508, Camelus_ferus_MTNR1B_102518364, Node984, Camelus_dromedarius_MTNR1B_105094616, Node983, Vicugna_pacos_huacaya_MTNR1B_MTNR1B, Node982, Node944, Node766, Monodelphis_domestica_MTNR1B_100015466, Gracilinanus_agilis_MTNR1B_123241323, Node991, Dromiciops_gliroides_MTNR1B_122747863, Node990, Trichosurus_vulpecula_MTNR1B_118835450, Node989, Node765, Node757, Node3, Gekko_japonicus_MTNR1B_107114658, Euleptes_europaea_MTNR1B_130484977, Node997, Eublepharis_macularius_MTNR1B_129326075, Node996, Node2, Sceloporus_undulatus_MTNR1B_121926302, Anolis_carolinensis_MTNR1B_100560838, Node1004, Pogona_vitticeps_MTNR1B_110091096, Node1003, Zootoca_vivipara_MTNR1B_118085260, Podarcis_muralis_MTNR1B_114595621, Podarcis_raffonei_MTNR1B_128412541, Node1012, Lacerta_agilis_MTNR1B_117045238, Node1011, Node1009, Varanus_komodoensis_MTNR1B_123029361, Node1008, Node1002, Pantherophis_guttatus_MTNR1B_117660437, Pantherophis_guttatus_MTNR1B_MTNR1B, Node1019, Naja_naja_MTNR1B_MTNR1B, Pseudonaja_textilis_MTNR1B_113440456, Node1022, Node1018, Thamnophis_elegans_MTNR1B_116510552, Thamnophis_sirtalis_MTNR1B_106545428, Node1025, Node1017, Node1001, Hemicordylus_capensis_MTNR1B_128350275`


### Obtaining branch lengths and nucleotide substitution biases under the nucleotide GTR model

>kill-zero-lengths => Yes

### Deleted 70 zero-length internal branches: `Node106, Node120, Node130, Node143, Node146, Node167, Node169, Node173, Node174, Node193, Node204, Node237, Node243, Node245, Node279, Node287, Node288, Node321, Node323, Node327, Node344, Node345, Node347, Node354, Node359, Node363, Node364, Node371, Node385, Node386, Node391, Node411, Node415, Node421, Node44, Node470, Node48, Node503, Node515, Node518, Node533, Node534, Node554, Node555, Node563, Node596, Node602, Node606, Node611, Node627, Node679, Node680, Node682, Node686, Node687, Node700, Node720, Node723, Node728, Node73, Node799, Node837, Node913, Node915, Node921, Node956, Node957, Node969, Node971, Node984`
* Log(L) = -80211.62, AIC-c = 162493.67 (1035 estimated parameters)
* 1 partition. Total tree length by partition (subs/site) 12.492

### Fitting the baseline model with a single dN/dS class per branch, and no site-to-site variation. 
* Log(L) = -74207.72, AIC-c = 152276.04 (1928 estimated parameters)
* Branch-level non-synonymous/synonymous rate ratio distribution has median  0.18, and 95% of the weight in  0.03 -  1.68

### Determining the optimal number of rate classes per branch using a step up procedure

|              Branch               |  Length  |  Rates   |     Max. dN/dS     |    Log(L)     |     AIC-c     |Best AIC-c so far|
|-----------------------------------|----------|----------|--------------------|---------------|---------------|-----------------|
|              Node760              |   1.21   |    2     |  607.20 ( 8.88%)   |   -74190.59   |   152245.77   |    152245.77    |
|              Node760              |   1.21   |    3     |  144.46 ( 8.90%)   |   -74190.59   |   152249.78   |    152245.77    |
|Turdus_rufiventris_MTNR1B_TURU_1...|   0.54   |    2     |    1.31 (14.49%)   |   -74177.10   |   152222.81   |    152222.81    |
|Turdus_rufiventris_MTNR1B_TURU_1...|   0.54   |    3     |    1.63 ( 7.29%)   |   -74177.11   |   152226.84   |    152222.81    |
|              Node758              |   0.25   |    2     |   >1000 (13.65%)   |   -74165.70   |   152204.02   |    152204.02    |
|              Node758              |   0.25   |    3     |   >1000 (13.76%)   |   -74165.70   |   152208.03   |    152204.02    |
|              Node766              |   0.22   |    2     |   >1000 ( 4.57%)   |   -74158.03   |   152192.69   |    152192.69    |
|              Node766              |   0.22   |    3     |   >1000 ( 4.25%)   |   -74157.92   |   152196.47   |    152192.69    |
|Spea_bombifrons_MTNR1B_128474251...|   0.19   |    2     |    1.15 ( 7.18%)   |   -74153.97   |   152188.57   |    152188.57    |
|Spea_bombifrons_MTNR1B_128474251...|   0.19   |    3     |    3.16 ( 2.19%)   |   -74153.34   |   152191.32   |    152188.57    |
|Bombina_bombina_MTNR1B_128654617...|   0.17   |    2     |    0.86 (12.01%)   |   -74150.12   |   152184.88   |    152184.88    |
|Bombina_bombina_MTNR1B_128654617...|   0.17   |    3     |  225.95 ( 2.17%)   |   -74147.99   |   152184.63   |    152184.63    |
|Bombina_bombina_MTNR1B_128654617...|   0.17   |    4     |  252.14 ( 1.99%)   |   -74148.16   |   152188.98   |    152184.63    |
|              Node757              |   0.16   |    2     |    0.49 (23.79%)   |   -74147.50   |   152187.66   |    152184.63    |
|             Node1017              |   0.16   |    2     |   21.15 ( 2.04%)   |   -74145.57   |   152183.81   |    152183.81    |
|             Node1017              |   0.16   |    3     |   24.91 ( 1.86%)   |   -74145.62   |   152187.92   |    152183.81    |
|              Node11               |   0.16   |    2     |    3.93 ( 5.94%)   |   -74141.00   |   152178.68   |    152178.68    |
|              Node11               |   0.16   |    3     |  199.08 ( 3.37%)   |   -74140.56   |   152181.81   |    152178.68    |
|              Node29               |   0.15   |    2     |   0.05 (100.00%)   |   -74141.00   |   152182.69   |    152178.68    |
|Jaculus_jaculus_MTNR1B_101615359...|   0.14   |    2     |    0.29 (50.92%)   |   -74140.78   |   152182.25   |    152178.68    |
|              Node989              |   0.13   |    2     |  206.03 ( 3.26%)   |   -74137.76   |   152176.21   |    152176.21    |
|              Node989              |   0.13   |    3     |  303.54 ( 3.17%)   |   -74137.73   |   152180.16   |    152176.21    |
|Leptobrachium_leishanense_MTNR1B...|   0.13   |    2     |    0.10 (35.90%)   |   -74137.77   |   152180.23   |    152176.21    |
|Pogona_vitticeps_MTNR1B_11009109...|   0.11   |    2     |   27.50 ( 2.04%)   |   -74128.16   |   152161.01   |    152161.01    |
|Pogona_vitticeps_MTNR1B_11009109...|   0.11   |    3     |   31.45 ( 1.66%)   |   -74128.39   |   152165.48   |    152161.01    |
|Perognathus_longimembris_pacific...|   0.10   |    2     |   34.31 ( 1.94%)   |   -74123.94   |   152156.58   |    152156.58    |
|Perognathus_longimembris_pacific...|   0.10   |    3     |   34.17 ( 1.83%)   |   -74123.97   |   152160.66   |    152156.58    |
|              Node894              |   0.10   |    2     |    1.81 (55.64%)   |   -74123.42   |   152159.56   |    152156.58    |
|Castor_canadensis_MTNR1B_1097017...|   0.10   |    2     |   17.74 ( 5.71%)   |   -74112.12   |   152136.96   |    152136.96    |
|Castor_canadensis_MTNR1B_1097017...|   0.10   |    3     |  847.85 ( 3.78%)   |   -74111.35   |   152139.43   |    152136.96    |
|              Node19               |   0.10   |    2     |    0.10 (16.29%)   |   -74112.07   |   152140.86   |    152136.96    |
|              Node846              |   0.10   |    2     |   91.86 ( 1.06%)   |   -74106.26   |   152129.25   |    152129.25    |
|              Node846              |   0.10   |    3     |   92.00 ( 1.02%)   |   -74106.26   |   152133.25   |    152129.25    |
|Elephas_maximus_indicus_MTNR1B_1...|   0.10   |    2     |    1.34 ( 7.79%)   |   -74106.21   |   152133.16   |    152129.25    |
|Tupaia_chinensis_MTNR1B_10249511...|   0.09   |    2     |    0.63 (43.22%)   |   -74105.84   |   152132.41   |    152129.25    |
|Hemicordylus_capensis_MTNR1B_128...|   0.09   |    2     |   0.05 (100.00%)   |   -74106.26   |   152133.26   |    152129.25    |
|              Node828              |   0.09   |    2     |    2.62 ( 4.13%)   |   -74105.69   |   152132.11   |    152129.25    |
|Euleptes_europaea_MTNR1B_1304849...|   0.09   |    2     |   >1000 ( 3.89%)   |   -74086.16   |   152093.06   |    152093.06    |
|Euleptes_europaea_MTNR1B_1304849...|   0.09   |    3     |   48.09 ( 4.21%)   |   -74085.89   |   152096.53   |    152093.06    |
|               Node5               |   0.09   |    2     |   48.85 ( 1.63%)   |   -74083.06   |   152090.86   |    152090.86    |
|               Node5               |   0.09   |    3     |   59.03 ( 1.54%)   |   -74083.12   |   152095.00   |    152090.86    |
|              Node951              |   0.08   |    2     |    2.77 (10.59%)   |   -74080.47   |   152089.70   |    152089.70    |
|              Node951              |   0.08   |    3     |    3.35 ( 7.09%)   |   -74080.47   |   152093.71   |    152089.70    |
|Varanus_komodoensis_MTNR1B_12302...|   0.08   |    2     |  187.94 ( 2.32%)   |   -74073.94   |   152080.65   |    152080.65    |
|Varanus_komodoensis_MTNR1B_12302...|   0.08   |    3     |  102.00 ( 2.17%)   |   -74073.98   |   152084.74   |    152080.65    |
|    Sus_scrofa_MTNR1B_100511397    |   0.08   |    2     |    0.96 (53.78%)   |   -74073.67   |   152084.11   |    152080.65    |
|Sceloporus_undulatus_MTNR1B_1219...|   0.08   |    2     |  359.42 ( 2.52%)   |   -74062.62   |   152062.02   |    152062.02    |
|Sceloporus_undulatus_MTNR1B_1219...|   0.08   |    3     |   >1000 ( 2.45%)   |   -74062.61   |   152066.01   |    152062.02    |
|              Node26               |   0.08   |    2     |    0.06 (65.13%)   |   -74062.58   |   152065.94   |    152062.02    |
|              Node898              |   0.08   |    2     |    1.70 (23.02%)   |   -74060.97   |   152062.72   |    152062.02    |
|Gekko_japonicus_MTNR1B_107114658...|   0.08   |    2     |   0.11 (100.00%)   |   -74062.58   |   152065.94   |    152062.02    |
|              Node848              |   0.07   |    2     |  982.47 ( 0.67%)   |   -74060.47   |   152061.73   |    152061.73    |
|              Node848              |   0.07   |    3     |  904.54 ( 0.67%)   |   -74060.47   |   152065.74   |    152061.73    |
|              Node18               |   0.07   |    2     |    0.01 (12.18%)   |   -74060.47   |   152065.73   |    152061.73    |
|               Node8               |   0.07   |    2     |    2.96 ( 7.39%)   |   -74057.35   |   152059.49   |    152059.49    |
|               Node8               |   0.07   |    3     |    3.75 ( 4.60%)   |   -74057.40   |   152063.59   |    152059.49    |
|              Node63               |   0.07   |    2     |  166.12 ( 0.85%)   |   -74053.48   |   152055.76   |    152055.76    |
|              Node63               |   0.07   |    3     |  170.47 ( 0.81%)   |   -74053.46   |   152059.73   |    152055.76    |
|   Phocoena_sinus_MTNR1B_MTNR1B    |   0.07   |    2     |    2.18 (21.44%)   |   -74053.33   |   152059.47   |    152055.76    |
|               Node4               |   0.07   |    2     |    6.32 ( 0.57%)   |   -74049.15   |   152051.12   |    152051.12    |
|               Node4               |   0.07   |    3     |  206.63 ( 0.43%)   |   -74048.87   |   152054.56   |    152051.12    |
|             Node1009              |   0.07   |    2     |   0.14 (100.00%)   |   -74049.15   |   152055.11   |    152051.12    |
|Miniopterus_natalensis_MTNR1B_10...|   0.07   |    2     |    0.62 ( 0.16%)   |   -74049.15   |   152055.13   |    152051.12    |
|Fukomys_damarensis_MTNR1B_104868...|   0.06   |    2     |    0.83 (45.90%)   |   -74048.76   |   152054.35   |    152051.12    |
|Eublepharis_macularius_MTNR1B_12...|   0.06   |    2     |    0.49 (29.90%)   |   -74048.89   |   152054.61   |    152051.12    |
|Rhinopomastus_cyanomelas_MTNR1B_...|   0.06   |    2     |    2.38 ( 5.83%)   |   -74045.21   |   152047.24   |    152047.24    |
|Rhinopomastus_cyanomelas_MTNR1B_...|   0.06   |    3     |    2.98 ( 3.75%)   |   -74045.22   |   152051.27   |    152047.24    |
|Molossus_molossus_MTNR1B_1186278...|   0.06   |    2     |    4.73 ( 4.50%)   |   -74044.23   |   152049.29   |    152047.24    |
|   Tyto_alba_alba_MTNR1B_MTNR1B    |   0.06   |    2     |    0.19 (46.49%)   |   -74045.24   |   152051.32   |    152047.24    |
|              Node822              |   0.06   |    2     |    0.26 ( 0.00%)   |   -74045.21   |   152051.25   |    152047.24    |
|Galbula_dea_MTNR1B_GALDEA_R09863...|   0.06   |    2     |    0.03 (33.74%)   |   -74045.21   |   152051.25   |    152047.24    |
|Rhinatrema_bivittatum_MTNR1B_115...|   0.06   |    2     |    2.27 (15.65%)   |   -74042.77   |   152046.38   |    152046.38    |
|Rhinatrema_bivittatum_MTNR1B_115...|   0.06   |    3     |    2.76 (10.15%)   |   -74042.81   |   152050.46   |    152046.38    |
|              Node934              |   0.06   |    2     |    1.79 (29.56%)   |   -74041.46   |   152047.76   |    152046.38    |
|Anolis_carolinensis_MTNR1B_10056...|   0.06   |    2     |    0.49 (37.35%)   |   -74042.72   |   152050.27   |    152046.38    |
|Pteropus_giganteus_MTNR1B_120590...|   0.06   |    2     |    0.42 (89.71%)   |   -74042.77   |   152050.38   |    152046.38    |
|              Node821              |   0.06   |    2     |    1.85 ( 5.78%)   |   -74042.47   |   152049.78   |    152046.38    |
|              Node14               |   0.06   |    2     |   0.05 (100.00%)   |   -74042.71   |   152050.26   |    152046.38    |
|              Node927              |   0.06   |    2     |    0.44 (45.60%)   |   -74042.77   |   152050.39   |    152046.38    |
|Chinchilla_lanigera_MTNR1B_10200...|   0.06   |    2     |    3.53 ( 9.27%)   |   -74036.83   |   152038.50   |    152038.50    |
|Chinchilla_lanigera_MTNR1B_10200...|   0.06   |    3     |    4.59 ( 6.03%)   |   -74036.83   |   152042.50   |    152038.50    |
|              Node23               |   0.06   |    2     |    0.28 ( 0.00%)   |   -74036.83   |   152042.51   |    152038.50    |
|Geotrypetes_seraphini_MTNR1B_117...|   0.05   |    2     |    0.24 (61.72%)   |   -74036.83   |   152042.51   |    152038.50    |
|Meriones_unguiculatus_MTNR1B_110...|   0.05   |    2     |    0.24 (43.36%)   |   -74036.83   |   152042.51   |    152038.50    |
|              Node834              |   0.05   |    2     |    0.25 (50.35%)   |   -74036.85   |   152042.54   |    152038.50    |
|Microcebus_murinus_MTNR1B_105857...|   0.05   |    2     |    1.57 (26.30%)   |   -74035.96   |   152040.77   |    152038.50    |
|Dromiciops_gliroides_MTNR1B_1227...|   0.05   |    2     |    0.21 (99.26%)   |   -74036.83   |   152042.51   |    152038.50    |
|              Node991              |   0.05   |    2     |    0.26 (42.51%)   |   -74036.83   |   152042.51   |    152038.50    |
|  Mustela_putorius_MTNR1B_MTNR1B   |   0.05   |    2     |   >1000 ( 1.73%)   |   -74024.45   |   152017.75   |    152017.75    |
|  Mustela_putorius_MTNR1B_MTNR1B   |   0.05   |    3     |   >1000 ( 1.70%)   |   -74024.44   |   152021.75   |    152017.75    |
|              Node20               |   0.05   |    2     |    2.42 (11.14%)   |   -74022.24   |   152017.34   |    152017.34    |
|              Node20               |   0.05   |    3     |    2.40 (11.28%)   |   -74022.24   |   152021.35   |    152017.34    |
|Microcaecilia_unicolor_MTNR1B_11...|   0.05   |    2     |    3.20 ( 7.83%)   |   -74019.14   |   152015.15   |    152015.15    |
|Microcaecilia_unicolor_MTNR1B_11...|   0.05   |    3     |    4.03 ( 4.99%)   |   -74019.19   |   152019.26   |    152015.15    |
|              Node829              |   0.05   |    2     |   50.74 ( 2.60%)   |   -74013.24   |   152007.35   |    152007.35    |
|              Node829              |   0.05   |    3     |   55.19 ( 2.50%)   |   -74013.24   |   152011.38   |    152007.35    |
|              Node901              |   0.05   |    2     |    0.28 (34.64%)   |   -74013.23   |   152011.36   |    152007.35    |
|              Node70               |   0.05   |    2     |    0.08 (98.69%)   |   -74013.24   |   152011.36   |    152007.35    |
|   Crocuta_crocuta_MTNR1B_MTNR1B   |   0.05   |    2     |    1.99 (24.70%)   |   -74012.53   |   152009.96   |    152007.35    |
|Trichosurus_vulpecula_MTNR1B_118...|   0.05   |    2     |    0.28 ( 0.00%)   |   -74013.23   |   152011.36   |    152007.35    |
|              Node887              |   0.05   |    2     |    2.04 (14.93%)   |   -74010.86   |   152006.61   |    152006.61    |
|              Node887              |   0.05   |    3     |    2.47 ( 9.35%)   |   -74010.89   |   152010.68   |    152006.61    |
|              Node938              |   0.05   |    2     |    0.25 (71.30%)   |   -74010.86   |   152010.62   |    152006.61    |
|Steatornis_caripensis_MTNR1B_STE...|   0.04   |    2     |    0.48 ( 0.00%)   |   -74010.86   |   152010.62   |    152006.61    |
|              Node996              |   0.04   |    2     |    1.32 (14.61%)   |   -74009.75   |   152008.39   |    152006.61    |
|Apodemus_sylvaticus_MTNR1B_12769...|   0.04   |    2     |    0.39 (99.97%)   |   -74010.86   |   152010.62   |    152006.61    |
|             Node1022              |   0.04   |    2     |    0.23 (46.01%)   |   -74010.92   |   152010.73   |    152006.61    |
|              Node982              |   0.04   |    2     |    0.42 ( 9.22%)   |   -74010.86   |   152010.62   |    152006.61    |
|              Node786              |   0.04   |    2     |    3.36 ( 4.31%)   |   -74010.20   |   152009.31   |    152006.61    |
|Nycticebus_coucang_MTNR1B_128564...|   0.04   |    2     |    0.24 (51.53%)   |   -74010.86   |   152010.62   |    152006.61    |
|              Node794              |   0.04   |    2     |   11.21 ( 1.87%)   |   -74008.66   |   152006.21   |    152006.21    |
|              Node794              |   0.04   |    3     |   13.23 ( 1.56%)   |   -74008.68   |   152010.26   |    152006.21    |
|              Node912              |   0.04   |    2     |    7.25 ( 2.67%)   |   -74007.52   |   152007.95   |    152006.21    |
|             Node1004              |   0.04   |    2     |    0.08 (99.97%)   |   -74008.65   |   152010.21   |    152006.21    |
|Bucco_capensis_MTNR1B_BUCCAP_R05...|   0.04   |    2     |    0.09 (42.22%)   |   -74008.66   |   152010.22   |    152006.21    |
|              Node900              |   0.04   |    2     |    2.54 (18.79%)   |   -74007.18   |   152007.27   |    152006.21    |
|              Node845              |   0.04   |    2     |    0.27 (52.13%)   |   -74008.65   |   152010.22   |    152006.21    |
|               Node6               |   0.04   |    2     |    0.22 (48.84%)   |   -74008.65   |   152010.21   |    152006.21    |
|Oryctolagus_cuniculus_MTNR1B_100...|   0.04   |    2     |    0.27 (50.80%)   |   -74008.66   |   152010.23   |    152006.21    |
|Dryobates_pubescens_MTNR1B_10430...|   0.04   |    2     |    0.12 (17.07%)   |   -74008.67   |   152010.25   |    152006.21    |
|Rana_temporaria_MTNR1B_120928981...|   0.04   |    2     |    2.27 (11.59%)   |   -74008.30   |   152009.51   |    152006.21    |
|  Xenopus_laevis_MTNR1B_108710014  |   0.04   |    2     |    0.11 (98.26%)   |   -74008.66   |   152010.22   |    152006.21    |
|Arvicola_amphibius_MTNR1B_119809...|   0.04   |    2     |   >1000 ( 0.61%)   |   -74006.22   |   152005.34   |    152005.34    |
|Arvicola_amphibius_MTNR1B_119809...|   0.04   |    3     |   >1000 ( 0.60%)   |   -74006.22   |   152009.36   |    152005.34    |
|              Node931              |   0.04   |    2     |    0.60 (51.80%)   |   -74006.22   |   152009.35   |    152005.34    |
|              Node765              |   0.04   |    2     |    0.18 (31.40%)   |   -74044.03   |   152084.97   |    152005.34    |
|              Node161              |   0.03   |    2     |    0.28 ( 0.00%)   |   -74006.22   |   152009.35   |    152005.34    |
|Arvicanthis_niloticus_MTNR1B_117...|   0.03   |    2     |    1.69 (17.92%)   |   -74005.24   |   152007.39   |    152005.34    |
|              Node835              |   0.03   |    2     |    2.65 (12.64%)   |   -74005.18   |   152007.29   |    152005.34    |
|Coturnix_japonica_MTNR1B_1073084...|   0.03   |    2     |    6.09 ( 1.87%)   |   -74005.19   |   152007.30   |    152005.34    |
|Daubentonia_madagascariensis_MTN...|   0.03   |    2     |    0.24 (26.41%)   |   -74006.21   |   152009.35   |    152005.34    |
|Propithecus_coquereli_MTNR1B_105...|   0.03   |    2     |    0.57 (22.29%)   |   -74006.22   |   152009.35   |    152005.34    |
|Elachura_formosa_MTNR1B_ELAFOR_R...|   0.03   |    2     |    0.04 (48.56%)   |   -74006.22   |   152009.35   |    152005.34    |
|              Node930              |   0.03   |    2     |    0.95 (58.59%)   |   -74006.22   |   152009.35   |    152005.34    |
|Turnix_velox_MTNR1B_TURVEL_R0868...|   0.03   |    2     |   0.10 (100.00%)   |   -74006.22   |   152009.35   |    152005.34    |
|              Node944              |   0.03   |    2     |    0.36 (28.79%)   |   -74006.21   |   152009.35   |    152005.34    |
|              Node654              |   0.03   |    2     |    0.03 (14.81%)   |   -74006.22   |   152009.35   |    152005.34    |
|Myodes_glareolus_MTNR1B_12540070...|   0.03   |    2     |    0.80 (96.28%)   |   -74006.22   |   152009.35   |    152005.34    |
|               Node3               |   0.03   |    2     |    8.24 ( 3.45%)   |   -74003.72   |   152004.36   |    152004.36    |
|               Node3               |   0.03   |    3     |    9.74 ( 2.84%)   |   -74003.74   |   152008.41   |    152004.36    |
|              Node908              |   0.03   |    2     |    0.63 (14.89%)   |   -74003.71   |   152008.36   |    152004.36    |
|Hydrochoerus_hydrochaeris_MTNR1B...|   0.03   |    2     |    2.93 (19.54%)   |   -74002.84   |   152006.61   |    152004.36    |
|  Martes_zibellina_MTNR1B_MTNR1B   |   0.03   |    2     |    0.75 (51.95%)   |   -74003.71   |   152008.36   |    152004.36    |
|              Node941              |   0.03   |    2     |    0.57 (29.80%)   |   -74003.72   |   152008.37   |    152004.36    |
|Aegotheles_bennettii_MTNR1B_AEGB...|   0.03   |    2     |   0.12 (100.00%)   |   -74003.72   |   152008.37   |    152004.36    |
|    Mus_pahari_MTNR1B_110328523    |   0.03   |    2     |    0.30 (47.21%)   |   -74003.72   |   152008.37   |    152004.36    |
|              Node842              |   0.03   |    2     |    0.28 (10.34%)   |   -74003.72   |   152008.37   |    152004.36    |
|Trogon_melanurus_MTNR1B_TROMEL_R...|   0.03   |    2     |    0.25 (25.27%)   |   -74003.74   |   152008.40   |    152004.36    |
|Gracilinanus_agilis_MTNR1B_12324...|   0.03   |    2     |   39.73 ( 1.84%)   |   -73997.35   |   151995.64   |    151995.64    |
|Gracilinanus_agilis_MTNR1B_12324...|   0.03   |    3     |   42.60 ( 1.64%)   |   -73997.38   |   151999.70   |    151995.64    |
|Otolemur_garnettii_MTNR1B_100957...|   0.03   |    2     |    3.22 ( 7.98%)   |   -73995.67   |   151996.27   |    151995.64    |
|    Apus_apus_MTNR1B_127385623     |   0.03   |    2     |   0.10 (100.00%)   |   -73997.35   |   151999.65   |    151995.64    |
|Urocolius_indicus_MTNR1B_UROIND_...|   0.03   |    2     |    0.07 (99.88%)   |   -73997.35   |   151999.65   |    151995.64    |
|              Node772              |   0.03   |    2     |    0.39 (97.49%)   |   -73997.35   |   151999.64   |    151995.64    |
|              Node948              |   0.03   |    2     |    4.15 ( 8.99%)   |   -73996.25   |   151997.43   |    151995.64    |
|Podargus_strigoides_MTNR1B_PODST...|   0.03   |    2     |    3.46 ( 5.76%)   |   -73996.72   |   151998.38   |    151995.64    |
|              Node997              |   0.03   |    2     |    0.09 (98.33%)   |   -73997.35   |   151999.64   |    151995.64    |
|              Node865              |   0.03   |    2     |    0.26 (78.06%)   |   -73997.35   |   151999.65   |    151995.64    |
|              Node775              |   0.03   |    2     |   66.64 ( 0.42%)   |   -73996.95   |   151998.83   |    151995.64    |
|Tricholaema_leucomelas_MTNR1B_TR...|   0.03   |    2     |    2.77 ( 5.80%)   |   -73996.84   |   151998.63   |    151995.64    |
|             Node1008              |   0.03   |    2     |    0.08 (99.84%)   |   -73997.35   |   151999.64   |    151995.64    |
|Pelodiscus_sinensis_MTNR1B_10244...|   0.03   |    2     |    0.17 (11.95%)   |   -73997.36   |   151999.66   |    151995.64    |
|Baryphthengus_martii_MTNR1B_BARM...|   0.02   |    2     |   0.10 (100.00%)   |   -73997.35   |   151999.65   |    151995.64    |
|Notiomystis_cincta_MTNR1B_NOTCIN...|   0.02   |    2     |    0.48 ( 9.55%)   |   -73997.41   |   151999.75   |    151995.64    |
|Peucedramus_taeniatus_MTNR1B_PEU...|   0.02   |    2     |   83.52 ( 1.62%)   |   -73989.54   |   151984.02   |    151984.02    |
|Peucedramus_taeniatus_MTNR1B_PEU...|   0.02   |    3     |   81.02 ( 1.54%)   |   -73989.56   |   151988.07   |    151984.02    |
|Pseudonaja_textilis_MTNR1B_11344...|   0.02   |    2     |    8.88 ( 7.44%)   |   -73985.43   |   151979.81   |    151979.81    |
|Pseudonaja_textilis_MTNR1B_11344...|   0.02   |    3     |   10.06 ( 6.11%)   |   -73985.46   |   151983.88   |    151979.81    |
|Moschus_berezovskii_MTNR1B_12954...|   0.02   |    2     |    7.41 ( 3.55%)   |   -73984.09   |   151981.13   |    151979.81    |
|             Node1019              |   0.02   |    2     |    0.20 (48.96%)   |   -73985.42   |   151983.80   |    151979.81    |
|Alectura_lathami_MTNR1B_ALELAT_R...|   0.02   |    2     |    4.10 ( 3.63%)   |   -73984.72   |   151982.40   |    151979.81    |
|Nanorana_parkeri_MTNR1B_10878877...|   0.02   |    2     |    0.27 ( 0.00%)   |   -73985.39   |   151983.74   |    151979.81    |
|              Node737              |   0.02   |    2     |    0.26 ( 9.18%)   |   -73985.43   |   151983.82   |    151979.81    |
|               Node2               |   0.02   |    2     |    0.09 (51.37%)   |   -73985.43   |   151983.82   |    151979.81    |
|Zootoca_vivipara_MTNR1B_11808526...|   0.02   |    2     |    5.86 ( 3.36%)   |   -73982.66   |   151978.27   |    151978.27    |
|Zootoca_vivipara_MTNR1B_11808526...|   0.02   |    3     |    6.93 ( 2.58%)   |   -73982.67   |   151982.32   |    151978.27    |
|Onychomys_torridus_MTNR1B_118586...|   0.02   |    2     |    0.77 ( 0.00%)   |   -73982.66   |   151982.28   |    151978.27    |
|   Mus_minutoides_MTNR1B_MTNR1B    |   0.02   |    2     |    0.70 ( 4.06%)   |   -73982.66   |   151982.28   |    151978.27    |
|  Xenopus_laevis_MTNR1B_108708755  |   0.02   |    2     |    0.24 (10.17%)   |   -73982.66   |   151982.28   |    151978.27    |
|              Node184              |   0.02   |    2     |    0.26 ( 0.00%)   |   -73982.66   |   151982.28   |    151978.27    |
|              Node785              |   0.02   |    2     |    0.36 (86.45%)   |   -73982.66   |   151982.28   |    151978.27    |
|Geococcyx_californianus_MTNR1B_G...|   0.02   |    2     |   0.15 (100.00%)   |   -73982.66   |   151982.28   |    151978.27    |
|Drymodes_brunneopygia_MTNR1B_DRY...|   0.02   |    2     |    0.29 ( 0.00%)   |   -73982.66   |   151982.28   |    151978.27    |
|  Eudyptes_sclateri_MTNR1B_MTNR1B  |   0.02   |    2     |    0.08 (98.15%)   |   -73982.66   |   151982.28   |    151978.27    |
|              Node708              |   0.02   |    2     |   83.85 ( 1.06%)   |   -73978.43   |   151973.83   |    151973.83    |
|              Node708              |   0.02   |    3     |   83.92 ( 1.04%)   |   -73978.45   |   151977.87   |    151973.83    |
|Penelope_pileata_MTNR1B_PENPIL_R...|   0.02   |    2     |    0.10 (68.48%)   |   -73978.43   |   151977.84   |    151973.83    |
|Anseranas_semipalmata_MTNR1B_ANS...|   0.02   |    2     |    0.31 (20.64%)   |   -73978.43   |   151977.84   |    151973.83    |
|Monodelphis_domestica_MTNR1B_100...|   0.02   |    2     |    0.59 (89.28%)   |   -73978.42   |   151977.82   |    151973.83    |
|Mesitornis_unicolor_MTNR1B_10453...|   0.02   |    2     |   0.11 (100.00%)   |   -73978.43   |   151977.84   |    151973.83    |
|Thinocorus_orbignyianus_MTNR1B_T...|   0.02   |    2     |    0.28 ( 0.00%)   |   -73978.43   |   151977.84   |    151973.83    |
|Heliornis_fulica_MTNR1B_HELFUL_R...|   0.02   |    2     |    0.06 (43.83%)   |   -73978.43   |   151977.85   |    151973.83    |
|Horornis_vulcanius_MTNR1B_HORVUL...|   0.02   |    2     |    0.09 (40.05%)   |   -73978.43   |   151977.85   |    151973.83    |
|              Node581              |   0.02   |    2     |    0.05 (76.46%)   |   -73978.43   |   151977.84   |    151973.83    |
|              Node791              |   0.02   |    2     |    0.48 (21.54%)   |   -73978.43   |   151977.84   |    151973.83    |
|Tragelaphus_strepsiceros_MTNR1B_...|   0.02   |    2     |    0.52 ( 9.18%)   |   -73978.43   |   151977.84   |    151973.83    |
|Rhynochetos_jubatus_MTNR1B_RHYJU...|   0.02   |    2     |   0.13 (100.00%)   |   -73978.43   |   151977.84   |    151973.83    |
|Irena_cyanogastra_MTNR1B_IRECYA_...|   0.02   |    2     |    0.68 ( 0.00%)   |   -73978.43   |   151977.84   |    151973.83    |
|Regulus_satrapa_MTNR1B_REGSAT_R1...|   0.02   |    2     |   15.39 ( 1.57%)   |   -73976.74   |   151974.45   |    151973.83    |
|Chloroceryle_aenea_MTNR1B_CHLAEN...|   0.02   |    2     |    4.41 ( 2.80%)   |   -73978.21   |   151977.39   |    151973.83    |
|Cisticola_juncidis_MTNR1B_CISJUN...|   0.02   |    2     |    0.76 (10.21%)   |   -73978.44   |   151977.87   |    151973.83    |
|Scopus_umbretta_MTNR1B_SCOUMB_R0...|   0.02   |    2     |    0.05 (46.44%)   |   -73978.43   |   151977.84   |    151973.83    |
|             Node1025              |   0.02   |    2     |    8.94 (10.60%)   |   -73977.56   |   151976.09   |    151973.83    |
|              Node302              |   0.02   |    2     |    0.24 (24.23%)   |   -73978.43   |   151977.84   |    151973.83    |
|              Node847              |   0.02   |    2     |    0.26 (25.96%)   |   -73978.45   |   151977.88   |    151973.83    |
|Cinclus_mexicanus_MTNR1B_CINMEX_...|   0.02   |    2     |   14.72 ( 0.40%)   |   -73976.71   |   151974.40   |    151973.83    |
|              Node868              |   0.02   |    2     |   42.70 ( 1.62%)   |   -73975.08   |   151971.15   |    151971.15    |
|              Node868              |   0.02   |    3     |  194.09 ( 1.39%)   |   -73975.02   |   151975.03   |    151971.15    |
|Chunga_burmeisteri_MTNR1B_CHUBUR...|   0.02   |    2     |   73.02 ( 0.59%)   |   -73967.33   |   151959.64   |    151959.64    |
|Chunga_burmeisteri_MTNR1B_CHUBUR...|   0.02   |    3     |  105.21 ( 0.55%)   |   -73967.21   |   151963.42   |    151959.64    |
|              Node92               |   0.02   |    2     |    7.27 ( 5.71%)   |   -73966.77   |   151962.54   |    151959.64    |
|Pandion_haliaetus_MTNR1B_PANHAL_...|   0.02   |    2     |    0.17 (55.19%)   |   -73967.33   |   151963.65   |    151959.64    |
|Crotophaga_sulcirostris_MTNR1B_C...|   0.02   |    2     |    0.09 (86.50%)   |   -73967.33   |   151963.65   |    151959.64    |
|Pedionomus_torquatus_MTNR1B_PEDT...|   0.02   |    2     |    0.16 (48.25%)   |   -73967.33   |   151963.66   |    151959.64    |
|Charadrius_vociferus_MTNR1B_1042...|   0.02   |    2     |    9.96 ( 2.00%)   |   -73964.00   |   151956.99   |    151956.99    |
|Charadrius_vociferus_MTNR1B_1042...|   0.02   |    3     |   11.62 ( 1.60%)   |   -73964.00   |   151961.01   |    151956.99    |
|              Node32               |   0.02   |    2     |    0.13 (99.99%)   |   -73963.98   |   151960.98   |    151956.99    |
|Oceanodroma_tethys_MTNR1B_HYDTET...|   0.02   |    2     |    0.29 (51.36%)   |   -73964.02   |   151961.05   |    151956.99    |
|Glaucidium_brasilianum_MTNR1B_GL...|   0.02   |    2     |    0.29 (50.85%)   |   -73964.00   |   151961.00   |    151956.99    |
|              Node119              |   0.02   |    2     |    0.18 (39.18%)   |   -73964.00   |   151961.02   |    151956.99    |
|Piaya_cayana_MTNR1B_PIACAY_R0215...|   0.02   |    2     |    0.19 (80.17%)   |   -73964.00   |   151961.01   |    151956.99    |
|              Node665              |   0.02   |    2     |   20.95 ( 0.71%)   |   -73960.87   |   151954.76   |    151954.76    |
|              Node665              |   0.02   |    3     |   22.55 ( 0.64%)   |   -73961.01   |   151959.04   |    151954.76    |
|              Node673              |   0.02   |    2     |    0.39 (49.59%)   |   -73960.88   |   151958.77   |    151954.76    |
|Odontophorus_gujanensis_MTNR1B_O...|   0.02   |    2     |    0.33 (25.01%)   |   -73960.89   |   151958.80   |    151954.76    |
|Serilophus_lunatus_MTNR1B_SERLUN...|   0.02   |    2     |    0.12 (99.77%)   |   -73960.87   |   151958.77   |    151954.76    |
|              Node312              |   0.02   |    2     |    5.36 ( 6.68%)   |   -73960.22   |   151957.46   |    151954.76    |
|              Node910              |   0.02   |    2     |    2.02 (25.09%)   |   -73960.85   |   151958.71   |    151954.76    |
|      Naja_naja_MTNR1B_MTNR1B      |   0.02   |    2     |  179.14 ( 0.80%)   |   -73950.63   |   151938.27   |    151938.27    |
|      Naja_naja_MTNR1B_MTNR1B      |   0.02   |    3     |  196.29 ( 0.79%)   |   -73950.61   |   151942.25   |    151938.27    |
|              Node187              |   0.02   |    2     |    1.06 (24.58%)   |   -73950.61   |   151942.24   |    151938.27    |
|              Node937              |   0.02   |    2     |    0.29 (49.97%)   |   -73950.63   |   151942.29   |    151938.27    |
|Struthio_camelus_australis_MTNR1...|   0.02   |    2     |    0.26 (10.40%)   |   -73950.64   |   151942.31   |    151938.27    |
|Chordeiles_acutipennis_MTNR1B_CH...|   0.02   |    2     |    0.46 (27.76%)   |   -73950.63   |   151942.28   |    151938.27    |
|              Node213              |   0.02   |    2     |    0.53 ( 0.00%)   |   -73950.63   |   151942.28   |    151938.27    |
|Pelecanus_crispus_MTNR1B_1040277...|   0.02   |    2     |   >1000 ( 1.08%)   |   -73944.09   |   151929.20   |    151929.20    |
|Pelecanus_crispus_MTNR1B_1040277...|   0.02   |    3     |   >1000 ( 1.01%)   |   -73944.22   |   151933.49   |    151929.20    |
|              Node77               |   0.02   |    2     |    0.53 (25.12%)   |   -73944.07   |   151933.18   |    151929.20    |
|Gavialis_gangeticus_MTNR1B_10930...|   0.02   |    2     |  154.46 ( 1.47%)   |   -73928.84   |   151902.71   |    151902.71    |
|Gavialis_gangeticus_MTNR1B_10930...|   0.02   |    3     |  154.02 ( 1.41%)   |   -73928.96   |   151906.97   |    151902.71    |
|              Node946              |   0.02   |    2     |    0.59 (51.43%)   |   -73928.84   |   151906.72   |    151902.71    |
|              Node784              |   0.02   |    2     |    0.40 (89.78%)   |   -73928.83   |   151906.72   |    151902.71    |
|              Node62               |   0.02   |    2     |    0.27 (50.59%)   |   -73928.84   |   151906.73   |    151902.71    |
|Pomatostomus_ruficeps_MTNR1B_POS...|   0.02   |    2     |    0.29 ( 0.00%)   |   -73928.84   |   151906.72   |    151902.71    |
|             Node1012              |   0.02   |    2     |    0.17 (91.74%)   |   -73928.84   |   151906.72   |    151902.71    |
|              Node753              |   0.02   |    2     |    8.02 ( 2.77%)   |   -73927.70   |   151904.44   |    151902.71    |
|Oriolus_oriolus_MTNR1B_ORIORI_R1...|   0.02   |    2     |    0.28 ( 0.00%)   |   -73928.84   |   151906.72   |    151902.71    |
|Burhinus_bistriatus_MTNR1B_BURBI...|   0.02   |    2     |    0.13 (26.27%)   |   -73928.84   |   151906.73   |    151902.71    |
|              Node826              |   0.02   |    2     |    0.22 ( 0.00%)   |   -73928.83   |   151906.71   |    151902.71    |
|Fulmarus_glacialis_MTNR1B_104071...|   0.02   |    2     |    0.29 ( 0.00%)   |   -73928.84   |   151906.72   |    151902.71    |
|              Node795              |   0.02   |    2     |    0.30 ( 3.74%)   |   -73928.83   |   151906.70   |    151902.71    |
|Peromyscus_maniculatus_bairdii_M...|   0.02   |    2     |   11.61 ( 2.66%)   |   -73925.89   |   151900.83   |    151900.83    |
|Peromyscus_maniculatus_bairdii_M...|   0.02   |    3     |   12.56 ( 2.24%)   |   -73925.89   |   151904.83   |    151900.83    |
|Melanocharis_versteri_MTNR1B_MEL...|   0.02   |    2     |  279.90 ( 0.96%)   |   -73916.21   |   151885.47   |    151885.47    |
|Melanocharis_versteri_MTNR1B_MEL...|   0.02   |    3     |  367.38 ( 0.91%)   |   -73916.05   |   151889.18   |    151885.47    |
|Myotis_brandtii_MTNR1B_102260326...|   0.02   |    2     |    0.24 ( 9.48%)   |   -73916.21   |   151889.48   |    151885.47    |
|Eubucco_bourcierii_MTNR1B_EUBBOU...|   0.02   |    2     |    0.25 ( 0.00%)   |   -73916.21   |   151889.48   |    151885.47    |
|Sapayoa_aenigma_MTNR1B_SAPAEN_R0...|   0.02   |    2     |    0.29 ( 0.00%)   |   -73916.21   |   151889.48   |    151885.47    |
|              Node770              |   0.02   |    2     |    0.32 (46.17%)   |   -73916.21   |   151889.48   |    151885.47    |
|Pezoporus_wallicus_MTNR1B_130606...|   0.02   |    2     |    0.31 ( 0.00%)   |   -73916.21   |   151889.48   |    151885.47    |
|              Node711              |   0.02   |    2     |    0.29 ( 0.00%)   |   -73916.21   |   151889.48   |    151885.47    |
|Vicugna_pacos_huacaya_MTNR1B_MTN...|   0.02   |    2     |    0.28 ( 0.00%)   |   -73916.21   |   151889.48   |    151885.47    |
|Cephalopterus_ornatus_MTNR1B_CEP...|   0.02   |    2     |    0.15 (39.51%)   |   -73916.22   |   151889.50   |    151885.47    |
|  Myotis_myotis_MTNR1B_118662708   |   0.02   |    2     |    2.05 (22.54%)   |   -73916.13   |   151889.32   |    151885.47    |
|Mystacornis_crossleyi_MTNR1B_MYS...|   0.02   |    2     |    0.27 ( 0.00%)   |   -73916.21   |   151889.48   |    151885.47    |
|Ceyx_cyanopectus_MTNR1B_CEYCYA_R...|   0.02   |    2     |    0.74 ( 4.83%)   |   -73916.23   |   151889.52   |    151885.47    |
|Polioptila_caerulea_MTNR1B_POLCA...|   0.02   |    2     |    0.35 ( 8.96%)   |   -73916.21   |   151889.49   |    151885.47    |
|Chaetops_frenatus_MTNR1B_CHAFRE_...|   0.02   |    2     |    0.08 (32.35%)   |   -73916.21   |   151889.49   |    151885.47    |
|Anhinga_rufa_MTNR1B_ANHRUF_R0280...|   0.02   |    2     |    0.10 (37.46%)   |   -73916.21   |   151889.48   |    151885.47    |
|Phaethon_lepturus_MTNR1B_1046205...|   0.02   |    2     |    0.08 ( 6.45%)   |   -73916.21   |   151889.48   |    151885.47    |
|              Node782              |   0.02   |    2     |    0.23 (47.38%)   |   -73916.21   |   151889.48   |    151885.47    |
|Sagittarius_serpentarius_MTNR1B_...|   0.02   |    2     |    0.38 (13.51%)   |   -73916.21   |   151889.48   |    151885.47    |
|Onychorhynchus_coronatus_MTNR1B_...|   0.02   |    2     |    9.56 ( 1.09%)   |   -73914.81   |   151886.69   |    151885.47    |
|Smithornis_capensis_MTNR1B_SMICA...|   0.01   |    2     |    0.27 ( 0.00%)   |   -73916.21   |   151889.48   |    151885.47    |
|Psophia_crepitans_MTNR1B_PSOCRE_...|   0.01   |    2     |    0.19 (42.36%)   |   -73916.21   |   151889.49   |    151885.47    |
|              Node730              |   0.01   |    2     |   0.15 (100.00%)   |   -73916.21   |   151889.48   |    151885.47    |
|Nicator_chloris_MTNR1B_NICCHL_R1...|   0.01   |    2     |   18.78 ( 0.79%)   |   -73914.37   |   151885.82   |    151885.47    |
|Alaudala_cheleensis_MTNR1B_ALACH...|   0.01   |    2     |    0.27 ( 0.00%)   |   -73916.21   |   151889.48   |    151885.47    |
|              Node171              |   0.01   |    2     |    0.21 (49.45%)   |   -73916.22   |   151889.50   |    151885.47    |
|Jacana_jacana_MTNR1B_JACJAC_R077...|   0.01   |    2     |    0.25 (49.69%)   |   -73916.22   |   151889.50   |    151885.47    |
|Nesospiza_acunhae_MTNR1B_NESACU_...|   0.01   |    2     |   10.97 ( 1.27%)   |   -73914.77   |   151886.61   |    151885.47    |
|Corythaeola_cristata_MTNR1B_CORC...|   0.01   |    2     |   20.16 ( 1.47%)   |   -73912.41   |   151881.89   |    151881.89    |
|Corythaeola_cristata_MTNR1B_CORC...|   0.01   |    3     |   22.76 ( 1.31%)   |   -73912.40   |   151885.87   |    151881.89    |
|Eurypyga_helias_MTNR1B_104511074...|   0.01   |    2     |    0.32 (10.95%)   |   -73912.41   |   151885.91   |    151881.89    |
|Microtus_fortis_MTNR1B_126487668...|   0.01   |    2     |    0.24 (88.94%)   |   -73912.41   |   151885.90   |    151881.89    |
|              Node857              |   0.01   |    2     |    0.21 (72.59%)   |   -73912.41   |   151885.89   |    151881.89    |
|Neopipo_cinnamomea_MTNR1B_NEOCIN...|   0.01   |    2     |    0.14 (19.86%)   |   -73912.41   |   151885.91   |    151881.89    |
|Dicrurus_megarhynchus_MTNR1B_DIC...|   0.01   |    2     |   58.78 ( 1.33%)   |   -73905.60   |   151872.27   |    151872.27    |
|Dicrurus_megarhynchus_MTNR1B_DIC...|   0.01   |    3     |   85.04 ( 1.21%)   |   -73905.45   |   151875.98   |    151872.27    |
|Formicarius_rufipectus_MTNR1B_FO...|   0.01   |    2     |    0.27 (11.19%)   |   -73905.60   |   151876.29   |    151872.27    |
|             Node1003              |   0.01   |    2     |    0.60 (50.66%)   |   -73905.51   |   151876.10   |    151872.27    |
|              Node33               |   0.01   |    2     |    0.61 (13.54%)   |   -73905.60   |   151876.29   |    151872.27    |
|Machaerirhynchus_nigripectus_MTN...|   0.01   |    2     |    0.25 (25.86%)   |   -73905.61   |   151876.31   |    151872.27    |
|Ochotona_curzoniae_MTNR1B_121154...|   0.01   |    2     |    0.29 (29.46%)   |   -73905.60   |   151876.28   |    151872.27    |
|Ceuthmochares_aereus_MTNR1B_CEUA...|   0.01   |    2     |   22.17 ( 0.37%)   |   -73903.59   |   151872.26   |    151872.26    |
|Ceuthmochares_aereus_MTNR1B_CEUA...|   0.01   |    3     |   23.27 ( 0.34%)   |   -73903.65   |   151876.40   |    151872.26    |
|Thamnophis_elegans_MTNR1B_116510...|   0.01   |    2     |    0.20 (79.89%)   |   -73903.59   |   151876.28   |    151872.26    |
|              Node650              |   0.01   |    2     |    0.30 (56.13%)   |   -73903.54   |   151876.18   |    151872.26    |
|Psilopogon_haemacephalus_MTNR1B_...|   0.01   |    2     |    0.26 ( 0.00%)   |   -73903.59   |   151876.27   |    151872.26    |
|Rostratula_benghalensis_MTNR1B_R...|   0.01   |    2     |    0.26 ( 0.00%)   |   -73903.59   |   151876.27   |    151872.26    |
|Microtus_oregoni_MTNR1B_12145124...|   0.01   |    2     |    1.42 ( 4.02%)   |   -73903.59   |   151876.28   |    151872.26    |
|Nestor_notabilis_MTNR1B_10441113...|   0.01   |    2     |    0.14 (23.54%)   |   -73903.59   |   151876.27   |    151872.26    |
|Chauna_torquata_MTNR1B_CHATOR_R0...|   0.01   |    2     |    0.30 (52.56%)   |   -73903.59   |   151876.29   |    151872.26    |
|Microtus_ochrogaster_MTNR1B_1019...|   0.01   |    2     |    0.72 (27.45%)   |   -73903.59   |   151876.27   |    151872.26    |
|Thryothorus_ludovicianus_MTNR1B_...|   0.01   |    2     |    0.20 (15.36%)   |   -73903.59   |   151876.28   |    151872.26    |
|Arenaria_interpres_MTNR1B_AREINT...|   0.01   |    2     |    0.25 (50.64%)   |   -73903.59   |   151876.29   |    151872.26    |
|Ptilorrhoa_leucosticta_MTNR1B_PT...|   0.01   |    2     |    0.23 (13.91%)   |   -73903.59   |   151876.28   |    151872.26    |
|Mionectes_macconnelli_MTNR1B_MIO...|   0.01   |    2     |    0.29 ( 0.00%)   |   -73903.59   |   151876.27   |    151872.26    |
|Odocoileus_virginianus_texanus_M...|   0.01   |    2     |    0.39 (83.40%)   |   -73903.59   |   151876.27   |    151872.26    |
|Setophaga_kirtlandii_MTNR1B_SETK...|   0.01   |    2     |    0.11 (61.98%)   |   -73903.59   |   151876.28   |    151872.26    |
|Pteruthius_melanotis_MTNR1B_PTEM...|   0.01   |    2     |    0.06 (60.41%)   |   -73903.59   |   151876.27   |    151872.26    |
|              Node818              |   0.01   |    2     |    0.41 (90.58%)   |   -73903.56   |   151876.22   |    151872.26    |
|Bombycilla_garrulus_MTNR1B_BOMGA...|   0.01   |    2     |   0.12 (100.00%)   |   -73903.59   |   151876.27   |    151872.26    |
|Calyptomena_viridis_MTNR1B_CALVI...|   0.01   |    2     |    0.42 ( 7.42%)   |   -73903.59   |   151876.29   |    151872.26    |
|Cuculus_canorus_MTNR1B_104064196...|   0.01   |    2     |   25.36 ( 1.18%)   |   -73901.44   |   151871.98   |    151871.98    |
|Cuculus_canorus_MTNR1B_104064196...|   0.01   |    3     |   26.75 ( 1.09%)   |   -73901.45   |   151876.01   |    151871.98    |
|              Node71               |   0.01   |    2     |    0.26 ( 0.00%)   |   -73901.44   |   151875.99   |    151871.98    |
|Melopsittacus_undulatus_MTNR1B_1...|   0.01   |    2     |    0.10 (20.66%)   |   -73901.44   |   151875.99   |    151871.98    |
|    Mus_caroli_MTNR1B_110302494    |   0.01   |    2     |    0.40 (87.69%)   |   -73901.44   |   151875.99   |    151871.98    |
|Lanius_ludovicianus_MTNR1B_LANLU...|   0.01   |    2     |    0.18 (42.73%)   |   -73901.45   |   151876.01   |    151871.98    |
|Sinosuthora_webbiana_MTNR1B_SINW...|   0.01   |    2     |    1.03 (10.18%)   |   -73901.46   |   151876.02   |    151871.98    |
|Oxyura_jamaicensis_MTNR1B_118168...|   0.01   |    2     |    0.25 (49.97%)   |   -73901.45   |   151876.01   |    151871.98    |
|Nyctibius_bracteatus_MTNR1B_NYCB...|   0.01   |    2     |    0.25 (55.02%)   |   -73901.45   |   151876.00   |    151871.98    |
|Grantiella_picta_MTNR1B_GRAPIC_R...|   0.01   |    2     |    0.25 (50.17%)   |   -73901.45   |   151876.01   |    151871.98    |
|              Node872              |   0.01   |    2     |    0.60 (92.04%)   |   -73901.44   |   151875.99   |    151871.98    |
|Sclerurus_mexicanus_MTNR1B_SCLME...|   0.01   |    2     |    0.04 (70.54%)   |   -73901.44   |   151875.99   |    151871.98    |
|   Capra_hircus_MTNR1B_102176302   |   0.01   |    2     |    0.49 (50.02%)   |   -73901.45   |   151876.00   |    151871.98    |
|Calcarius_ornatus_MTNR1B_CALORN_...|   0.01   |    2     |    0.26 ( 0.00%)   |   -73901.44   |   151875.99   |    151871.98    |
|Dipodomys_spectabilis_MTNR1B_122...|   0.01   |    2     |   11.08 ( 3.30%)   |   -73899.22   |   151871.56   |    151871.56    |
|Dipodomys_spectabilis_MTNR1B_122...|   0.01   |    3     |   12.23 ( 2.78%)   |   -73899.23   |   151875.58   |    151871.56    |
|Halcyon_senegalensis_MTNR1B_HALS...|   0.01   |    2     |    0.26 ( 0.00%)   |   -73899.22   |   151875.57   |    151871.56    |
|Ochotona_princeps_MTNR1B_1015259...|   0.01   |    2     |    0.25 (50.00%)   |   -73899.23   |   151875.58   |    151871.56    |
|Ciconia_maguari_MTNR1B_CICMAG_R0...|   0.01   |    2     |    0.23 (47.14%)   |   -73899.23   |   151875.58   |    151871.56    |
|              Node808              |   0.01   |    2     |    0.80 (15.22%)   |   -73899.22   |   151875.57   |    151871.56    |
|Eurystomus_gularis_MTNR1B_EURGUL...|   0.01   |    2     |    0.26 ( 0.00%)   |   -73899.22   |   151875.57   |    151871.56    |
|Nipponia_nippon_MTNR1B_104017384...|   0.01   |    2     |   30.57 ( 0.94%)   |   -73896.96   |   151871.03   |    151871.03    |
|Nipponia_nippon_MTNR1B_104017384...|   0.01   |    3     |   41.47 ( 0.81%)   |   -73897.03   |   151875.20   |    151871.03    |
|Sitta_europaea_MTNR1B_SITEUR_R12...|   0.01   |    2     |    0.14 (54.69%)   |   -73896.96   |   151875.04   |    151871.03    |
|Atrichornis_clamosus_MTNR1B_ATRC...|   0.01   |    2     |    0.27 (51.02%)   |   -73896.97   |   151875.06   |    151871.03    |
|Brachypodius_atriceps_MTNR1B_BRA...|   0.01   |    2     |    2.04 ( 2.02%)   |   -73896.94   |   151875.02   |    151871.03    |
|Tachuris_rubrigastra_MTNR1B_TACR...|   0.01   |    2     |    0.27 ( 0.00%)   |   -73896.96   |   151875.04   |    151871.03    |
|              Node899              |   0.01   |    2     |    0.67 (13.46%)   |   -73896.96   |   151875.05   |    151871.03    |
|Antrostomus_carolinensis_MTNR1B_...|   0.01   |    2     |    1.03 (10.94%)   |   -73896.96   |   151875.04   |    151871.03    |
|Cochlearius_cochlearius_MTNR1B_C...|   0.01   |    2     |    0.24 (23.21%)   |   -73896.96   |   151875.04   |    151871.03    |
|              Node216              |   0.01   |    2     |    0.27 ( 0.00%)   |   -73896.96   |   151875.04   |    151871.03    |
|              Node229              |   0.01   |    2     |    0.25 ( 0.00%)   |   -73896.96   |   151875.04   |    151871.03    |
|Orthonyx_spaldingii_MTNR1B_ORTSP...|   0.01   |    2     |    0.25 (31.43%)   |   -73896.96   |   151875.06   |    151871.03    |
|Aleadryas_rufinucha_MTNR1B_ALERU...|   0.01   |    2     |    0.76 ( 5.18%)   |   -73896.96   |   151875.06   |    151871.03    |
|Climacteris_rufus_MTNR1B_CLIRUF_...|   0.01   |    2     |    0.19 (74.25%)   |   -73896.96   |   151875.04   |    151871.03    |
|Origma_solitaria_MTNR1B_ORISOL_R...|   0.01   |    2     |    0.27 ( 0.00%)   |   -73896.96   |   151875.04   |    151871.03    |
|Mohoua_ochrocephala_MTNR1B_MOHOC...|   0.01   |    2     |    0.27 ( 0.00%)   |   -73896.96   |   151875.04   |    151871.03    |
|              Node96               |   0.01   |    2     |    0.73 (23.79%)   |   -73896.98   |   151875.09   |    151871.03    |
|     Otus_sunia_MTNR1B_MTNR1B      |   0.01   |    2     |    0.25 (25.11%)   |   -73896.96   |   151875.04   |    151871.03    |
|Promerops_cafer_MTNR1B_PROCAF_R0...|   0.01   |    2     |    0.46 (18.24%)   |   -73896.96   |   151875.05   |    151871.03    |
|Dasyornis_broadbenti_MTNR1B_DASB...|   0.01   |    2     |    2.52 ( 1.84%)   |   -73896.94   |   151875.01   |    151871.03    |
|Grallaria_varia_MTNR1B_GRAVAR_R1...|   0.01   |    2     |    0.24 (57.79%)   |   -73896.96   |   151875.05   |    151871.03    |
|              Node814              |   0.01   |    2     |    0.09 (98.39%)   |   -73896.93   |   151874.98   |    151871.03    |
|Nycticryphes_semicollaris_MTNR1B...|   0.01   |    2     |    0.34 ( 0.00%)   |   -73896.96   |   151875.04   |    151871.03    |
|              Node662              |   0.01   |    2     |    2.11 ( 2.07%)   |   -73896.95   |   151875.02   |    151871.03    |
|              Node703              |   0.01   |    2     |    0.26 (25.99%)   |   -73896.96   |   151875.05   |    151871.03    |
|              Node849              |   0.01   |    2     |    1.93 (99.85%)   |   -73896.96   |   151875.04   |    151871.03    |
|              Node892              |   0.01   |    2     |    2.81 (39.23%)   |   -73896.98   |   151875.09   |    151871.03    |
|Cnemophilus_loriae_MTNR1B_CNELOR...|   0.01   |    2     |    0.36 ( 5.54%)   |   -73896.96   |   151875.04   |    151871.03    |
|Herpetotheres_cachinnans_MTNR1B_...|   0.01   |    2     |    0.28 ( 0.00%)   |   -73896.96   |   151875.04   |    151871.03    |
|              Node170              |   0.01   |    2     |    0.30 (50.12%)   |   -73896.96   |   151875.06   |    151871.03    |
|              Node851              |   0.01   |    2     |    0.81 (50.57%)   |   -73896.96   |   151875.04   |    151871.03    |
|Pomatorhinus_ruficollis_MTNR1B_P...|   0.01   |    2     |    0.25 ( 0.00%)   |   -73896.96   |   151875.04   |    151871.03    |
|Strigops_habroptila_MTNR1B_11560...|   0.01   |    2     |    0.50 (50.00%)   |   -73896.96   |   151875.04   |    151871.03    |
|              Node209              |   0.01   |    2     |   35.11 ( 1.09%)   |   -73893.29   |   151867.71   |    151867.71    |
|              Node209              |   0.01   |    3     |   39.35 ( 1.01%)   |   -73893.31   |   151871.77   |    151867.71    |
|Canis_lupus_familiaris_MTNR1B_MT...|   0.01   |    2     |   >1000 ( 1.48%)   |   -73885.36   |   151855.86   |    151855.86    |
|Canis_lupus_familiaris_MTNR1B_MT...|   0.01   |    3     |   >1000 ( 0.79%)   |   -73883.00   |   151855.14   |    151855.14    |
|Canis_lupus_familiaris_MTNR1B_MT...|   0.01   |    4     |   >1000 ( 0.78%)   |   -73883.00   |   151859.16   |    151855.14    |
|Ficedula_albicollis_MTNR1B_10181...|   0.01   |    2     |    0.26 ( 0.00%)   |   -73883.00   |   151859.15   |    151855.14    |
|              Node965              |   0.01   |    2     |    0.25 ( 0.00%)   |   -73883.00   |   151859.15   |    151855.14    |
|Menura_novaehollandiae_MTNR1B_ME...|   0.01   |    2     |    0.19 (18.93%)   |   -73883.00   |   151859.16   |    151855.14    |
|              Node952              |   0.01   |    2     |    0.33 (49.61%)   |   -73883.00   |   151859.15   |    151855.14    |
|Dicaeum_eximium_MTNR1B_DICEXI_R1...|   0.01   |    2     |    0.26 ( 0.00%)   |   -73883.00   |   151859.15   |    151855.14    |
|              Node235              |   0.01   |    2     |   44.60 ( 1.50%)   |   -73881.78   |   151856.73   |    151855.14    |
|              Node833              |   0.01   |    2     |    0.26 (24.46%)   |   -73882.99   |   151859.15   |    151855.14    |
|Peromyscus_californicus_insignis...|   0.01   |    2     |    0.40 (50.81%)   |   -73883.00   |   151859.15   |    151855.14    |
|              Node637              |   0.01   |    2     |    0.99 ( 9.79%)   |   -73883.01   |   151859.18   |    151855.14    |
|Erpornis_zantholeuca_MTNR1B_ERPZ...|   0.01   |    2     |    0.26 ( 0.00%)   |   -73883.00   |   151859.15   |    151855.14    |
|Dromas_ardeola_MTNR1B_DROARD_R02...|   0.01   |    2     |    0.22 (50.60%)   |   -73883.00   |   151859.16   |    151855.14    |
|Leptocoma_aspasia_MTNR1B_LEPASP_...|   0.01   |    2     |    2.41 ( 1.93%)   |   -73882.98   |   151859.12   |    151855.14    |
|Spizella_passerina_MTNR1B_SPIPAS...|   0.01   |    2     |    0.25 ( 0.00%)   |   -73883.00   |   151859.15   |    151855.14    |
|Gymnogyps_californianus_MTNR1B_1...|   0.01   |    2     |    0.36 (44.61%)   |   -73883.00   |   151859.16   |    151855.14    |
|              Node888              |   0.01   |    2     |    0.99 (25.43%)   |   -73882.99   |   151859.15   |    151855.14    |
|Edolisoma_coerulescens_MTNR1B_ED...|   0.01   |    2     |    0.16 (26.08%)   |   -73883.00   |   151859.16   |    151855.14    |
|  Columba_livia_MTNR1B_102095424   |   0.01   |    2     |   25.73 ( 0.94%)   |   -73878.83   |   151850.83   |    151850.83    |
|  Columba_livia_MTNR1B_102095424   |   0.01   |    3     |   34.58 ( 0.79%)   |   -73878.90   |   151854.97   |    151850.83    |
|Stercorarius_parasiticus_MTNR1B_...|   0.01   |    2     |    0.20 (42.67%)   |   -73878.84   |   151854.85   |    151850.83    |
|Empidonax_traillii_MTNR1B_114070...|   0.01   |    2     |    0.13 (32.47%)   |   -73878.84   |   151854.84   |    151850.83    |
|Felis_catus_x_Leopardus_geoffroy...|   0.01   |    2     |   1.83 (100.00%)   |   -73878.83   |   151854.84   |    151850.83    |
|Oxyruncus_cristatus_MTNR1B_OXYCR...|   0.01   |    2     |    0.25 (94.40%)   |   -73878.83   |   151854.84   |    151850.83    |
|              Node870              |   0.01   |    2     |   1.92 (100.00%)   |   -73878.83   |   151854.84   |    151850.83    |
|Anthoscopus_minutus_MTNR1B_ANTMI...|   0.01   |    2     |    0.33 (28.78%)   |   -73878.84   |   151854.85   |    151850.83    |
|Dermochelys_coriacea_MTNR1B_1198...|   0.01   |    2     |   2.30 (100.00%)   |   -73878.83   |   151854.84   |    151850.83    |
|Rhinoptilus_africanus_MTNR1B_RHI...|   0.01   |    2     |   37.20 ( 1.40%)   |   -73876.56   |   151850.30   |    151850.30    |
|Rhinoptilus_africanus_MTNR1B_RHI...|   0.01   |    3     |   40.13 ( 1.28%)   |   -73876.56   |   151854.30   |    151850.30    |
|Ibidorhyncha_struthersii_MTNR1B_...|   0.01   |    2     |   22.13 ( 0.97%)   |   -73874.99   |   151851.15   |    151850.30    |
|              Node286              |   0.01   |    2     |    0.20 (37.48%)   |   -73876.57   |   151854.32   |    151850.30    |
|Numida_meleagris_MTNR1B_11039073...|   0.01   |    2     |    0.08 (51.00%)   |   -73876.57   |   151854.31   |    151850.30    |
|              Node811              |   0.01   |    2     |    0.30 (50.00%)   |   -73876.56   |   151854.31   |    151850.30    |
|Daphoenositta_chrysoptera_MTNR1B...|   0.01   |    2     |    0.27 ( 0.00%)   |   -73876.56   |   151854.31   |    151850.30    |
|Erithacus_rubecula_MTNR1B_ERIRUB...|   0.01   |    2     |    0.26 ( 0.00%)   |   -73876.56   |   151854.31   |    151850.30    |
|              Node670              |   0.01   |    2     |    0.32 ( 0.00%)   |   -73876.56   |   151854.31   |    151850.30    |
|Aramus_guarauna_MTNR1B_ARAGUA_R0...|   0.01   |    2     |    0.26 (34.86%)   |   -73876.57   |   151854.32   |    151850.30    |
|Crypturellus_undulatus_MTNR1B_CR...|   0.01   |    2     |    0.49 ( 9.66%)   |   -73876.57   |   151854.32   |    151850.30    |
|              Node273              |   0.01   |    2     |   18.54 ( 3.21%)   |   -73874.80   |   151850.77   |    151850.30    |
|Glareola_pratincola_MTNR1B_GLAPR...|   0.01   |    2     |    0.48 ( 9.64%)   |   -73876.58   |   151854.33   |    151850.30    |
|Panurus_biarmicus_MTNR1B_PANBIA_...|   0.01   |    2     |    0.26 ( 0.00%)   |   -73876.56   |   151854.31   |    151850.30    |
|Fregata_magnificens_MTNR1B_FREMA...|   0.01   |    2     |    0.29 ( 0.00%)   |   -73876.56   |   151854.31   |    151850.30    |
|              Node98               |   0.01   |    2     |    0.50 ( 9.79%)   |   -73876.58   |   151854.33   |    151850.30    |
|Hemiprocne_comata_MTNR1B_HEMCOM_...|   0.01   |    2     |    0.20 (39.66%)   |   -73876.57   |   151854.32   |    151850.30    |
|Emberiza_fucata_MTNR1B_EMBFUC_R1...|   0.01   |    2     |    0.58 (31.69%)   |   -73876.57   |   151854.32   |    151850.30    |
|Chelonoidis_abingdonii_MTNR1B_11...|   0.01   |    2     |    0.50 ( 9.94%)   |   -73876.57   |   151854.32   |    151850.30    |
|             Node1001              |   0.01   |    2     |    0.41 (16.75%)   |   -73876.54   |   151854.26   |    151850.30    |
|              Node475              |   0.01   |    2     |    0.23 (48.18%)   |   -73876.57   |   151854.32   |    151850.30    |
|Myiagra_hebetior_MTNR1B_MYIHEB_R...|   0.01   |    2     |    0.25 (49.36%)   |   -73876.57   |   151854.31   |    151850.30    |
|Limosa_lapponica_baueri_MTNR1B_l...|   0.01   |    2     |    0.26 ( 0.00%)   |   -73876.56   |   151854.31   |    151850.30    |
|              Node947              |   0.01   |    2     |    0.61 (97.00%)   |   -73876.56   |   151854.31   |    151850.30    |
|              Node281              |   0.01   |    2     |    0.80 (89.92%)   |   -73876.57   |   151854.31   |    151850.30    |
|              Node745              |   0.01   |    2     |    0.26 ( 0.00%)   |   -73876.57   |   151854.31   |    151850.30    |
|              Node267              |   0.01   |    2     |    0.29 (76.26%)   |   -73876.56   |   151854.31   |    151850.30    |
|Callorhinus_ursinus_MTNR1B_11284...|   0.01   |    2     |    0.24 (49.18%)   |   -73876.56   |   151854.31   |    151850.30    |
|Columbina_picui_MTNR1B_COLPIC_R0...|   0.01   |    2     |    0.52 (10.17%)   |   -73876.57   |   151854.32   |    151850.30    |
|Chaetorhynchus_papuensis_MTNR1B_...|   0.01   |    2     |    0.25 ( 0.00%)   |   -73876.56   |   151854.31   |    151850.30    |
|   Apteryx_rowi_MTNR1B_112969060   |   0.01   |    2     |    0.26 (25.93%)   |   -73876.57   |   151854.32   |    151850.30    |
|Bucorvus_abyssinicus_MTNR1B_BUCA...|   0.01   |    2     |    0.25 ( 0.00%)   |   -73876.56   |   151854.31   |    151850.30    |
|              Node395              |   0.01   |    2     |    0.51 (10.27%)   |   -73876.58   |   151854.33   |    151850.30    |
|Leiothrix_lutea_MTNR1B_LEILUT_R0...|   0.01   |    2     |    0.25 (49.02%)   |   -73876.57   |   151854.32   |    151850.30    |
|              Node81               |   0.01   |    2     |    0.26 ( 0.00%)   |   -73876.56   |   151854.31   |    151850.30    |
|Erythrocercus_mccallii_MTNR1B_ER...|   0.01   |    2     |    0.28 ( 0.00%)   |   -73876.56   |   151854.31   |    151850.30    |
|Platysteira_castanea_MTNR1B_DYAC...|   0.01   |    2     |    0.27 ( 0.00%)   |   -73876.56   |   151854.31   |    151850.30    |
|              Node196              |   0.01   |    2     |    0.25 (49.36%)   |   -73876.57   |   151854.31   |    151850.30    |
|Eudromia_elegans_MTNR1B_EUDELE_R...|   0.01   |    2     |    0.53 (10.32%)   |   -73876.57   |   151854.32   |    151850.30    |
|Pelecanoides_urinatrix_MTNR1B_PE...|   0.01   |    2     |    1.02 (25.08%)   |   -73876.57   |   151854.31   |    151850.30    |
|Zapornia_atra_MTNR1B_ZAPATR_R093...|   0.01   |    2     |    0.27 ( 0.00%)   |   -73876.56   |   151854.31   |    151850.30    |
|Cepphus_grylle_MTNR1B_CEPGRY_R04...|   0.01   |    2     |    0.26 ( 0.00%)   |   -73876.56   |   151854.31   |    151850.30    |
|Indicator_maculatus_MTNR1B_INDMA...|   0.01   |    2     |    0.17 (30.80%)   |   -73876.57   |   151854.32   |    151850.30    |
|             Node1018              |   0.01   |    2     |    0.66 (24.26%)   |   -73876.56   |   151854.30   |    151850.30    |
|              Node781              |   0.01   |    2     |    0.47 (44.66%)   |   -73876.56   |   151854.31   |    151850.30    |
|Chionis_minor_MTNR1B_CHIMIN_R127...|   0.01   |    2     |  788.74 ( 1.11%)   |   -73871.33   |   151843.85   |    151843.85    |
|Chionis_minor_MTNR1B_CHIMIN_R127...|   0.01   |    3     |  794.44 ( 1.08%)   |   -73871.38   |   151847.94   |    151843.85    |
|Corythaixoides_concolor_MTNR1B_C...|   0.01   |    2     |    5.61 ( 3.35%)   |   -73871.33   |   151847.85   |    151843.85    |
|Meleagris_gallopavo_MTNR1B_10490...|   0.01   |    2     |    0.44 (37.63%)   |   -73871.34   |   151847.87   |    151843.85    |
|Semnornis_frantzii_MTNR1B_SEMFRA...|   0.01   |    2     |    0.47 (33.63%)   |   -73871.34   |   151847.86   |    151843.85    |
|Callaeas_wilsoni_MTNR1B_CALWIL_R...|   0.01   |    2     |    0.27 ( 0.00%)   |   -73871.33   |   151847.86   |    151843.85    |
|Eudyptes_chrysocome_MTNR1B_MTNR1...|   0.01   |    2     |    0.27 ( 0.00%)   |   -73871.33   |   151847.85   |    151843.85    |
|Aegithalos_caudatus_MTNR1B_AEGCA...|   0.01   |    2     |    0.25 ( 0.00%)   |   -73871.33   |   151847.86   |    151843.85    |
|Sylvia_borin_MTNR1B_SYLBOR_R0459...|   0.01   |    2     |    0.27 ( 0.00%)   |   -73871.33   |   151847.86   |    151843.85    |
|Pycnonotus_jocosus_MTNR1B_PYCJOC...|   0.01   |    2     |    0.25 ( 0.00%)   |   -73871.33   |   151847.86   |    151843.85    |
|              Node34               |   0.01   |    2     |    0.26 (50.65%)   |   -73871.33   |   151847.85   |    151843.85    |
|              Node93               |   0.01   |    2     |    0.28 (14.07%)   |   -73871.33   |   151847.86   |    151843.85    |
|Rhagologus_leucostigma_MTNR1B_RH...|   0.01   |    2     |    0.24 (25.41%)   |   -73871.34   |   151847.86   |    151843.85    |
|              Node17               |   0.01   |    2     |   14.92 ( 0.94%)   |   -73871.29   |   151847.77   |    151843.85    |
|Oreotrochilus_melanogaster_MTNR1...|   0.01   |    2     |    0.26 ( 0.00%)   |   -73871.33   |   151847.86   |    151843.85    |
|              Node651              |   0.01   |    2     |    0.25 (23.53%)   |   -73871.33   |   151847.86   |    151843.85    |
|Aptenodytes_patagonicus_MTNR1B_M...|   0.01   |    2     |    1.07 (58.51%)   |   -73871.33   |   151847.85   |    151843.85    |
|              Node214              |   0.01   |    2     |    0.30 (50.11%)   |   -73871.34   |   151847.86   |    151843.85    |
|  Grus_americana_MTNR1B_129214676  |   0.01   |    2     |    0.25 ( 0.00%)   |   -73871.33   |   151847.86   |    151843.85    |
|Malurus_cyaneus_samueli_MTNR1B_M...|   0.01   |    2     |    0.26 ( 0.00%)   |   -73871.33   |   151847.86   |    151843.85    |
|              Node234              |   0.01   |    2     |    0.25 ( 0.00%)   |   -73871.33   |   151847.86   |    151843.85    |
|              Node521              |   0.01   |    2     |    0.25 ( 0.00%)   |   -73871.33   |   151847.86   |    151843.85    |
|              Node261              |   0.01   |    2     |    0.25 (24.32%)   |   -73871.33   |   151847.85   |    151843.85    |
|              Node85               |   0.01   |    2     |    0.25 (24.32%)   |   -73871.33   |   151847.86   |    151843.85    |
|Podilymbus_podiceps_MTNR1B_PODPO...|   0.01   |    2     |    0.27 (52.73%)   |   -73871.34   |   151847.86   |    151843.85    |
|              Node975              |   0.01   |    2     |    0.25 ( 0.00%)   |   -73871.33   |   151847.86   |    151843.85    |
|Vireo_altiloquus_MTNR1B_VIRALT_R...|   0.01   |    2     |    0.25 ( 0.00%)   |   -73871.33   |   151847.86   |    151843.85    |
|Lophotis_ruficrista_MTNR1B_LOPRU...|   0.01   |    2     |    0.25 (23.83%)   |   -73871.34   |   151847.87   |    151843.85    |
|Alopecoenas_beccarii_MTNR1B_ALOB...|   0.01   |    2     |    0.27 ( 0.00%)   |   -73871.33   |   151847.86   |    151843.85    |
|              Node157              |   0.01   |    2     |    0.73 (24.05%)   |   -73871.35   |   151847.88   |    151843.85    |
|Rhadina_sibilatrix_MTNR1B_RHASIB...|   0.01   |    2     |    0.25 ( 0.00%)   |   -73871.33   |   151847.86   |    151843.85    |
|              Node773              |   0.01   |    2     |   35.30 ( 0.61%)   |   -73871.24   |   151847.67   |    151843.85    |
|              Node807              |   0.01   |    2     |    0.31 ( 0.00%)   |   -73871.30   |   151847.79   |    151843.85    |
|Hirundo_rustica_MTNR1B_120748807...|   0.01   |    2     |    0.24 (25.41%)   |   -73871.34   |   151847.86   |    151843.85    |
|Mauremys_reevesii_MTNR1B_1203907...|   0.01   |    2     |    0.49 (23.46%)   |   -73871.33   |   151847.86   |    151843.85    |
|Furnarius_figulus_MTNR1B_FURFIG_...|   0.01   |    2     |    0.28 (51.48%)   |   -73871.34   |   151847.86   |    151843.85    |
|Probosciger_aterrimus_MTNR1B_PRO...|   0.01   |    2     |    0.46 ( 9.46%)   |   -73871.33   |   151847.86   |    151843.85    |
|Pterocles_gutturalis_MTNR1B_1044...|   0.01   |    2     |  922.03 ( 0.36%)   |   -73866.79   |   151838.77   |    151838.77    |
|Pterocles_gutturalis_MTNR1B_1044...|   0.01   |    3     |  953.21 ( 0.36%)   |   -73866.82   |   151842.83   |    151838.77    |
|              Node275              |   0.01   |    2     |   29.26 ( 1.03%)   |   -73865.27   |   151839.73   |    151838.77    |
|  Sciurus_vulgaris_MTNR1B_MTNR1B   |   0.01   |    2     |    0.70 (10.61%)   |   -73866.79   |   151842.78   |    151838.77    |
|Pygoscelis_papua_MTNR1B_KCX85_00...|   0.01   |    2     |    0.30 (50.33%)   |   -73866.79   |   151842.79   |    151838.77    |
|              Node590              |   0.01   |    2     |    0.25 ( 0.00%)   |   -73866.79   |   151842.78   |    151838.77    |
|              Node280              |   0.01   |    2     |    0.25 (25.79%)   |   -73866.79   |   151842.78   |    151838.77    |
|              Node496              |   0.01   |    2     |    0.73 (23.65%)   |   -73866.79   |   151842.79   |    151838.77    |
|              Node228              |   0.01   |    2     |    3.95 (26.15%)   |   -73866.66   |   151842.51   |    151838.77    |
|Dryoscopus_gambensis_MTNR1B_DRYG...|   0.01   |    2     |    0.25 ( 0.00%)   |   -73866.79   |   151842.78   |    151838.77    |
|Donacobius_atricapilla_MTNR1B_DO...|   0.01   |    2     |    0.27 (25.99%)   |   -73866.79   |   151842.78   |    151838.77    |
|              Node257              |   0.01   |    2     |    0.24 (23.00%)   |   -73866.79   |   151842.78   |    151838.77    |
|  Pongo_pygmaeus_MTNR1B_129008229  |   0.01   |    2     |    1.25 (90.33%)   |   -73866.79   |   151842.78   |    151838.77    |
|              Node12               |   0.01   |    2     |    0.37 (45.35%)   |   -73866.79   |   151842.77   |    151838.77    |
|              Node64               |   0.01   |    2     |    0.77 (11.04%)   |   -73866.80   |   151842.80   |    151838.77    |
|   Panthera_leo_MTNR1B_122200340   |   0.01   |    2     |    0.52 ( 9.20%)   |   -73866.79   |   151842.78   |    151838.77    |
|Illadopsis_cleaveri_MTNR1B_ILLCL...|   0.01   |    2     |    0.24 ( 0.00%)   |   -73866.79   |   151842.78   |    151838.77    |
|Chloropsis_cyanopogon_MTNR1B_CHL...|   0.01   |    2     |    0.75 (10.00%)   |   -73866.80   |   151842.79   |    151838.77    |
|Gymnorhina_tibicen_MTNR1B_GYMTIB...|   0.01   |    2     |    0.47 (34.67%)   |   -73866.79   |   151842.78   |    151838.77    |
|  Lacerta_agilis_MTNR1B_117045238  |   0.01   |    2     |    0.26 (25.09%)   |   -73866.79   |   151842.78   |    151838.77    |
|Falcunculus_frontatus_MTNR1B_FAL...|   0.01   |    2     |    0.24 ( 0.00%)   |   -73866.79   |   151842.78   |    151838.77    |
|              Node867              |   0.01   |    2     |    0.11 (76.90%)   |   -73866.79   |   151842.78   |    151838.77    |
|Peromyscus_eremicus_MTNR1B_13191...|   0.01   |    2     |    0.33 (25.44%)   |   -73866.79   |   151842.78   |    151838.77    |
|Nyctibius_grandis_MTNR1B_NYCGRA_...|   0.01   |    2     |    2.46 (85.90%)   |   -73866.79   |   151842.78   |    151838.77    |
|              Node864              |   0.01   |    2     |    0.24 (30.13%)   |   -73866.79   |   151842.78   |    151838.77    |
|              Node592              |   0.01   |    2     |    0.26 (25.92%)   |   -73866.79   |   151842.78   |    151838.77    |
|Zonotrichia_albicollis_MTNR1B_10...|   0.01   |    2     |    0.25 ( 0.00%)   |   -73866.79   |   151842.78   |    151838.77    |
|              Node652              |   0.01   |    2     |    0.72 ( 9.63%)   |   -73866.79   |   151842.78   |    151838.77    |
|Caloenas_nicobarica_MTNR1B_CALNI...|   0.01   |    2     |   10.14 ( 2.01%)   |   -73866.77   |   151842.75   |    151838.77    |
|              Node72               |   0.01   |    2     |   21.98 ( 0.82%)   |   -73866.56   |   151842.32   |    151838.77    |
|              Node640              |   0.01   |    2     |    0.27 (26.03%)   |   -73866.79   |   151842.78   |    151838.77    |
|Phasianus_colchicus_MTNR1B_11624...|   0.01   |    2     |    0.25 ( 0.00%)   |   -73866.79   |   151842.78   |    151838.77    |
|              Node52               |   0.01   |    2     |    0.74 ( 9.89%)   |   -73866.80   |   151842.79   |    151838.77    |
|Ptilonorhynchus_violaceus_MTNR1B...|   0.01   |    2     |   59.19 ( 0.40%)   |   -73866.54   |   151842.27   |    151838.77    |
|Pachycephala_philippinensis_MTNR...|   0.01   |    2     |    0.71 (24.30%)   |   -73866.80   |   151842.80   |    151838.77    |
|              Node126              |   0.01   |    2     |    0.32 (52.63%)   |   -73866.79   |   151842.79   |    151838.77    |
|              Node294              |   0.01   |    2     |    1.30 (31.11%)   |   -73866.79   |   151842.78   |    151838.77    |
|Serinus_canaria_MTNR1B_103827257...|   0.01   |    2     |    0.25 ( 0.00%)   |   -73866.79   |   151842.78   |    151838.77    |
|Cyanistes_caeruleus_MTNR1B_11192...|   0.01   |    2     |    0.78 ( 4.13%)   |   -73866.79   |   151842.78   |    151838.77    |
|              Node542              |   0.01   |    2     |    0.25 ( 0.00%)   |   -73866.79   |   151842.78   |    151838.77    |
|              Node966              |   0.01   |    2     |    0.44 (35.49%)   |   -73866.79   |   151842.78   |    151838.77    |
|Malaclemys_terrapin_pileata_MTNR...|   0.01   |    2     |    0.26 (27.00%)   |   -73866.79   |   151842.78   |    151838.77    |
|Phaetusa_simplex_MTNR1B_PHASIM_R...|   0.01   |    2     |    0.26 (27.00%)   |   -73866.79   |   151842.79   |    151838.77    |
|Centrocercus_urophasianus_MTNR1B...|   0.01   |    2     |    0.25 ( 0.00%)   |   -73866.79   |   151842.78   |    151838.77    |
|Pardalotus_punctatus_MTNR1B_PARP...|   0.01   |    2     |    0.76 ( 9.63%)   |   -73866.79   |   151842.77   |    151838.77    |
|              Node454              |   0.01   |    2     |    0.73 (23.67%)   |   -73866.80   |   151842.79   |    151838.77    |
|    Bufo_bufo_MTNR1B_120994190     |   0.01   |    2     |    0.28 ( 0.00%)   |   -73866.78   |   151842.76   |    151838.77    |
|Equus_przewalskii_MTNR1B_1035480...|   0.01   |    2     |    0.59 (73.86%)   |   -73866.79   |   151842.78   |    151838.77    |
|  Myotis_davidii_MTNR1B_102751740  |   0.01   |    2     |    0.40 (75.88%)   |   -73866.79   |   151842.78   |    151838.77    |
|Passer_montanus_MTNR1B_120506782...|   0.01   |    2     |    0.74 ( 9.98%)   |   -73866.79   |   151842.79   |    151838.77    |
|Hypocryptadius_cinnamomeus_MTNR1...|   0.01   |    2     |    0.76 ( 9.63%)   |   -73866.79   |   151842.78   |    151838.77    |
|Rynchops_niger_MTNR1B_RYNNIG_R10...|   0.01   |    2     |    0.39 (50.05%)   |   -73866.79   |   151842.78   |    151838.77    |
|              Node768              |   0.01   |    2     |    0.27 ( 0.00%)   |   -73866.79   |   151842.78   |    151838.77    |
|Ploceus_nigricollis_MTNR1B_PLONI...|   0.01   |    2     |    0.74 ( 9.98%)   |   -73866.80   |   151842.80   |    151838.77    |
|              Node468              |   0.01   |    2     |    0.73 (24.31%)   |   -73866.80   |   151842.80   |    151838.77    |
|              Node945              |   0.01   |    2     |    0.61 (50.55%)   |   -73866.79   |   151842.78   |    151838.77    |
|             Node1002              |   0.01   |    2     |  902.07 ( 0.56%)   |   -73862.25   |   151833.70   |    151833.70    |
|             Node1002              |   0.01   |    3     |  947.14 ( 0.51%)   |   -73862.28   |   151837.77   |    151833.70    |
|Pterocles_burchelli_MTNR1B_PTEBU...|   0.01   |    2     |    0.26 ( 0.00%)   |   -73862.25   |   151837.71   |    151833.70    |
|              Node729              |   0.01   |    2     |    0.60 (98.00%)   |   -73862.25   |   151837.71   |    151833.70    |
|              Node803              |   0.01   |    2     |    0.29 ( 0.00%)   |   -73862.25   |   151837.71   |    151833.70    |
|Dromaius_novaehollandiae_MTNR1B_...|   0.01   |    2     |    0.25 ( 0.00%)   |   -73862.25   |   151837.71   |    151833.70    |
|Bos_indicus_x_Bos_taurus_MTNR1B_...|   0.01   |    2     |    0.73 (23.89%)   |   -73862.26   |   151837.73   |    151833.70    |
|              Node74               |   0.01   |    2     |  119.82 ( 1.13%)   |   -73861.40   |   151836.01   |    151833.70    |
|              Node798              |   0.01   |    2     |    0.40 (78.75%)   |   -73862.25   |   151837.71   |    151833.70    |
|Buceros_rhinoceros_silvestris_MT...|   0.01   |    2     |    0.98 (10.49%)   |   -73862.26   |   151837.74   |    151833.70    |
|  Rattus_rattus_MTNR1B_116908057   |   0.01   |    2     |    0.38 (23.42%)   |   -73862.25   |   151837.71   |    151833.70    |
|Syrrhaptes_paradoxus_MTNR1B_SYRP...|   0.01   |    2     |    0.79 (10.35%)   |   -73862.26   |   151837.72   |    151833.70    |
|              Node749              |   0.01   |    2     |    0.26 ( 0.00%)   |   -73862.25   |   151837.71   |    151833.70    |
|              Node67               |   0.01   |    2     |    0.25 (49.38%)   |   -73862.23   |   151837.68   |    151833.70    |
|              Node858              |   0.01   |    2     |    0.25 ( 0.00%)   |   -73862.25   |   151837.71   |    151833.70    |
|   Pongo_abelii_MTNR1B_100431297   |   0.01   |    2     |    1.00 (50.00%)   |   -73862.25   |   151837.71   |    151833.70    |
|Ramphastos_sulfuratus_MTNR1B_RAM...|   0.01   |    2     |    0.26 ( 0.00%)   |   -73862.25   |   151837.71   |    151833.70    |
|   Equus_quagga_MTNR1B_124225175   |   0.01   |    2     |    0.75 (49.25%)   |   -73862.25   |   151837.71   |    151833.70    |
|Fregetta_grallaria_MTNR1B_FREGRA...|   0.01   |    2     |    0.81 (10.51%)   |   -73862.25   |   151837.71   |    151833.70    |
|              Node396              |   0.01   |    2     |    0.25 ( 0.00%)   |   -73862.25   |   151837.71   |    151833.70    |
|              Node57               |   0.01   |    2     |    0.73 ( 9.51%)   |   -73862.25   |   151837.71   |    151833.70    |
|  Harpia_harpyja_MTNR1B_128153488  |   0.01   |    2     |    0.82 (10.56%)   |   -73862.25   |   151837.71   |    151833.70    |
|Oceanites_oceanicus_MTNR1B_OCEOC...|   0.01   |    2     |    0.25 (25.15%)   |   -73862.25   |   151837.71   |    151833.70    |
|Haemorhous_mexicanus_MTNR1B_MTNR...|   0.01   |    2     |    0.25 ( 0.00%)   |   -73862.25   |   151837.71   |    151833.70    |
|              Node53               |   0.01   |    2     |    0.99 (49.41%)   |   -73862.25   |   151837.71   |    151833.70    |
|Marmota_flaviventris_MTNR1B_1141...|   0.01   |    2     |    0.25 (21.25%)   |   -73862.25   |   151837.71   |    151833.70    |
|              Node438              |   0.01   |    2     |    0.18 (45.50%)   |   -73862.25   |   151837.71   |    151833.70    |
|  Uria_aalge_MTNR1B_URIAAL_R14161  |   0.01   |    2     |    1.00 (25.00%)   |   -73862.25   |   151837.71   |    151833.70    |
|Piprites_chloris_MTNR1B_PIPCHL_R...|   0.01   |    2     |    0.25 ( 0.00%)   |   -73862.25   |   151837.71   |    151833.70    |
|Catharus_fuscescens_MTNR1B_CATFU...|   0.01   |    2     |    0.25 ( 0.00%)   |   -73862.25   |   151837.71   |    151833.70    |
|Turdus_rufiventris_MTNR1B_TURU_0...|   0.01   |    2     |    0.52 ( 4.75%)   |   -73862.25   |   151837.71   |    151833.70    |
|              Node560              |   0.01   |    2     |    0.52 ( 4.75%)   |   -73862.25   |   151837.71   |    151833.70    |
|              Node259              |   0.01   |    2     |    0.29 (51.10%)   |   -73862.25   |   151837.71   |    151833.70    |
|              Node94               |   0.01   |    2     |    0.27 ( 0.00%)   |   -73862.25   |   151837.71   |    151833.70    |
|Podarcis_raffonei_MTNR1B_1284125...|   0.01   |    2     |    0.79 (10.39%)   |   -73862.25   |   151837.72   |    151833.70    |
|Malurus_elegans_MTNR1B_MALELE_R0...|   0.01   |    2     |    0.17 (44.42%)   |   -73862.25   |   151837.71   |    151833.70    |
|Camarhynchus_parvulus_MTNR1B_115...|   0.01   |    2     |    0.25 ( 0.00%)   |   -73862.25   |   151837.71   |    151833.70    |
|              Node156              |   0.01   |    2     |    1.91 ( 9.35%)   |   -73862.25   |   151837.71   |    151833.70    |
|              Node100              |   0.01   |    2     |    0.25 (49.41%)   |   -73862.25   |   151837.71   |    151833.70    |
|              Node852              |   0.01   |    2     |    9.05 ( 1.69%)   |   -73862.23   |   151837.67   |    151833.70    |
|Podarcis_muralis_MTNR1B_11459562...|   0.01   |    2     |    0.24 (23.65%)   |   -73862.25   |   151837.71   |    151833.70    |
|              Node158              |   0.01   |    2     |    0.54 (30.08%)   |   -73862.25   |   151837.71   |    151833.70    |
|              Node683              |   0.01   |    2     |    0.24 (48.46%)   |   -73862.25   |   151837.71   |    151833.70    |
|Hippopotamus_amphibius_MTNR1B_MT...|   0.01   |    2     |   65.44 ( 1.60%)   |   -73861.58   |   151836.37   |    151833.70    |
|              Node587              |   0.01   |    2     |    0.24 ( 0.00%)   |   -73862.25   |   151837.71   |    151833.70    |
|              Node316              |   0.01   |    2     |    0.34 (27.03%)   |   -73862.25   |   151837.72   |    151833.70    |
|              Node748              |   0.01   |    2     |    0.39 (88.23%)   |   -73862.25   |   151837.71   |    151833.70    |
|              Node789              |   0.01   |    2     |    1.95 (49.26%)   |   -73862.25   |   151837.71   |    151833.70    |
|Thamnophis_sirtalis_MTNR1B_10654...|   0.01   |    2     |    0.26 ( 0.00%)   |   -73862.25   |   151837.71   |    151833.70    |
|Zalophus_californianus_MTNR1B_11...|   0.01   |    2     |    0.60 (98.00%)   |   -73862.25   |   151837.71   |    151833.70    |
|    Gallus_gallus_MTNR1B_Mel1BR    |   0.01   |    2     |    0.25 ( 0.00%)   |   -73862.25   |   151837.71   |    151833.70    |
|Bufo_gargarizans_MTNR1B_12293269...|   0.01   |    2     |    0.93 (10.00%)   |   -73862.25   |   151837.71   |    151833.70    |
|              Node529              |   0.01   |    2     |    0.25 ( 0.00%)   |   -73862.25   |   151837.71   |    151833.70    |
|              Node747              |   0.01   |    2     |    0.26 ( 0.00%)   |   -73862.25   |   151837.71   |    151833.70    |
|              Node869              |   0.00   |    2     |    0.52 (50.31%)   |   -73862.25   |   151837.70   |    151833.70    |
|              Node629              |   0.00   |    2     |    0.25 ( 0.00%)   |   -73862.25   |   151837.71   |    151833.70    |
|              Node313              |   0.00   |    2     |    0.24 ( 0.00%)   |   -73862.25   |   151837.71   |    151833.70    |
|Oreocharis_arfaki_MTNR1B_OREARF_...|   0.00   |    2     |    0.24 ( 0.00%)   |   -73862.25   |   151837.71   |    151833.70    |
|              Node656              |   0.00   |    2     |    0.26 ( 0.00%)   |   -73862.25   |   151837.71   |    151833.70    |
|              Node341              |   0.00   |    2     |    1.05 (10.21%)   |   -73862.26   |   151837.73   |    151833.70    |
|   Cygnus_olor_MTNR1B_121063641    |   0.00   |    2     |    0.25 ( 0.00%)   |   -73862.25   |   151837.71   |    151833.70    |
|              Node147              |   0.00   |    2     |    1.06 (10.31%)   |   -73862.25   |   151837.71   |    151833.70    |
|Buphagus_erythrorhynchus_MTNR1B_...|   0.00   |    2     |    0.25 ( 0.00%)   |   -73862.25   |   151837.71   |    151833.70    |
|Zosterops_hypoxanthus_MTNR1B_ZOS...|   0.00   |    2     |    0.27 ( 0.00%)   |   -73862.25   |   151837.71   |    151833.70    |
|Prunella_himalayana_MTNR1B_PRUHI...|   0.00   |    2     |    0.25 ( 0.00%)   |   -73862.25   |   151837.71   |    151833.70    |
|              Node222              |   0.00   |    2     |    0.50 (25.00%)   |   -73862.25   |   151837.71   |    151833.70    |
|Pyrgilauda_ruficollis_MTNR1B_121...|   0.00   |    2     |    0.25 ( 0.00%)   |   -73862.25   |   151837.71   |    151833.70    |
|Neopelma_chrysocephalum_MTNR1B_1...|   0.00   |    2     |    0.25 ( 0.00%)   |   -73862.25   |   151837.71   |    151833.70    |
|              Node148              |   0.00   |    2     |    0.53 (25.61%)   |   -73862.25   |   151837.71   |    151833.70    |
|              Node238              |   0.00   |    2     |    2.43 (51.77%)   |   -73862.25   |   151837.71   |    151833.70    |
|Rhabdornis_inornatus_MTNR1B_RHAI...|   0.00   |    2     |    0.23 (47.67%)   |   -73862.25   |   151837.71   |    151833.70    |
|Tyrannus_savana_MTNR1B_TYRSAV_R0...|   0.00   |    2     |    0.25 ( 0.00%)   |   -73862.25   |   151837.71   |    151833.70    |
|              Node264              |   0.00   |    2     |    0.52 (25.69%)   |   -73862.25   |   151837.71   |    151833.70    |
|              Node244              |   0.00   |    2     |    0.26 ( 0.00%)   |   -73862.25   |   151837.71   |    151833.70    |
|              Node696              |   0.00   |    2     |    0.28 (51.32%)   |   -73862.25   |   151837.71   |    151833.70    |
|Brachypteracias_leptosomus_MTNR1...|   0.00   |    2     |    0.75 (10.00%)   |   -73862.25   |   151837.71   |    151833.70    |
|              Node983              |   0.00   |    2     |    0.50 (25.00%)   |   -73862.25   |   151837.71   |    151833.70    |
|              Node796              |   0.00   |    2     |    0.99 (24.51%)   |   -73862.25   |   151837.71   |    151833.70    |
|              Node36               |   0.00   |    2     |    0.24 (48.19%)   |   -73862.25   |   151837.71   |    151833.70    |
|              Node485              |   0.00   |    2     |    0.24 ( 0.00%)   |   -73862.25   |   151837.71   |    151833.70    |
|              Node783              |   0.00   |    2     |    0.99 ( 9.15%)   |   -73862.25   |   151837.71   |    151833.70    |
|              Node225              |   0.00   |    2     |    0.25 ( 0.00%)   |   -73862.25   |   151837.71   |    151833.70    |
|Ifrita_kowaldi_MTNR1B_IFRKOW_R00...|   0.00   |    2     |    0.25 ( 0.00%)   |   -73862.25   |   151837.71   |    151833.70    |
|              Node914              |   0.00   |    2     |    0.61 (50.53%)   |   -73862.25   |   151837.71   |    151833.70    |
|Dipodomys_ordii_MTNR1B_105995145...|   0.00   |    2     |    9.91 ( 1.85%)   |   -73862.19   |   151837.59   |    151833.70    |
|              Node124              |   0.00   |    2     |    0.24 ( 0.00%)   |   -73862.25   |   151837.71   |    151833.70    |
|   Calypte_anna_MTNR1B_103534562   |   0.00   |    2     |    0.25 ( 0.00%)   |   -73862.25   |   151837.71   |    151833.70    |
|              Node695              |   0.00   |    2     |    0.24 ( 0.00%)   |   -73862.25   |   151837.71   |    151833.70    |
|Passerina_amoena_MTNR1B_PASAMO_R...|   0.00   |    2     |    0.25 ( 0.00%)   |   -73862.25   |   151837.71   |    151833.70    |
|              Node642              |   0.00   |    2     |    0.26 ( 0.00%)   |   -73862.25   |   151837.71   |    151833.70    |
|Indicator_indicator_MTNR1B_12896...|   0.00   |    2     |    0.25 ( 0.00%)   |   -73862.25   |   151837.71   |    151833.70    |
|    Bos_mutus_MTNR1B_102277187     |   0.00   |    2     |    0.28 (51.32%)   |   -73862.25   |   151837.71   |    151833.70    |
|Accipiter_gentilis_MTNR1B_126048...|   0.00   |    2     |    0.25 ( 0.00%)   |   -73862.25   |   151837.71   |    151833.70    |
|              Node614              |   0.00   |    2     |    0.25 ( 0.00%)   |   -73862.25   |   151837.71   |    151833.70    |
|Calonectris_borealis_MTNR1B_CALB...|   0.00   |    2     |    0.29 ( 0.00%)   |   -73862.25   |   151837.71   |    151833.70    |
|              Node398              |   0.00   |    2     |    0.25 ( 0.00%)   |   -73862.25   |   151837.71   |    151833.70    |
|              Node205              |   0.00   |    2     |    0.28 (51.42%)   |   -73862.25   |   151837.71   |    151833.70    |
|Strix_occidentalis_caurina_MTNR1...|   0.00   |    2     |    0.25 ( 0.00%)   |   -73862.25   |   151837.71   |    151833.70    |
|              Node441              |   0.00   |    2     |    0.25 ( 0.00%)   |   -73862.25   |   151837.71   |    151833.70    |
|Melozone_crissalis_MTNR1B_128933...|   0.00   |    2     |    0.25 ( 0.00%)   |   -73862.25   |   151837.71   |    151833.70    |
|Cettia_cetti_MTNR1B_CETCET_R1105...|   0.00   |    2     |    0.28 (51.46%)   |   -73862.25   |   151837.71   |    151833.70    |
|Eolophus_roseicapilla_MTNR1B_EOL...|   0.00   |    2     |    0.27 ( 0.00%)   |   -73862.25   |   151837.71   |    151833.70    |
|              Node87               |   0.00   |    2     |    0.25 ( 0.00%)   |   -73862.25   |   151837.71   |    151833.70    |
|  Cygnus_atratus_MTNR1B_118245936  |   0.00   |    2     |    0.28 (51.44%)   |   -73862.25   |   151837.71   |    151833.70    |
|Corapipo_altera_MTNR1B_113950069...|   0.00   |    2     |    0.25 ( 0.00%)   |   -73862.25   |   151837.71   |    151833.70    |
|Ceratotherium_simum_cottoni_MTNR...|   0.00   |    2     |    0.78 ( 3.58%)   |   -73862.25   |   151837.71   |    151833.70    |
|              Node462              |   0.00   |    2     |    0.25 ( 0.00%)   |   -73862.25   |   151837.71   |    151833.70    |
|              Node343              |   0.00   |    2     |    0.28 (51.44%)   |   -73862.25   |   151837.71   |    151833.70    |
|Nothoprocta_ornata_MTNR1B_NOTORN...|   0.00   |    2     |    0.25 ( 0.00%)   |   -73862.25   |   151837.71   |    151833.70    |
|Pitangus_sulphuratus_MTNR1B_BTVI...|   0.00   |    2     |    0.25 ( 0.00%)   |   -73862.25   |   151837.71   |    151833.70    |
|  Manacus_candei_MTNR1B_127467550  |   0.00   |    2     |    0.25 ( 0.00%)   |   -73862.25   |   151837.71   |    151833.70    |
|Rhodinocichla_rosea_MTNR1B_RHORO...|   0.00   |    2     |    0.25 ( 0.00%)   |   -73862.25   |   151837.71   |    151833.70    |
|Chiroxiphia_lanceolata_MTNR1B_11...|   0.00   |    2     |    0.25 ( 0.00%)   |   -73862.25   |   151837.71   |    151833.70    |
|              Node820              |   0.00   |    2     |    1.00 ( 5.00%)   |   -73862.23   |   151837.67   |    151833.70    |
|Melospiza_georgiana_MTNR1B_13108...|   0.00   |    2     |    0.25 ( 0.00%)   |   -73862.25   |   151837.71   |    151833.70    |
|              Node360              |   0.00   |    2     |    0.25 ( 0.00%)   |   -73862.25   |   151837.71   |    151833.70    |
|              Node573              |   0.00   |    2     |    0.24 ( 0.00%)   |   -73862.25   |   151837.71   |    151833.70    |
|              Node382              |   0.00   |    2     |    0.25 ( 0.00%)   |   -73862.25   |   151837.71   |    151833.70    |
|Hylobates_pileatus_MTNR1B_MTNR1B...|   0.00   |    2     |    2.00 (50.00%)   |   -73862.25   |   151837.71   |    151833.70    |
|Sakesphorus_luctuosus_MTNR1B_SAK...|   0.00   |    2     |    0.26 ( 0.00%)   |   -73862.25   |   151837.71   |    151833.70    |
|Ardeotis_kori_MTNR1B_ARDKOR_R084...|   0.00   |    2     |    0.29 (50.00%)   |   -73862.25   |   151837.71   |    151833.70    |
|              Node451              |   0.00   |    2     |    0.25 ( 0.00%)   |   -73862.25   |   151837.71   |    151833.70    |
|Felis_catus_x_Prionailurus_benga...|   0.00   |    2     |    0.28 (51.44%)   |   -73862.25   |   151837.71   |    151833.70    |
|Mus_musculus_molossinus_MTNR1B_M...|   0.00   |    2     |    0.28 (51.17%)   |   -73862.25   |   151837.71   |    151833.70    |
|Mus_musculus_musculus_MTNR1B_MTN...|   0.00   |    2     |    1.96 (49.37%)   |   -73862.25   |   151837.71   |    151833.70    |
|Willisornis_vidua_MTNR1B_WISP_01...|   0.00   |    2     |    0.25 ( 0.00%)   |   -73862.25   |   151837.71   |    151833.70    |
|Diceros_bicornis_minor_MTNR1B_13...|   0.00   |    2     |    0.28 (51.36%)   |   -73862.25   |   151837.71   |    151833.70    |
|Bison_bison_bison_MTNR1B_1049996...|   0.00   |    2     |    0.25 ( 0.00%)   |   -73862.25   |   151837.71   |    151833.70    |
|Sciurus_carolinensis_MTNR1B_1249...|   0.00   |    2     |    0.49 (49.30%)   |   -73862.25   |   151837.71   |    151833.70    |
|              Node923              |   0.00   |    2     |    0.50 (24.12%)   |   -73862.25   |   151837.71   |    151833.70    |
|              Node558              |   0.00   |    2     |    0.25 ( 0.00%)   |   -73862.25   |   151837.71   |    151833.70    |
|              Node630              |   0.00   |    2     |    0.24 ( 0.00%)   |   -73862.25   |   151837.71   |    151833.70    |
|              Node406              |   0.00   |    2     |    0.25 ( 0.00%)   |   -73862.25   |   151837.71   |    151833.70    |
|Nothocercus_julius_MTNR1B_NOTJUL...|   0.00   |    2     |    0.24 ( 0.00%)   |   -73862.25   |   151837.71   |    151833.70    |
|              Node390              |   0.00   |    2     |    0.24 ( 0.00%)   |   -73862.25   |   151837.71   |    151833.70    |
|              Node428              |   0.00   |    2     |    0.25 ( 0.00%)   |   -73862.25   |   151837.71   |    151833.70    |
|              Node954              |   0.00   |    2     |    0.76 ( 8.41%)   |   -73862.25   |   151837.71   |    151833.70    |
|Locustella_ochotensis_MTNR1B_LOC...|   0.00   |    2     |    0.67 (24.71%)   |   -73862.25   |   151837.71   |    151833.70    |
|              Node121              |   0.00   |    2     |    0.26 ( 0.00%)   |   -73862.25   |   151837.71   |    151833.70    |
|              Node381              |   0.00   |    2     |    0.50 (24.51%)   |   -73862.25   |   151837.71   |    151833.70    |
|              Node268              |   0.00   |    2     |    0.26 ( 0.00%)   |   -73862.25   |   151837.71   |    151833.70    |
|              Node806              |   0.00   |    2     |    0.25 ( 0.00%)   |   -73862.25   |   151837.71   |    151833.70    |
|              Node909              |   0.00   |    2     |   59.50 ( 1.33%)   |   -73862.20   |   151837.62   |    151833.70    |
|              Node35               |   0.00   |    2     |    0.74 (24.42%)   |   -73862.25   |   151837.71   |    151833.70    |
|              Node653              |   0.00   |    2     |    0.26 ( 0.00%)   |   -73862.25   |   151837.71   |    151833.70    |
|  Chelonia_mydas_MTNR1B_102947942  |   0.00   |    2     |    0.74 (24.30%)   |   -73862.25   |   151837.71   |    151833.70    |
|              Node564              |   0.00   |    2     |    0.93 ( 9.56%)   |   -73861.98   |   151837.18   |    151833.70    |
|Sylvia_atricapilla_MTNR1B_SYLATR...|   0.00   |    2     |    0.24 ( 0.00%)   |   -73862.25   |   151837.71   |    151833.70    |
|              Node42               |   0.00   |    2     |    0.25 ( 0.00%)   |   -73862.25   |   151837.71   |    151833.70    |
|              Node140              |   0.00   |    2     |  231.48 ( 0.56%)   |   -73861.37   |   151835.96   |    151833.70    |
|Sterrhoptilus_dennistouni_MTNR1B...|   0.00   |    2     |    0.25 ( 0.00%)   |   -73862.25   |   151837.71   |    151833.70    |
|              Node337              |   0.00   |    2     |    0.25 ( 0.00%)   |   -73862.25   |   151837.71   |    151833.70    |
|              Node43               |   0.00   |    2     |    1.01 (23.83%)   |   -73862.25   |   151837.71   |    151833.70    |
|              Node528              |   0.00   |    2     |    0.24 ( 0.00%)   |   -73862.25   |   151837.71   |    151833.70    |
|              Node731              |   0.00   |    2     |    0.25 ( 2.00%)   |   -73878.03   |   151869.28   |    151833.70    |
|              Node535              |   0.00   |    2     |    0.25 ( 0.00%)   |   -73862.25   |   151837.71   |    151833.70    |
|              Node236              |   0.00   |    2     |    0.25 ( 0.00%)   |   -73862.25   |   151837.71   |    151833.70    |
|Centropus_unirufus_MTNR1B_CENUNI...|   0.00   |    2     |    0.24 ( 0.00%)   |   -73862.25   |   151837.71   |    151833.70    |
|              Node576              |   0.00   |    2     |    0.26 ( 0.00%)   |   -73862.25   |   151837.71   |    151833.70    |
|Oxylabes_madagascariensis_MTNR1B...|   0.00   |    2     |    0.25 ( 0.00%)   |   -73862.25   |   151837.71   |    151833.70    |
|              Node613              |   0.00   |    2     |    0.75 ( 2.00%)   |   -73862.25   |   151837.71   |    151833.70    |
|              Node990              |   0.00   |    2     |    0.24 ( 0.00%)   |   -73862.22   |   151837.65   |    151833.70    |
|Aptenodytes_forsteri_MTNR1B_1039...|   0.00   |    2     |  179.44 ( 0.60%)   |   -73862.19   |   151837.60   |    151833.70    |
|Poecile_atricapillus_MTNR1B_1315...|   0.00   |    2     |    0.24 ( 0.00%)   |   -73862.25   |   151837.71   |    151833.70    |
|Circaetus_pectoralis_MTNR1B_CIRP...|   0.00   |    2     |    0.25 ( 0.00%)   |   -73862.25   |   151837.71   |    151833.70    |
|Aythya_fuligula_MTNR1B_116502149...|   0.00   |    2     |    0.25 ( 0.00%)   |   -73862.25   |   151837.71   |    151833.70    |
|              Node45               |   0.00   |    2     |    1.94 ( 5.04%)   |   -73862.25   |   151837.71   |    151833.70    |
|Eudyptes_pachyrhynchus_MTNR1B_MT...|   0.00   |    2     |    0.50 ( 5.00%)   |   -73862.25   |   151837.71   |    151833.70    |
|              Node446              |   0.00   |    2     |    0.25 (24.12%)   |   -73862.25   |   151837.71   |    151833.70    |
|              Node103              |   0.00   |    2     |    0.25 ( 0.00%)   |   -73862.25   |   151837.71   |    151833.70    |
|              Node200              |   0.00   |    2     |    0.25 (24.12%)   |   -73862.25   |   151837.71   |    151833.70    |
|  Panthera_uncia_MTNR1B_125938333  |   0.00   |    2     |    1.01 (49.95%)   |   -73862.25   |   151837.71   |    151833.70    |
|              Node80               |   0.00   |    2     |  243.84 (100.00%)  |   -73862.25   |   151837.71   |    151833.70    |
|              Node490              |   0.00   |    2     |    0.25 ( 0.00%)   |   -73862.25   |   151837.71   |    151833.70    |
|Campylorhamphus_procurvoides_MTN...|   0.00   |    2     |    0.25 ( 0.00%)   |   -73862.25   |   151837.71   |    151833.70    |
|              Node740              |   0.00   |    2     |    0.25 ( 0.00%)   |   -73862.25   |   151837.71   |    151833.70    |
|Aphelocoma_coerulescens_MTNR1B_A...|   0.00   |    2     |    0.25 ( 0.00%)   |   -73862.25   |   151837.71   |    151833.70    |
|Myiozetetes_cayanensis_MTNR1B_12...|   0.00   |    2     |    0.25 ( 0.00%)   |   -73862.25   |   151837.71   |    151833.70    |
|              Node609              |   0.00   |    2     |    0.52 ( 4.75%)   |   -73862.25   |   151837.71   |    151833.70    |
|Acrocephalus_arundinaceus_MTNR1B...|   0.00   |    2     |    0.52 ( 4.79%)   |   -73862.25   |   151837.71   |    151833.70    |
|Taeniopygia_guttata_MTNR1B_75158...|   0.00   |    2     |    0.25 ( 0.00%)   |   -73862.25   |   151837.71   |    151833.70    |
|              Node595              |   0.00   |    2     |    0.52 ( 4.79%)   |   -73862.25   |   151837.71   |    151833.70    |
|              Node591              |   0.00   |    2     |    0.24 ( 0.00%)   |   -73862.25   |   151837.71   |    151833.70    |
|Lonchura_striata_domestica_MTNR1...|   0.00   |    2     |   >1000 ( 0.29%)   |   -73854.52   |   151822.25   |    151822.25    |
|Lonchura_striata_domestica_MTNR1...|   0.00   |    3     |   >1000 ( 0.28%)   |   -73854.53   |   151826.27   |    151822.25    |
|   Felis_catus_MTNR1B_101083701    |   0.00   |    2     |    2.00 ( 5.00%)   |   -73854.52   |   151826.26   |    151822.25    |
|Catharus_ustulatus_MTNR1B_116993...|   0.00   |    2     |    0.25 ( 0.00%)   |   -73854.52   |   151826.26   |    151822.25    |
|              Node878              |   0.00   |    2     |    0.18 (31.40%)   |   -73870.54   |   151858.29   |    151822.25    |
|Vidua_chalybeata_MTNR1B_12878400...|   0.00   |    2     |    0.25 ( 0.00%)   |   -73854.52   |   151826.26   |    151822.25    |
|              Node284              |   0.00   |    2     |    0.50 (10.00%)   |   -73854.52   |   151826.26   |    151822.25    |
|              Node716              |   0.00   |    2     |    2.81 (52.75%)   |   -73854.52   |   151826.26   |    151822.25    |
|Mus_musculus_castaneus_MTNR1B_MT...|   0.00   |    2     |    2.09 ( 3.71%)   |   -73854.52   |   151826.26   |    151822.25    |
|              Node625              |   0.00   |    2     |    0.24 ( 0.00%)   |   -73854.52   |   151826.26   |    151822.25    |
|              Node776              |   0.00   |    2     |    0.40 (51.53%)   |   -73854.52   |   151826.26   |    151822.25    |
|  Falco_naumanni_MTNR1B_121083468  |   0.00   |    2     |    0.25 ( 0.00%)   |   -73854.52   |   151826.26   |    151822.25    |
|              Node962              |   0.00   |    2     |    0.25 (49.41%)   |   -73854.52   |   151826.26   |    151822.25    |
|              Node524              |   0.00   |    2     |    0.24 ( 0.00%)   |   -73854.52   |   151826.26   |    151822.25    |
|              Node574              |   0.00   |    2     |    0.84 ( 4.20%)   |   -73854.52   |   151826.26   |    151822.25    |
|              Node117              |   0.00   |    2     |    0.49 (23.28%)   |   -73854.52   |   151826.26   |    151822.25    |
|              Node641              |   0.00   |    2     |    0.26 ( 0.00%)   |   -73854.52   |   151826.26   |    151822.25    |
|              Node859              |   0.00   |    2     |    1.05 ( 4.66%)   |   -73854.52   |   151826.26   |    151822.25    |
|              Node320              |   0.00   |    2     |    0.25 ( 0.00%)   |   -73854.52   |   151826.26   |    151822.25    |
|              Node422              |   0.00   |    2     |    0.29 ( 0.00%)   |   -73854.52   |   151826.26   |    151822.25    |
|Patagioenas_fasciata_monilis_MTN...|   0.00   |    2     |    0.26 ( 0.00%)   |   -73854.52   |   151826.26   |    151822.25    |
|              Node340              |   0.00   |    2     |    0.26 ( 0.00%)   |   -73854.52   |   151826.26   |    151822.25    |
|              Node649              |   0.00   |    2     |   >1000 ( 0.31%)   |   -73851.07   |   151819.36   |    151819.36    |
|              Node649              |   0.00   |    3     |   >1000 ( 0.31%)   |   -73851.07   |   151823.37   |    151819.36    |
|              Node402              |   0.00   |    2     |  66.49 (100.00%)   |   -73851.09   |   151823.40   |    151819.36    |
|              Node118              |   0.00   |    2     |    0.26 ( 0.00%)   |   -73851.07   |   151823.37   |    151819.36    |
|              Node506              |   0.00   |    2     |    0.26 ( 0.00%)   |   -73851.07   |   151823.37   |    151819.36    |
|              Node37               |   0.00   |    2     |    0.24 ( 0.00%)   |   -73851.07   |   151823.37   |    151819.36    |
|              Node366              |   0.00   |    2     |    0.25 ( 0.00%)   |   -73851.07   |   151823.37   |    151819.36    |
|              Node326              |   0.00   |    2     |    0.26 ( 0.00%)   |   -73851.07   |   151823.37   |    151819.36    |
|Crocodylus_porosus_MTNR1B_109305...|   0.00   |    2     |    0.26 ( 0.00%)   |   -73851.07   |   151823.37   |    151819.36    |
|Mandrillus_leucophaeus_MTNR1B_10...|   0.00   |    2     |    0.26 ( 0.00%)   |   -73851.07   |   151823.37   |    151819.36    |
|              Node701              |   0.00   |    2     |    0.25 ( 0.00%)   |   -73851.07   |   151823.37   |    151819.36    |
|              Node311              |   0.00   |    2     |    0.25 ( 0.00%)   |   -73851.07   |   151823.37   |    151819.36    |
|              Node365              |   0.00   |    2     |   1.00 (100.00%)   |   -73851.77   |   151824.78   |    151819.36    |
|              Node866              |   0.00   |    2     |    9.11 (50.07%)   |   -73851.07   |   151823.37   |    151819.36    |
|Atlantisia_rogersi_MTNR1B_ATLROG...|   0.00   |    2     |    0.26 ( 0.00%)   |   -73851.07   |   151823.37   |    151819.36    |
|              Node317              |   0.00   |    2     |    0.26 ( 0.00%)   |   -73851.07   |   151823.37   |    151819.36    |
|              Node688              |   0.00   |    2     |    0.29 ( 0.00%)   |   -73851.07   |   151823.37   |    151819.36    |
|              Node961              |   0.00   |    2     |    0.25 ( 0.00%)   |   -73851.07   |   151823.37   |    151819.36    |
|              Node303              |   0.00   |    2     |    0.40 (50.46%)   |   -73851.07   |   151823.37   |    151819.36    |
|              Node155              |   0.00   |    2     |    0.18 (31.40%)   |   -73858.47   |   151838.17   |    151819.36    |
|              Node681              |   0.00   |    2     |    0.25 ( 0.00%)   |   -73851.07   |   151823.37   |    151819.36    |
|              Node693              |   0.00   |    2     |    0.26 ( 0.00%)   |   -73851.07   |   151823.37   |    151819.36    |
|              Node484              |   0.00   |    2     |    0.25 ( 0.00%)   |   -73851.07   |   151823.37   |    151819.36    |
|Pheucticus_melanocephalus_MTNR1B...|   0.00   |    2     |    0.25 ( 0.00%)   |   -73851.07   |   151823.37   |    151819.36    |
|              Node55               |   0.00   |    2     |    0.40 (75.00%)   |   -73851.07   |   151823.37   |    151819.36    |
|              Node920              |   0.00   |    2     |  60.10 (100.00%)   |   -73851.08   |   151823.40   |    151819.36    |
|              Node172              |   0.00   |    2     |    0.25 ( 0.00%)   |   -73851.07   |   151823.37   |    151819.36    |
|  Falco_tinnunculus_MTNR1B_MTNR1B  |   0.00   |    2     |    0.26 ( 0.00%)   |   -73851.07   |   151823.37   |    151819.36    |
|              Node109              |   0.00   |    2     |    0.40 (75.00%)   |   -73851.07   |   151823.37   |    151819.36    |
|              Node142              |   0.00   |    2     |  172.84 ( 0.78%)   |   -73850.76   |   151822.74   |    151819.36    |
|              Node258              |   0.00   |    2     |    0.50 (21.25%)   |   -73851.07   |   151823.37   |    151819.36    |
|              Node732              |   0.00   |    2     |    0.50 ( 5.00%)   |   -73851.07   |   151823.37   |    151819.36    |
|              Node252              |   0.00   |    2     |    0.27 ( 0.00%)   |   -73851.07   |   151823.37   |    151819.36    |
|Prunella_fulvescens_MTNR1B_PRUFU...|   0.00   |    2     |    0.25 ( 0.00%)   |   -73851.07   |   151823.37   |    151819.36    |
|              Node99               |   0.00   |    2     |    0.25 ( 0.00%)   |   -73851.07   |   151823.37   |    151819.36    |
|Calidris_pugnax_MTNR1B_106897608...|   0.00   |    2     |    0.26 ( 0.00%)   |   -73851.07   |   151823.37   |    151819.36    |
|Ciccaba_nigrolineata_MTNR1B_CICN...|   0.00   |    2     |  62.15 (100.00%)   |   -73851.08   |   151823.39   |    151819.36    |
|Himantopus_himantopus_MTNR1B_HIM...|   0.00   |    2     |    0.48 (23.78%)   |   -73851.07   |   151823.37   |    151819.36    |
|              Node537              |   0.00   |    2     |    0.25 ( 0.00%)   |   -73851.07   |   151823.37   |    151819.36    |
|              Node648              |   0.00   |    2     |    2.04 (49.95%)   |   -73850.96   |   151823.16   |    151819.36    |
|Asarcornis_scutulata_MTNR1B_ASAS...|   0.00   |    2     |    0.25 ( 0.00%)   |   -73851.07   |   151823.37   |    151819.36    |
|              Node251              |   0.00   |    2     |    0.75 ( 5.00%)   |   -73851.07   |   151823.37   |    151819.36    |
|Aquila_chrysaetos_chrysaetos_MTN...|   0.00   |    2     |    1.00 ( 5.00%)   |   -73851.07   |   151823.37   |    151819.36    |
|              Node212              |   0.00   |    2     |    0.25 ( 0.00%)   |   -73851.07   |   151823.37   |    151819.36    |
|              Node571              |   0.00   |    2     |    0.25 ( 0.00%)   |   -73851.07   |   151823.37   |    151819.36    |
|Anser_cygnoides_MTNR1B_106034133...|   0.00   |    2     |    0.25 ( 0.00%)   |   -73851.07   |   151823.37   |    151819.36    |
|              Node377              |   0.00   |    2     |    0.25 ( 0.00%)   |   -73851.07   |   151823.37   |    151819.36    |
|Oenanthe_oenanthe_MTNR1B_OENOEN_...|   0.00   |    2     |    0.25 ( 0.00%)   |   -73851.07   |   151823.37   |    151819.36    |
|   Parus_major_MTNR1B_107213109    |   0.00   |    2     |    0.25 ( 0.00%)   |   -73851.07   |   151823.37   |    151819.36    |
|              Node198              |   0.00   |    2     |    0.73 ( 9.51%)   |   -73851.07   |   151823.37   |    151819.36    |
|              Node631              |   0.00   |    2     |    0.73 ( 9.51%)   |   -73851.07   |   151823.37   |    151819.36    |
|              Node444              |   0.00   |    2     |    0.25 ( 0.00%)   |   -73851.07   |   151823.37   |    151819.36    |
|Rhinopithecus_roxellana_MTNR1B_1...|   0.00   |    2     |    0.25 ( 0.00%)   |   -73851.07   |   151823.37   |    151819.36    |
|Rissa_tridactyla_MTNR1B_12891505...|   0.00   |    2     |    0.52 (24.31%)   |   -73851.07   |   151823.37   |    151819.36    |
|              Node486              |   0.00   |    2     |    0.25 ( 0.00%)   |   -73851.07   |   151823.37   |    151819.36    |
|              Node597              |   0.00   |    2     |    0.25 ( 0.00%)   |   -73851.07   |   151823.37   |    151819.36    |
|Xiphorhynchus_elegans_MTNR1B_XIP...|   0.00   |    2     |    0.25 ( 0.00%)   |   -73851.07   |   151823.37   |    151819.36    |
|Tympanuchus_pallidicinctus_MTNR1...|   0.00   |    2     |    0.77 ( 8.77%)   |   -73851.07   |   151823.37   |    151819.36    |
|              Node514              |   0.00   |    2     |    0.25 ( 0.00%)   |   -73851.07   |   151823.37   |    151819.36    |
|Loxia_leucoptera_MTNR1B_LOXLEU_R...|   0.00   |    2     |    0.25 ( 0.00%)   |   -73851.07   |   151823.37   |    151819.36    |
|Cercotrichas_coryphoeus_MTNR1B_C...|   0.00   |    2     |    0.25 ( 0.00%)   |   -73851.07   |   151823.37   |    151819.36    |
|Corvus_moneduloides_MTNR1B_11643...|   0.00   |    2     |    0.25 ( 0.00%)   |   -73851.07   |   151823.37   |    151819.36    |
|Pseudopodoces_humilis_MTNR1B_102...|   0.00   |    2     |    0.25 ( 0.00%)   |   -73851.07   |   151823.37   |    151819.36    |
|              Node612              |   0.00   |    2     |    0.27 ( 0.00%)   |   -73851.07   |   151823.37   |    151819.36    |
|Marmota_marmota_marmota_MTNR1B_1...|   0.00   |    2     |   1.00 (100.00%)   |   -73851.80   |   151824.84   |    151819.36    |
|              Node551              |   0.00   |    2     |    0.25 ( 0.00%)   |   -73851.07   |   151823.37   |    151819.36    |
|Camelus_dromedarius_MTNR1B_10509...|   0.00   |    2     |    0.75 ( 5.00%)   |   -73851.07   |   151823.37   |    151819.36    |
|Centropus_bengalensis_MTNR1B_CEN...|   0.00   |    2     |    0.25 ( 0.00%)   |   -73851.07   |   151823.37   |    151819.36    |
|              Node166              |   0.00   |    2     |    0.25 ( 0.00%)   |   -73851.07   |   151823.37   |    151819.36    |
|              Node502              |   0.00   |    2     |    0.25 ( 0.00%)   |   -73851.07   |   151823.37   |    151819.36    |
|              Node183              |   0.00   |    2     |    0.60 (90.00%)   |   -73851.07   |   151823.37   |    151819.36    |
|              Node324              |   0.00   |    2     |    0.25 ( 0.00%)   |   -73851.07   |   151823.37   |    151819.36    |
|              Node429              |   0.00   |    2     |    0.25 ( 0.00%)   |   -73851.07   |   151823.37   |    151819.36    |
|              Node242              |   0.00   |    2     |    0.25 ( 0.00%)   |   -73851.07   |   151823.37   |    151819.36    |
|Mus_musculus_domesticus_MTNR1B_M...|   0.00   |    2     |    9.25 ( 4.73%)   |   -73851.06   |   151823.36   |    151819.36    |
|              Node874              |   0.00   |    2     |  >1000 (100.00%)   |   -73851.07   |   151823.37   |    151819.36    |
|Lynx_canadensis_MTNR1B_115525595...|   0.00   |    2     |    0.25 ( 0.00%)   |   -73851.07   |   151823.37   |    151819.36    |
|Camelus_bactrianus_MTNR1B_105083...|   0.00   |    2     |   1.00 (100.00%)   |   -73851.77   |   151824.76   |    151819.36    |
|              Node873              |   0.00   |    2     |    0.50 (24.12%)   |   -73851.07   |   151823.37   |    151819.36    |
|Prionailurus_viverrinus_MTNR1B_1...|   0.00   |    2     |   64.20 (38.08%)   |   -73851.11   |   151823.45   |    151819.36    |
|              Node125              |   0.00   |    2     |    0.25 ( 0.00%)   |   -73851.07   |   151823.37   |    151819.36    |
|              Node499              |   0.00   |    2     |    0.25 ( 0.00%)   |   -73851.07   |   151823.37   |    151819.36    |
|              Node135              |   0.00   |    2     |    0.60 (90.00%)   |   -73851.07   |   151823.37   |    151819.36    |
|Crypturellus_soui_MTNR1B_CRYSOU_...|   0.00   |    2     |    0.26 ( 0.00%)   |   -73851.07   |   151823.37   |    151819.36    |
|              Node314              |   0.00   |    2     |    0.26 ( 0.00%)   |   -73851.07   |   151823.37   |    151819.36    |
|              Node356              |   0.00   |    2     |    0.26 ( 0.00%)   |   -73851.07   |   151823.37   |    151819.36    |
|Cervus_canadensis_MTNR1B_1224312...|   0.00   |    2     |    0.77 ( 8.77%)   |   -73851.07   |   151823.37   |    151819.36    |
|              Node761              |   0.00   |    2     |   >1000 (64.11%)   |   -73851.06   |   151823.34   |    151819.36    |
|  Molothrus_ater_MTNR1B_118692886  |   0.00   |    2     |    0.25 ( 0.00%)   |   -73851.07   |   151823.37   |    151819.36    |
|              Node195              |   0.00   |    2     |    0.18 (31.40%)   |   -73855.51   |   151832.24   |    151819.36    |
|              Node219              |   0.00   |    2     |    0.80 (76.67%)   |   -73851.07   |   151823.37   |    151819.36    |
|              Node151              |   0.00   |    2     |  238.80 (100.00%)  |   -73851.07   |   151823.37   |    151819.36    |
|              Node819              |   0.00   |    2     |    0.27 (31.40%)   |   -73852.20   |   151825.64   |    151819.36    |
|              Node95               |   0.00   |    2     |    0.25 ( 0.00%)   |   -73851.07   |   151823.37   |    151819.36    |
|Quiscalus_mexicanus_MTNR1B_QUIME...|   0.00   |    2     |    0.25 ( 0.00%)   |   -73851.07   |   151823.37   |    151819.36    |
|              Node188              |   0.00   |    2     |    0.25 ( 0.00%)   |   -73851.07   |   151823.37   |    151819.36    |
|              Node336              |   0.00   |    2     |    0.26 ( 0.00%)   |   -73851.07   |   151823.37   |    151819.36    |
|              Node536              |   0.00   |    2     |    0.26 ( 0.00%)   |   -73851.07   |   151823.37   |    151819.36    |
|              Node256              |   0.00   |    2     |   8.65 (100.00%)   |   -73851.13   |   151823.48   |    151819.36    |
|              Node370              |   0.00   |    2     |    0.25 ( 0.00%)   |   -73851.07   |   151823.37   |    151819.36    |
|             Node1011              |   0.00   |    2     |    0.28 ( 0.00%)   |   -73851.01   |   151823.24   |    151819.36    |
|              Node547              |   0.00   |    2     |    0.26 ( 0.00%)   |   -73851.07   |   151823.37   |    151819.36    |
|              Node715              |   0.00   |    2     |    0.25 ( 0.00%)   |   -73851.07   |   151823.37   |    151819.36    |
|              Node689              |   0.00   |    2     |    0.26 ( 0.00%)   |   -73851.07   |   151823.37   |    151819.36    |
|Aix_galericulata_MTNR1B_LUU34_00...|   0.00   |    2     |    0.25 ( 0.00%)   |   -73851.07   |   151823.37   |    151819.36    |
|Cairina_moschata_domestica_MTNR1...|   0.00   |    2     |    0.25 ( 0.00%)   |   -73851.07   |   151823.37   |    151819.36    |
|Casuarius_casuarius_MTNR1B_CASCA...|   0.00   |    2     |   1.00 (100.00%)   |   -73851.42   |   151824.08   |    151819.36    |
|              Node315              |   0.00   |    2     |    0.29 ( 0.00%)   |   -73851.07   |   151823.37   |    151819.36    |
|Pluvianellus_socialis_MTNR1B_PLU...|   0.00   |    2     |    0.24 ( 0.00%)   |   -73851.07   |   151823.37   |    151819.36    |
|              Node233              |   0.00   |    2     |    0.25 ( 2.00%)   |   -73854.82   |   151830.88   |    151819.36    |
|              Node690              |   0.00   |    2     |    0.27 (31.40%)   |   -73854.86   |   151830.96   |    151819.36    |
|              Node567              |   0.00   |    2     |    0.25 ( 0.00%)   |   -73851.07   |   151823.37   |    151819.36    |
|Cervus_elaphus_hippelaphus_MTNR1...|   0.00   |    2     |   1.00 (100.00%)   |   -73851.43   |   151824.10   |    151819.36    |
|              Node306              |   0.00   |    2     |    0.25 ( 0.00%)   |   -73851.07   |   151823.37   |    151819.36    |
|              Node702              |   0.00   |    2     |    0.25 ( 0.00%)   |   -73851.07   |   151823.37   |    151819.36    |
|Agelaius_phoeniceus_MTNR1B_12911...|   0.00   |    2     |    0.26 ( 0.00%)   |   -73851.07   |   151823.37   |    151819.36    |
|Alligator_sinensis_MTNR1B_102367...|   0.00   |    2     |    0.25 ( 0.00%)   |   -73851.07   |   151823.37   |    151819.36    |
|              Node647              |   0.00   |    2     |    9.00 (25.00%)   |   -73851.07   |   151823.37   |    151819.36    |
|              Node325              |   0.00   |    2     |    0.25 ( 0.00%)   |   -73851.07   |   151823.37   |    151819.36    |
|              Node628              |   0.00   |    2     |    0.25 ( 0.00%)   |   -73851.07   |   151823.37   |    151819.36    |
|Panthera_pardus_MTNR1B_109267343...|   0.00   |    2     |   1.61 (100.00%)   |   -73851.34   |   151823.92   |    151819.36    |
|Certhia_familiaris_MTNR1B_CERFAM...|   0.00   |    2     |    0.25 ( 0.00%)   |   -73851.07   |   151823.37   |    151819.36    |
|              Node450              |   0.00   |    2     |    0.26 ( 0.00%)   |   -73851.07   |   151823.37   |    151819.36    |
|Hippopotamus_amphibius_kiboko_MT...|   0.00   |    2     |    0.25 ( 0.00%)   |   -73851.07   |   151823.37   |    151819.36    |
|   Cavia_tschudii_MTNR1B_MTNR1B    |   0.00   |    2     |    0.26 ( 0.00%)   |   -73851.07   |   151823.37   |    151819.36    |
|              Node460              |   0.00   |    2     |    0.26 ( 0.00%)   |   -73851.07   |   151823.37   |    151819.36    |
|Amazona_guildingii_MTNR1B_AMAGUI...|   0.00   |    2     |   1.00 (100.00%)   |   -73851.43   |   151824.09   |    151819.36    |
|              Node318              |   0.00   |    2     |    0.26 ( 0.00%)   |   -73851.07   |   151823.37   |    151819.36    |
|              Node416              |   0.00   |    2     |    0.25 ( 0.00%)   |   -73851.07   |   151823.37   |    151819.36    |
|              Node707              |   0.00   |    2     |    0.24 ( 0.00%)   |   -73851.07   |   151823.37   |    151819.36    |
|  Vidua_macroura_MTNR1B_128803599  |   0.00   |    2     |    0.26 ( 0.00%)   |   -73851.07   |   151823.37   |    151819.36    |
|              Node516              |   0.00   |    2     |    0.25 ( 0.00%)   |   -73851.07   |   151823.37   |    151819.36    |
|              Node194              |   0.00   |    2     |    0.25 ( 0.00%)   |   -73851.07   |   151823.37   |    151819.36    |
|Gopherus_flavomarginatus_MTNR1B_...|   0.00   |    2     |    0.27 (31.40%)   |   -73855.99   |   151833.22   |    151819.36    |
|              Node674              |   0.00   |    2     |    0.18 (31.40%)   |   -73855.15   |   151831.52   |    151819.36    |
|Falco_biarmicus_MTNR1B_130144704...|   0.00   |    2     |   1.00 (100.00%)   |   -73851.43   |   151824.10   |    151819.36    |
|              Node299              |   0.00   |    2     |  132.31 (100.00%)  |   -73851.07   |   151823.37   |    151819.36    |
|Chrysemys_picta_bellii_MTNR1B_10...|   0.00   |    2     |    0.25 ( 0.00%)   |   -73851.07   |   151823.37   |    151819.36    |
|              Node127              |   0.00   |    2     |    0.24 ( 0.00%)   |   -73851.07   |   151823.37   |    151819.36    |
|              Node608              |   0.00   |    2     |    0.25 ( 2.00%)   |   -73856.23   |   151833.69   |    151819.36    |
|Eudyptes_chrysocome_MTNR1B_MTNR1...|   0.00   |    2     |    0.25 ( 0.00%)   |   -73851.07   |   151823.37   |    151819.36    |
|              Node110              |   0.00   |    2     |   1.00 (100.00%)   |   -73851.42   |   151824.07   |    151819.36    |
|              Node197              |   0.00   |    2     |    9.81 (97.14%)   |   -73851.11   |   151823.46   |    151819.36    |
|Terrapene_carolina_triunguis_MTN...|   0.00   |    2     |    0.25 ( 0.00%)   |   -73851.07   |   151823.37   |    151819.36    |
|              Node418              |   0.00   |    2     |   1.00 (100.00%)   |   -73851.43   |   151824.09   |    151819.36    |
|  Anas_zonorhyncha_MTNR1B_MTNR1B   |   0.00   |    2     |   1.00 (100.00%)   |   -73851.43   |   151824.09   |    151819.36    |
|Haliaeetus_leucocephalus_MTNR1B_...|   0.00   |    2     |  >1000 (100.00%)   |   -73851.07   |   151823.37   |    151819.36    |
|              Node493              |   0.00   |    2     |  >1000 (100.00%)   |   -73851.07   |   151823.37   |    151819.36    |
|Trachemys_scripta_elegans_MTNR1B...|   0.00   |    2     |    0.25 ( 0.00%)   |   -73851.07   |   151823.37   |    151819.36    |
|              Node744              |   0.00   |    2     |  515.67 (98.88%)   |   -73851.07   |   151823.37   |    151819.36    |
|              Node519              |   0.00   |    2     |    0.25 ( 0.00%)   |   -73851.07   |   151823.37   |    151819.36    |
|              Node331              |   0.00   |    2     |   1.00 (100.00%)   |   -73851.42   |   151824.07   |    151819.36    |
|  Falco_cherrug_MTNR1B_102058996   |   0.00   |    2     |    0.25 ( 0.00%)   |   -73851.07   |   151823.37   |    151819.36    |
|Lagopus_leucura_MTNR1B_122175133...|   0.00   |    2     |    0.25 ( 0.00%)   |   -73851.07   |   151823.37   |    151819.36    |
|Oenanthe_melanoleuca_MTNR1B_1302...|   0.00   |    2     |    0.24 ( 0.00%)   |   -73851.07   |   151823.37   |    151819.36    |
|              Node616              |   0.00   |    2     |    0.26 ( 0.00%)   |   -73851.07   |   151823.37   |    151819.36    |
|   Lagopus_muta_MTNR1B_125695144   |   0.00   |    2     |    0.25 ( 0.00%)   |   -73851.07   |   151823.37   |    151819.36    |
|              Node601              |   0.00   |    2     |    0.25 ( 0.00%)   |   -73851.07   |   151823.37   |    151819.36    |
|              Node322              |   0.00   |    2     |    0.25 ( 0.00%)   |   -73851.07   |   151823.37   |    151819.36    |
|Aptenodytes_patagonicus_MTNR1B_M...|   0.00   |    2     |  255.37 (100.00%)  |   -73851.07   |   151823.37   |    151819.36    |
|              Node215              |   0.00   |    2     |  171.21 (100.00%)  |   -73851.07   |   151823.37   |    151819.36    |
|              Node458              |   0.00   |    2     |   1.00 (100.00%)   |   -73851.41   |   151824.05   |    151819.36    |
|              Node335              |   0.00   |    2     |    0.26 ( 0.00%)   |   -73851.07   |   151823.37   |    151819.36    |
|Nomascus_leucogenys_MTNR1B_10117...|   0.00   |    2     |    0.25 ( 2.00%)   |   -73856.41   |   151834.05   |    151819.36    |
|              Node477              |   0.00   |    2     |    0.25 ( 0.00%)   |   -73851.07   |   151823.37   |    151819.36    |
|Rhinopithecus_bieti_MTNR1B_10851...|   0.00   |    2     |    0.25 ( 0.00%)   |   -73851.07   |   151823.37   |    151819.36    |
|              Node141              |   0.00   |    2     |    0.25 ( 0.00%)   |   -73851.07   |   151823.37   |    151819.36    |
|Lepidothrix_coronata_MTNR1B_1084...|   0.00   |    2     |    0.25 ( 0.00%)   |   -73851.07   |   151823.37   |    151819.36    |
|Copsychus_sechellarum_MTNR1B_COP...|   0.00   |    2     |    0.25 ( 0.00%)   |   -73851.07   |   151823.37   |    151819.36    |
|Corvus_cornix_cornix_MTNR1B_1046...|   0.00   |    2     |    0.25 ( 0.00%)   |   -73851.07   |   151823.37   |    151819.36    |
|Corvus_hawaiiensis_MTNR1B_125321...|   0.00   |    2     |    0.25 ( 0.00%)   |   -73851.07   |   151823.37   |    151819.36    |
|              Node300              |   0.00   |    2     |    0.27 ( 0.00%)   |   -73851.07   |   151823.37   |    151819.36    |
|              Node387              |   0.00   |    2     |    0.27 ( 0.00%)   |   -73851.07   |   151823.37   |    151819.36    |
|              Node145              |   0.00   |    2     |    0.25 ( 0.00%)   |   -73851.07   |   151823.37   |    151819.36    |
|              Node546              |   0.00   |    2     |    0.25 ( 0.00%)   |   -73851.07   |   151823.37   |    151819.36    |
|              Node408              |   0.00   |    2     |    0.25 ( 0.00%)   |   -73851.07   |   151823.37   |    151819.36    |
|Loxia_curvirostra_MTNR1B_LOXCUR_...|   0.00   |    2     |    0.25 ( 0.00%)   |   -73851.07   |   151823.37   |    151819.36    |
|              Node457              |   0.00   |    2     |    0.24 ( 0.00%)   |   -73851.07   |   151823.37   |    151819.36    |
|              Node880              |   0.00   |    2     |    0.25 ( 0.00%)   |   -73851.07   |   151823.37   |    151819.36    |
|              Node168              |   0.00   |    2     |    0.27 ( 0.00%)   |   -73851.07   |   151823.37   |    151819.36    |
|              Node383              |   0.00   |    2     |    0.25 ( 0.00%)   |   -73851.07   |   151823.37   |    151819.36    |
|              Node384              |   0.00   |    2     |    0.25 ( 0.00%)   |   -73851.07   |   151823.37   |    151819.36    |
|              Node179              |   0.00   |    2     |    0.26 ( 0.00%)   |   -73851.07   |   151823.37   |    151819.36    |
|              Node483              |   0.00   |    2     |    0.27 ( 0.00%)   |   -73851.07   |   151823.37   |    151819.36    |
|              Node437              |   0.00   |    2     |    0.25 ( 0.00%)   |   -73851.07   |   151823.37   |    151819.36    |
|              Node403              |   0.00   |    2     |    0.27 ( 0.00%)   |   -73851.07   |   151823.37   |    151819.36    |
|              Node293              |   0.00   |    2     |    0.26 ( 0.00%)   |   -73851.07   |   151823.37   |    151819.36    |
|Nothoprocta_perdicaria_MTNR1B_11...|   0.00   |    2     |    0.26 ( 0.00%)   |   -73851.07   |   151823.37   |    151819.36    |
|              Node376              |   0.00   |    2     |    0.26 ( 0.00%)   |   -73851.07   |   151823.37   |    151819.36    |
|Onychostruthus_taczanowskii_MTNR...|   0.00   |    2     |    0.24 ( 0.00%)   |   -73851.07   |   151823.37   |    151819.36    |
|              Node389              |   0.00   |    2     |    0.27 ( 0.00%)   |   -73851.07   |   151823.37   |    151819.36    |
|     Bos_gaurus_MTNR1B_MTNR1B      |   0.00   |    2     |    0.25 ( 0.00%)   |   -73851.07   |   151823.37   |    151819.36    |
|              Node404              |   0.00   |    2     |    0.27 ( 0.00%)   |   -73851.07   |   151823.37   |    151819.36    |
|              Node388              |   0.00   |    2     |    0.25 ( 0.00%)   |   -73851.07   |   151823.37   |    151819.36    |
|              Node319              |   0.00   |    2     |    0.26 ( 0.00%)   |   -73851.07   |   151823.37   |    151819.36    |
|              Node298              |   0.00   |    2     |    0.25 ( 0.00%)   |   -73851.07   |   151823.37   |    151819.36    |
|              Node393              |   0.00   |    2     |    0.24 ( 0.00%)   |   -73851.07   |   151823.37   |    151819.36    |
|              Node423              |   0.00   |    2     |    0.25 ( 0.00%)   |   -73851.07   |   151823.37   |    151819.36    |
|              Node678              |   0.00   |    2     |    0.24 ( 0.00%)   |   -73851.07   |   151823.37   |    151819.36    |
|Bubalus_kerabau_MTNR1B_129653860...|   0.00   |    2     |   1.00 (100.00%)   |   -73851.43   |   151824.10   |    151819.36    |
|              Node405              |   0.00   |    2     |    0.24 ( 0.00%)   |   -73851.07   |   151823.37   |    151819.36    |
|              Node308              |   0.00   |    2     |    0.25 ( 0.00%)   |   -73851.07   |   151823.37   |    151819.36    |
|     Bos_taurus_MTNR1B_MTNR1B      |   0.00   |    2     |  333.47 (100.00%)  |   -73851.07   |   151823.37   |    151819.36    |
|              Node461              |   0.00   |    2     |    0.26 ( 0.00%)   |   -73851.07   |   151823.37   |    151819.36    |
|              Node144              |   0.00   |    2     |    0.25 ( 0.00%)   |   -73851.07   |   151823.37   |    151819.36    |
|              Node769              |   0.00   |    2     |    0.27 (31.40%)   |   -73852.42   |   151826.06   |    151819.36    |
|              Node392              |   0.00   |    2     |    0.25 ( 0.00%)   |   -73851.07   |   151823.37   |    151819.36    |
|              Node394              |   0.00   |    2     |    0.24 ( 0.00%)   |   -73851.07   |   151823.37   |    151819.36    |
|              Node412              |   0.00   |    2     |    0.27 ( 0.00%)   |   -73851.07   |   151823.37   |    151819.36    |
|              Node476              |   0.00   |    2     |    0.27 ( 0.00%)   |   -73851.07   |   151823.37   |    151819.36    |
|  Cervus_elaphus_MTNR1B_122705797  |   0.00   |    2     |    0.25 ( 0.00%)   |   -73851.07   |   151823.37   |    151819.36    |
|              Node459              |   0.00   |    2     |    0.25 ( 0.00%)   |   -73851.07   |   151823.37   |    151819.36    |
|              Node968              |   0.00   |    2     |    0.26 ( 0.00%)   |   -73851.07   |   151823.37   |    151819.36    |
|              Node413              |   0.00   |    2     |    0.24 ( 0.00%)   |   -73851.07   |   151823.37   |    151819.36    |
|              Node594              |   0.00   |    2     |    0.25 ( 0.00%)   |   -73851.07   |   151823.37   |    151819.36    |
|              Node78               |   0.00   |    2     |    0.25 ( 0.00%)   |   -73851.07   |   151823.37   |    151819.36    |
|Cavia_porcellus_MTNR1B_100724092...|   0.00   |    2     |    0.25 ( 0.00%)   |   -73851.07   |   151823.37   |    151819.36    |
|              Node301              |   0.00   |    2     |    0.26 ( 0.00%)   |   -73851.07   |   151823.37   |    151819.36    |
|              Node97               |   0.00   |    2     |    0.24 ( 0.00%)   |   -73851.07   |   151823.37   |    151819.36    |
|              Node963              |   0.00   |    2     |    0.25 ( 0.00%)   |   -73851.07   |   151823.37   |    151819.36    |
|              Node474              |   0.00   |    2     |    0.25 ( 0.00%)   |   -73851.07   |   151823.37   |    151819.36    |
|              Node511              |   0.00   |    2     |    0.25 ( 0.00%)   |   -73851.07   |   151823.37   |    151819.36    |
|              Node836              |   0.00   |    2     |    0.25 ( 0.00%)   |   -73851.07   |   151823.37   |    151819.36    |
|              Node541              |   0.00   |    2     |    0.25 ( 0.00%)   |   -73851.07   |   151823.37   |    151819.36    |
|              Node621              |   0.00   |    2     |    0.25 ( 0.00%)   |   -73851.07   |   151823.37   |    151819.36    |
|              Node487              |   0.00   |    2     |    0.25 ( 0.00%)   |   -73851.07   |   151823.37   |    151819.36    |
|Chloropsis_hardwickii_MTNR1B_CHL...|   0.00   |    2     |    0.26 ( 0.00%)   |   -73851.07   |   151823.37   |    151819.36    |
|Macaca_thibetana_thibetana_MTNR1...|   0.00   |    2     |    0.25 ( 2.00%)   |   -73851.07   |   151823.37   |    151819.36    |
|Marmota_himalayana_MTNR1B_MTNR1B...|   0.00   |    2     |    0.25 ( 2.00%)   |   -73851.07   |   151823.37   |    151819.36    |
|Motacilla_alba_alba_MTNR1B_11970...|   0.00   |    2     |    0.25 ( 2.00%)   |   -73851.07   |   151823.37   |    151819.36    |
|  Marmota_monax_MTNR1B_124105260   |   0.00   |    2     |    0.25 ( 2.00%)   |   -73851.07   |   151823.37   |    151819.36    |
|Anas_platyrhynchos_MTNR1B_101805...|   0.00   |    2     |    0.25 ( 2.00%)   |   -73851.07   |   151823.37   |    151819.36    |
|Amazona_aestiva_MTNR1B_AAES_1070...|   0.00   |    2     |    0.25 ( 2.00%)   |   -73851.07   |   151823.37   |    151819.36    |
|  Acomys_dimidiatus_MTNR1B_MTNR1B  |   0.00   |    2     |    0.25 ( 2.00%)   |   -73851.07   |   151823.37   |    151819.36    |
|Motacilla_alba_MTNR1B_MOTALB_R11...|   0.00   |    2     |    0.25 ( 2.00%)   |   -73851.07   |   151823.37   |    151819.36    |
|Ammospiza_nelsoni_MTNR1B_1320697...|   0.00   |    2     |    0.25 ( 2.00%)   |   -73851.07   |   151823.37   |    151819.36    |
|Alligator_mississippiensis_MTNR1...|   0.00   |    2     |    0.25 ( 2.00%)   |   -73851.07   |   151823.37   |    151819.36    |
|  Acomys_cahirinus_MTNR1B_MTNR1B   |   0.00   |    2     |    0.25 ( 2.00%)   |   -73851.07   |   151823.37   |    151819.36    |
|    Mus_musculus_MTNR1B_244701     |   0.00   |    2     |    0.25 ( 2.00%)   |   -73851.07   |   151823.37   |    151819.36    |
|    Mus_musculus_MTNR1B_MTNR1B     |   0.00   |    2     |    0.25 ( 2.00%)   |   -73851.07   |   151823.37   |    151819.36    |
|Ammospiza_caudacuta_MTNR1B_13155...|   0.00   |    2     |    0.25 ( 2.00%)   |   -73851.07   |   151823.37   |    151819.36    |
|     Canis_lupus_MTNR1B_MTNR1B     |   0.00   |    2     |    0.25 ( 2.00%)   |   -73851.07   |   151823.37   |    151819.36    |
|   Chrysemys_picta_MTNR1B_MTNR1B   |   0.00   |    2     |    0.25 ( 2.00%)   |   -73851.07   |   151823.37   |    151819.36    |
|   Caretta_caretta_MTNR1B_MTNR1B   |   0.00   |    2     |    0.25 ( 2.00%)   |   -73851.07   |   151823.37   |    151819.36    |
|Caretta_caretta_MTNR1B_125633428...|   0.00   |    2     |    0.25 ( 2.00%)   |   -73851.07   |   151823.37   |    151819.36    |
|Chroicocephalus_maculipennis_MTN...|   0.00   |    2     |    0.25 ( 2.00%)   |   -73851.07   |   151823.37   |    151819.36    |
|  Eudyptes_filholi_MTNR1B_MTNR1B   |   0.00   |    2     |    0.25 ( 2.00%)   |   -73851.07   |   151823.37   |    151819.36    |
|Cervus_hanglu_yarkandensis_MTNR1...|   0.00   |    2     |    0.25 ( 2.00%)   |   -73851.07   |   151823.37   |    151819.36    |
|Larus_smithsonianus_MTNR1B_LARSM...|   0.00   |    2     |    0.25 ( 2.00%)   |   -73851.07   |   151823.37   |    151819.36    |
|  Corvus_kubaryi_MTNR1B_121662638  |   0.00   |    2     |    0.25 ( 2.00%)   |   -73851.07   |   151823.37   |    151819.36    |
|Corvus_brachyrhynchos_MTNR1B_103...|   0.00   |    2     |    0.25 ( 2.00%)   |   -73851.07   |   151823.37   |    151819.36    |
|Certhia_brachydactyla_MTNR1B_CER...|   0.00   |    2     |    0.25 ( 2.00%)   |   -73851.07   |   151823.37   |    151819.36    |
|    Hyla_sarda_MTNR1B_130358331    |   0.00   |    2     |    0.25 ( 2.00%)   |   -73851.07   |   151823.37   |    151819.36    |
|  Gopherus_evgoodei_MTNR1B_MTNR1B  |   0.00   |    2     |    0.25 ( 2.00%)   |   -73851.07   |   151823.37   |    151819.36    |
|    Hyla_sarda_MTNR1B_130358330    |   0.00   |    2     |    0.25 ( 2.00%)   |   -73851.07   |   151823.37   |    151819.36    |
|Haliaeetus_albicilla_MTNR1B_HALA...|   0.00   |    2     |    0.25 ( 2.00%)   |   -73851.07   |   151823.37   |    151819.36    |
|Spizaetus_tyrannus_MTNR1B_SPITYR...|   0.00   |    2     |    0.25 ( 2.00%)   |   -73851.07   |   151823.37   |    151819.36    |
|   Homo_sapiens_MTNR1B_Mel1BR_2    |   0.00   |    2     |    0.25 ( 2.00%)   |   -73851.07   |   151823.37   |    151819.36    |
|Gopherus_evgoodei_MTNR1B_1156457...|   0.00   |    2     |    0.25 ( 2.00%)   |   -73851.07   |   151823.37   |    151819.36    |
|    Homo_sapiens_MTNR1B_Mel1BR     |   0.00   |    2     |    0.25 ( 2.00%)   |   -73851.07   |   151823.37   |    151819.36    |
|Sturnus_vulgaris_MTNR1B_10685395...|   0.00   |    2     |    0.25 ( 2.00%)   |   -73851.07   |   151823.37   |    151819.36    |
|  Camelus_ferus_MTNR1B_102518364   |   0.00   |    2     |    0.25 ( 2.00%)   |   -73851.07   |   151823.37   |    151819.36    |
|    Tyto_alba_MTNR1B_104362096     |   0.00   |    2     |    0.25 ( 2.00%)   |   -73851.07   |   151823.37   |    151819.36    |
|Bubalus_bubalis_MTNR1B_102409257...|   0.00   |    2     |    0.25 ( 2.00%)   |   -73851.07   |   151823.37   |    151819.36    |
|              Node575              |   0.00   |    2     |    0.25 ( 2.00%)   |   -73851.07   |   151823.37   |    151819.36    |
|  Tyto_alba_alba_MTNR1B_MTNR1B_2   |   0.00   |    2     |    0.25 ( 2.00%)   |   -73851.07   |   151823.37   |    151819.36    |
|              Node767              |   0.00   |    2     |    0.25 ( 2.00%)   |   -73851.07   |   151823.37   |    151819.36    |
|Falco_rusticolus_MTNR1B_11914324...|   0.00   |    2     |    0.25 ( 2.00%)   |   -73851.07   |   151823.37   |    151819.36    |
|Pantherophis_guttatus_MTNR1B_117...|   0.00   |    2     |    0.25 ( 2.00%)   |   -73851.07   |   151823.37   |    151819.36    |
|Pipra_filicauda_MTNR1B_114003560...|   0.00   |    2     |    0.25 ( 2.00%)   |   -73851.07   |   151823.37   |    151819.36    |
|Nothoprocta_pentlandii_MTNR1B_NO...|   0.00   |    2     |    0.25 ( 2.00%)   |   -73851.07   |   151823.37   |    151819.36    |
|Pantherophis_guttatus_MTNR1B_MTN...|   0.00   |    2     |    0.25 ( 2.00%)   |   -73851.07   |   151823.37   |    151819.36    |
|Macaca_thibetana_thibetana_MTNR1...|   0.00   |    2     |    0.25 ( 2.00%)   |   -73851.07   |   151823.37   |    151819.36    |
|Leucopsar_rothschildi_MTNR1B_LEU...|   0.00   |    2     |    0.25 ( 2.00%)   |   -73851.07   |   151823.37   |    151819.36    |
|Macaca_nemestrina_MTNR1B_1054843...|   0.00   |    2     |    0.25 ( 2.00%)   |   -73851.07   |   151823.37   |    151819.36    |
|Rattus_norvegicus_MTNR1B_Mel1BR_...|   0.00   |    2     |    0.25 ( 2.00%)   |   -73851.07   |   151823.37   |    151819.36    |
|Falco_peregrinus_MTNR1B_10191050...|   0.00   |    2     |    0.25 ( 2.00%)   |   -73851.07   |   151823.37   |    151819.36    |
|  Rattus_norvegicus_MTNR1B_Mel1BR  |   0.00   |    2     |    0.25 ( 2.00%)   |   -73851.07   |   151823.37   |    151819.36    |
|              Node509              |   0.00   |    2     |    0.25 ( 2.00%)   |   -73851.07   |   151823.37   |    151819.36    |
|  Eudyptes_moseleyi_MTNR1B_MTNR1B  |   0.00   |    2     |    0.25 ( 2.00%)   |   -73851.07   |   151823.37   |    151819.36    |

### Rate class analyses summary
*  60 branches with **2** rate classes
*  2 branches with **3** rate classes
*  895 branches with **1** rate classes

### Annotated Tree
((((((Rhinatrema_bivittatum_MTNR1B_115091496{2},(Geotrypetes_seraphini_MTNR1B_117362347{1},Microcaecilia_unicolor_MTNR1B_115468227{2})Node8{2})Node6{1},((Bombina_bombina_MTNR1B_128654617{3},(Spea_bombifrons_MTNR1B_128474251{2},Leptobrachium_leishanense_MTNR1B_MTNR1B{1})Node14{1})Node12{1},((((Bufo_bufo_MTNR1B_120994190{1},Bufo_gargarizans_MTNR1B_122932696{1})Node20{2},(Hyla_sarda_MTNR1B_130358331{1},Hyla_sarda_MTNR1B_130358330{1})Node23{1})Node19{1},(Rana_temporaria_MTNR1B_120928981{1},Nanorana_parkeri_MTNR1B_108788772{1})Node26{1})Node18{1},(Xenopus_laevis_MTNR1B_108710014{1},Xenopus_laevis_MTNR1B_108708755{1})Node29{1})Node17{1})Node11{2})Node5{2},((((((Caretta_caretta_MTNR1B_125633428{1},Caretta_caretta_MTNR1B_MTNR1B{1})Node37{1},Chelonia_mydas_MTNR1B_102947942{1})Node36{1},Dermochelys_coriacea_MTNR1B_119862322{1})Node35{1},((Terrapene_carolina_triunguis_MTNR1B_112104539{1},(Chrysemys_picta_bellii_MTNR1B_101931799{1},Chrysemys_picta_MTNR1B_MTNR1B{1})Node45{1},Trachemys_scripta_elegans_MTNR1B_117871834{1},Malaclemys_terrapin_pileata_MTNR1B_128830037{1})Node43{1},((Chelonoidis_abingdonii_MTNR1B_116818384{1},(Gopherus_flavomarginatus_MTNR1B_127045711{1},(Gopherus_evgoodei_MTNR1B_115645789{1},Gopherus_evgoodei_MTNR1B_MTNR1B{1})Node57{1})Node55{1})Node53{1},Mauremys_reevesii_MTNR1B_120390701{1})Node52{1})Node42{1})Node34{1},Pelodiscus_sinensis_MTNR1B_102444642{1})Node33{1},(((Alligator_mississippiensis_MTNR1B_102567490{1},Alligator_sinensis_MTNR1B_102367853{1})Node64{1},(Crocodylus_porosus_MTNR1B_109305549{1},Gavialis_gangeticus_MTNR1B_109302208{2})Node67{1})Node63{2},(((Apteryx_rowi_MTNR1B_112969060{1},(Casuarius_casuarius_MTNR1B_CASCAS_R11541{1},Dromaius_novaehollandiae_MTNR1B_112988551{1})Node74{1},((Eudromia_elegans_MTNR1B_EUDELE_R09478{1},((Crypturellus_undulatus_MTNR1B_CRYUND_R10727{1},Crypturellus_soui_MTNR1B_CRYSOU_R04982{1})Node81{1},Nothocercus_julius_MTNR1B_NOTJUL_R00765{1})Node80{1})Node78{1},(Nothoprocta_perdicaria_MTNR1B_112958995{1},(Nothoprocta_ornata_MTNR1B_NOTORN_R10826{1},Nothoprocta_pentlandii_MTNR1B_NOTPEN_R01114{1})Node87{1})Node85{1})Node77{1})Node72{1},Struthio_camelus_australis_MTNR1B_104151773{1})Node71{1},(((((((((Aix_galericulata_MTNR1B_LUU34_00726000{1},Cairina_moschata_domestica_MTNR1B_MTNR1B{1})Node100{1},(Anas_platyrhynchos_MTNR1B_101805311{1},Anas_zonorhyncha_MTNR1B_MTNR1B{1})Node103{1})Node99{1},Asarcornis_scutulata_MTNR1B_ASASCU_R11932{1},Aythya_fuligula_MTNR1B_116502149{1})Node98{1},((Cygnus_atratus_MTNR1B_118245936{1},Cygnus_olor_MTNR1B_121063641{1})Node110{1},Anser_cygnoides_MTNR1B_106034133{1})Node109{1})Node97{1},Oxyura_jamaicensis_MTNR1B_118168457{1})Node96{1},Anseranas_semipalmata_MTNR1B_ANSSEM_R10934{1})Node95{1},Chauna_torquata_MTNR1B_CHATOR_R06605{1})Node94{1},((((Gallus_gallus_MTNR1B_Mel1BR{1},Coturnix_japonica_MTNR1B_107308448{1})Node135{1},(Numida_meleagris_MTNR1B_110390737{1},Odontophorus_gujanensis_MTNR1B_ODOGUJ_R01019{1})Node121{1},((((Centrocercus_urophasianus_MTNR1B_122171423{1},Tympanuchus_pallidicinctus_MTNR1B_128074465{1})Node127{1},Lagopus_leucura_MTNR1B_122175133{1},Lagopus_muta_MTNR1B_125695144{1})Node126{1},Meleagris_gallopavo_MTNR1B_104909381{1})Node125{1},Phasianus_colchicus_MTNR1B_116244432{1})Node124{1})Node119{1},Penelope_pileata_MTNR1B_PENPIL_R12386{1})Node118{1},Alectura_lathami_MTNR1B_ALELAT_R11136{1})Node117{1})Node93{1},(((((((((Columba_livia_MTNR1B_102095424{2},Patagioenas_fasciata_monilis_MTNR1B_AV530_011159{1})Node303{1},(Columbina_picui_MTNR1B_COLPIC_R02418{1},(Caloenas_nicobarica_MTNR1B_CALNIC_R07478{1},Alopecoenas_beccarii_MTNR1B_ALOBEC_R10269{1})Node308{1})Node306{1})Node302{1},((((((((((((Oriolus_oriolus_MTNR1B_ORIORI_R12176{1},Pachycephala_philippinensis_MTNR1B_PACPHI_R09388{1})Node377{1},Aleadryas_rufinucha_MTNR1B_ALERUF_R12557{1})Node376{1},((((Platysteira_castanea_MTNR1B_DYACAS_R08704{1},Gymnorhina_tibicen_MTNR1B_GYMTIB_R13840{1},Rhagologus_leucostigma_MTNR1B_RHALEU_R04220{1})Node326{1},(Chaetorhynchus_papuensis_MTNR1B_CHAPAP_R00712{1},Machaerirhynchus_nigripectus_MTNR1B_MACNIG_R11425{1})Node331{1})Node325{1},Edolisoma_coerulescens_MTNR1B_EDOCOE_R13482{1})Node324{1},(((Lanius_ludovicianus_MTNR1B_LANLUD_R09599{1},Ifrita_kowaldi_MTNR1B_IFRKOW_R00350{1})Node337{1},((Aphelocoma_coerulescens_MTNR1B_APHCOE_R07191{1},(Corvus_cornix_cornix_MTNR1B_104690350{1},Corvus_brachyrhynchos_MTNR1B_103616752{1},Corvus_kubaryi_MTNR1B_121662638{1},Corvus_hawaiiensis_MTNR1B_125321827{1},Corvus_moneduloides_MTNR1B_116439512{1})Node343{1})Node341{1},Myiagra_hebetior_MTNR1B_MYIHEB_R02341{1})Node340{1})Node336{1},Dicrurus_megarhynchus_MTNR1B_DICMEG_R00486{2})Node335{1},Ptilorrhoa_leucosticta_MTNR1B_PTILEU_R09153{1},(Mohoua_ochrocephala_MTNR1B_MOHOCH_R13693{1},Oreocharis_arfaki_MTNR1B_OREARF_R06727{1})Node356{1})Node322{1},(Vireo_altiloquus_MTNR1B_VIRALT_R12332{1},Erpornis_zantholeuca_MTNR1B_ERPZAN_R03896{1})Node360{1},Cnemophilus_loriae_MTNR1B_CNELOR_R01660{1},((Dryoscopus_gambensis_MTNR1B_DRYGAM_R13331{1},Daphoenositta_chrysoptera_MTNR1B_DAPCHR_R13145{1})Node366{1},Falcunculus_frontatus_MTNR1B_FALFRO_R10892{1})Node365{1},(Horornis_vulcanius_MTNR1B_HORVUL_R09800{1},Mystacornis_crossleyi_MTNR1B_MYSCRO_R04002{1},Pteruthius_melanotis_MTNR1B_PTEMEL_R03781{1})Node370{1})Node320{1},(((((((Certhia_brachydactyla_MTNR1B_CERBRA_R07180{1},Certhia_familiaris_MTNR1B_CERFAM_R01509{1})Node529{1},Bombycilla_garrulus_MTNR1B_BOMGAR_R04795{1})Node528{1},(Regulus_satrapa_MTNR1B_REGSAT_R12255{1},(Panurus_biarmicus_MTNR1B_PANBIA_R00922{1},(Brachypodius_atriceps_MTNR1B_BRAATR_R01452{1},Pycnonotus_jocosus_MTNR1B_PYCJOC_R13337{1})Node521{1})Node519{1},(Dicaeum_eximium_MTNR1B_DICEXI_R12296{1},Leptocoma_aspasia_MTNR1B_LEPASP_R11482{1})Node524{1})Node516{1},Acrocephalus_arundinaceus_MTNR1B_ACRARU_R05284{1})Node514{1},(Hirundo_rustica_MTNR1B_120748807{1},(Thryothorus_ludovicianus_MTNR1B_THRLUD_R08287{1},Erythrocercus_mccallii_MTNR1B_ERYMCC_R02436{1})Node511{1})Node509{1},((((((Taeniopygia_guttata_MTNR1B_751588{1},Lonchura_striata_domestica_MTNR1B_110478410{2})Node451{1},(Vidua_chalybeata_MTNR1B_128784004{1},Vidua_macroura_MTNR1B_128803599{1})Node454{1})Node450{1},(((((Serinus_canaria_MTNR1B_103827257{1},(Loxia_curvirostra_MTNR1B_LOXCUR_R08617{1},Loxia_leucoptera_MTNR1B_LOXLEU_R10654{1})Node398{1})Node396{1},Haemorhous_mexicanus_MTNR1B_MTNR1B{1})Node395{1},(((((Agelaius_phoeniceus_MTNR1B_129117198{1},(Quiscalus_mexicanus_MTNR1B_QUIMEX_R05596{1},Molothrus_ater_MTNR1B_118692886{1})Node408{1})Node406{1},((Melozone_crissalis_MTNR1B_128933142{1},(Melospiza_georgiana_MTNR1B_131080635{1},(Ammospiza_nelsoni_MTNR1B_132069773{1},Ammospiza_caudacuta_MTNR1B_131554448{1})Node418{1})Node416{1},((Spizella_passerina_MTNR1B_SPIPAS_R07488{1},Calcarius_ornatus_MTNR1B_CALORN_R13576{1})Node423{1},Nesospiza_acunhae_MTNR1B_NESACU_R05102{1})Node422{1},Zonotrichia_albicollis_MTNR1B_102065760{1})Node413{1},((Camarhynchus_parvulus_MTNR1B_115905023{1},Passerina_amoena_MTNR1B_PASAMO_R05827{1})Node429{1},Pheucticus_melanocephalus_MTNR1B_PHEMEL_R04285{1})Node428{1})Node412{1},Setophaga_kirtlandii_MTNR1B_SETKIR_R04101{1})Node405{1},Emberiza_fucata_MTNR1B_EMBFUC_R10148{1})Node404{1},Rhodinocichla_rosea_MTNR1B_RHOROS_R03444{1})Node403{1},Ploceus_nigricollis_MTNR1B_PLONIG_R02550{1})Node402{1})Node394{1},((Motacilla_alba_MTNR1B_MOTALB_R11945{1},Motacilla_alba_alba_MTNR1B_119706779{1})Node438{1},(Prunella_fulvescens_MTNR1B_PRUFUL_R06059{1},Prunella_himalayana_MTNR1B_PRUHIM_R09060{1})Node441{1})Node437{1})Node393{1},(Passer_montanus_MTNR1B_120506782{1},(Pyrgilauda_ruficollis_MTNR1B_121364207{1},Onychostruthus_taczanowskii_MTNR1B_121342541{1})Node446{1})Node444{1})Node392{1},Hypocryptadius_cinnamomeus_MTNR1B_HYPCIN_R00576{1})Node390{1},((((((Sturnus_vulgaris_MTNR1B_106853954{1},Leucopsar_rothschildi_MTNR1B_LEUROT_R08378{1})Node462{1},Buphagus_erythrorhynchus_MTNR1B_BUPERY_R02506{1})Node461{1},Rhabdornis_inornatus_MTNR1B_RHAINO_R06516{1})Node460{1},Elachura_formosa_MTNR1B_ELAFOR_R06954{1})Node459{1},(Catharus_ustulatus_MTNR1B_116993023{1},Catharus_fuscescens_MTNR1B_CATFUS_R08259{1},Turdus_rufiventris_MTNR1B_TURU_029891{1})Node468{1})Node458{1},Peucedramus_taeniatus_MTNR1B_PEUTAE_R05277{2})Node457{1})Node389{1},((((Parus_major_MTNR1B_107213109{1},Pseudopodoces_humilis_MTNR1B_102105967{1})Node477{1},Cyanistes_caeruleus_MTNR1B_111924848{1})Node476{1},Poecile_atricapillus_MTNR1B_131585508{1})Node475{1},Anthoscopus_minutus_MTNR1B_ANTMIN_R05215{1})Node474{1})Node388{1},(((((Erithacus_rubecula_MTNR1B_ERIRUB_R06532{1},Ficedula_albicollis_MTNR1B_101813273{1})Node487{1},(Oenanthe_oenanthe_MTNR1B_OENOEN_R08455{1},Oenanthe_melanoleuca_MTNR1B_130258835{1})Node490{1})Node486{1},(Cercotrichas_coryphoeus_MTNR1B_CERCOR_R08584{1},Copsychus_sechellarum_MTNR1B_COPSEC_R10383{1})Node493{1})Node485{1},(Sterrhoptilus_dennistouni_MTNR1B_STEDEN_R13217{1},Zosterops_hypoxanthus_MTNR1B_ZOSHYP_R10026{1})Node496{1})Node484{1},(Polioptila_caerulea_MTNR1B_POLCAE_R09529{1},Oxylabes_madagascariensis_MTNR1B_OXYMAD_R04734{1})Node499{1})Node483{1})Node387{1},((Nicator_chloris_MTNR1B_NICCHL_R10743{1},Alaudala_cheleensis_MTNR1B_ALACHE_R03865{1})Node506{1},Aegithalos_caudatus_MTNR1B_AEGCAU_R13956{1},Donacobius_atricapilla_MTNR1B_DONATR_R05163{1})Node502{1})Node384{1},(Cettia_cetti_MTNR1B_CETCET_R11050{1},Rhadina_sibilatrix_MTNR1B_RHASIB_R02241{1})Node551{1},(((Leiothrix_lutea_MTNR1B_LEILUT_R06777{1},Illadopsis_cleaveri_MTNR1B_ILLCLE_R13475{1})Node537{1},Pomatorhinus_ruficollis_MTNR1B_PORRUF_R09328{1})Node536{1},((Sylvia_atricapilla_MTNR1B_SYLATR_R09233{1},Sylvia_borin_MTNR1B_SYLBOR_R04594{1})Node542{1},Sinosuthora_webbiana_MTNR1B_SINWEB_R01568{1})Node541{1})Node535{1},((Cisticola_juncidis_MTNR1B_CISJUN_R07437{1},Locustella_ochotensis_MTNR1B_LOCOCH_R12134{1})Node547{1},Promerops_cafer_MTNR1B_PROCAF_R02204{1})Node546{1})Node383{1},(Irena_cyanogastra_MTNR1B_IRECYA_R09256{1},(Chloropsis_hardwickii_MTNR1B_CHLHAR_R10914{1},Chloropsis_cyanopogon_MTNR1B_CHLCYA_R00847{1})Node560{1})Node558{1},Sitta_europaea_MTNR1B_SITEUR_R12823{1},Cinclus_mexicanus_MTNR1B_CINMEX_R12406{1})Node382{1},(Melanocharis_versteri_MTNR1B_MELVER_R01812{2},Drymodes_brunneopygia_MTNR1B_DRYBRU_R05518{1})Node564{1},(Notiomystis_cincta_MTNR1B_NOTCIN_R05581{1},Callaeas_wilsoni_MTNR1B_CALWIL_R03285{1})Node567{1})Node381{1})Node319{1},Chaetops_frenatus_MTNR1B_CHAFRE_R13700{1})Node318{1},(Pomatostomus_ruficeps_MTNR1B_POSRUF_R08919{1},((((Dasyornis_broadbenti_MTNR1B_DASBRO_R15008{1},Grantiella_picta_MTNR1B_GRAPIC_R06615{1})Node576{1},Origma_solitaria_MTNR1B_ORISOL_R10255{1})Node575{1},Pardalotus_punctatus_MTNR1B_PARPUN_R10382{1})Node574{1},(Malurus_elegans_MTNR1B_MALELE_R02379{1},Malurus_cyaneus_samueli_MTNR1B_MTNR1B{1})Node581{1})Node573{1})Node571{1})Node317{1},Orthonyx_spaldingii_MTNR1B_ORTSPA_R14319{1})Node316{1},Ptilonorhynchus_violaceus_MTNR1B_PTIVIO_R00673{1})Node315{1},Climacteris_rufus_MTNR1B_CLIRUF_R08601{1})Node314{1},(Menura_novaehollandiae_MTNR1B_MENNOV_R08887{1},Atrichornis_clamosus_MTNR1B_ATRCLA_R00700{1})Node587{1})Node313{1},(((Cephalopterus_ornatus_MTNR1B_CEPORN_R06965{1},(((Pipra_filicauda_MTNR1B_114003560{1},Lepidothrix_coronata_MTNR1B_108499599{1},Manacus_candei_MTNR1B_127467550{1})Node601{1},(Neopelma_chrysocephalum_MTNR1B_113964784{1},Corapipo_altera_MTNR1B_113950069{1})Node597{1},Chiroxiphia_lanceolata_MTNR1B_116783329{1})Node595{1},Oxyruncus_cristatus_MTNR1B_OXYCRI_R02777{1},((Piprites_chloris_MTNR1B_PIPCHL_R04172{1},(((Tyrannus_savana_MTNR1B_TYRSAV_R09930{1},(Pitangus_sulphuratus_MTNR1B_BTVI_42777{1},Myiozetetes_cayanensis_MTNR1B_126649490{1})Node616{1})Node614{1},Empidonax_traillii_MTNR1B_114070320{1})Node613{1},Mionectes_macconnelli_MTNR1B_MIOMAC_R14617{1})Node612{1},(Neopipo_cinnamomea_MTNR1B_NEOCIN_R09906{1},Tachuris_rubrigastra_MTNR1B_TACRUB_R09013{1})Node621{1})Node609{1},Onychorhynchus_coronatus_MTNR1B_ONYCOR_R11553{1})Node608{1})Node594{1})Node592{1},(Grallaria_varia_MTNR1B_GRAVAR_R12802{1},((((Campylorhamphus_procurvoides_MTNR1B_CAMPRO_R02307{1},Xiphorhynchus_elegans_MTNR1B_XIPELE_R05194{1})Node631{1},Furnarius_figulus_MTNR1B_FURFIG_R04304{1})Node630{1},Sclerurus_mexicanus_MTNR1B_SCLMEX_R09763{1})Node629{1},Formicarius_rufipectus_MTNR1B_FORRUF_R09870{1})Node628{1},(Sakesphorus_luctuosus_MTNR1B_SAKLUC_R08662{1},Willisornis_vidua_MTNR1B_WISP_01921{1})Node637{1})Node625{1})Node591{1},(((Calyptomena_viridis_MTNR1B_CALVIR_R05258{1},Smithornis_capensis_MTNR1B_SMICAP_R03568{1})Node642{1},Serilophus_lunatus_MTNR1B_SERLUN_R10119{1})Node641{1},Sapayoa_aenigma_MTNR1B_SAPAEN_R06463{1})Node640{1})Node590{1})Node312{1},((((((((Eubucco_bourcierii_MTNR1B_EUBBOU_R02550{1},(Semnornis_frantzii_MTNR1B_SEMFRA_R03277{1},Ramphastos_sulfuratus_MTNR1B_RAMSUL_R01382{1})Node656{1})Node654{1},Tricholaema_leucomelas_MTNR1B_TRILEU_R01050{1})Node653{1},Psilopogon_haemacephalus_MTNR1B_PSIHAE_R11127{1})Node652{1},Dryobates_pubescens_MTNR1B_104305302{1})Node651{1},(Indicator_maculatus_MTNR1B_INDMAC_R06052{1},Indicator_indicator_MTNR1B_128968066{1})Node662{1})Node650{1},(Bucco_capensis_MTNR1B_BUCCAP_R05673{1},Galbula_dea_MTNR1B_GALDEA_R09863{1})Node665{2})Node649{2},Rhinopomastus_cyanomelas_MTNR1B_RHICYA_R04917{2})Node648{1},Urocolius_indicus_MTNR1B_UROIND_R08062{1})Node647{1})Node311{1})Node301{1},(Fregetta_grallaria_MTNR1B_FREGRA_R02731{1},Oceanites_oceanicus_MTNR1B_OCEOCE_R11717{1})Node670{1})Node300{1},((Pterocles_gutturalis_MTNR1B_104467363{2},Pterocles_burchelli_MTNR1B_PTEBUR_R04836{1})Node674{1},Syrrhaptes_paradoxus_MTNR1B_SYRPAR_R12847{1})Node673{1})Node299{1},(Chordeiles_acutipennis_MTNR1B_CHOACU_R06477{1},((Geococcyx_californianus_MTNR1B_GEOCAL_R02561{1},Trogon_melanurus_MTNR1B_TROMEL_R00484{1})Node683{1},(((Fulmarus_glacialis_MTNR1B_104071827{1},Ciconia_maguari_MTNR1B_CICMAG_R08326{1})Node690{1},(Sagittarius_serpentarius_MTNR1B_SAGSER_R06596{1},((Brachypteracias_leptosomus_MTNR1B_BRALEP_R11182{1},Eurystomus_gularis_MTNR1B_EURGUL_R14231{1})Node696{1},Baryphthengus_martii_MTNR1B_BARMAR_R11306{1})Node695{1})Node693{1})Node689{1},(((Nyctibius_bracteatus_MTNR1B_NYCBRA_R12945{1},Nyctibius_grandis_MTNR1B_NYCGRA_R13099{1})Node703{1},Antrostomus_carolinensis_MTNR1B_104519303{1})Node702{1},((Corythaeola_cristata_MTNR1B_CORCRI_R12271{2},Corythaixoides_concolor_MTNR1B_CORCON_R13352{1})Node708{2},(Atlantisia_rogersi_MTNR1B_ATLROG_R05284{1},Zapornia_atra_MTNR1B_ZAPATR_R09377{1})Node711{1})Node707{1})Node701{1},Phaethon_lepturus_MTNR1B_104620551{1})Node688{1},((Scopus_umbretta_MTNR1B_SCOUMB_R07336{1},Mesitornis_unicolor_MTNR1B_104538416{1})Node716{1},Anhinga_rufa_MTNR1B_ANHRUF_R02801{1})Node715{1},Pandion_haliaetus_MTNR1B_PANHAL_R06504{1},Eudyptes_sclateri_MTNR1B_MTNR1B{1},Pelecanus_crispus_MTNR1B_104027724{2},Eurypyga_helias_MTNR1B_104511074{1})Node681{1},Nipponia_nippon_MTNR1B_104017384{2},((((Strix_occidentalis_caurina_MTNR1B_MTNR1B{1},Ciccaba_nigrolineata_MTNR1B_CICNIG_R10005{1})Node732{1},Otus_sunia_MTNR1B_MTNR1B{1})Node731{1},Glaucidium_brasilianum_MTNR1B_GLABRA_R01006{1})Node730{1},(Tyto_alba_MTNR1B_104362096{1},Tyto_alba_alba_MTNR1B_MTNR1B_2{1})Node737{1})Node729{1},(Cochlearius_cochlearius_MTNR1B_COCCOC_R00526{1},Podilymbus_podiceps_MTNR1B_PODPOD_R05697{1})Node740{1})Node678{1})Node298{1},((((((Apus_apus_MTNR1B_127385623{1},Hemiprocne_comata_MTNR1B_HEMCOM_R00847{1})Node158{1},(Calypte_anna_MTNR1B_103534562{1},Oreotrochilus_melanogaster_MTNR1B_OREMEL_R12895{1})Node161{1})Node157{1},Aegotheles_bennettii_MTNR1B_AEGBEN_R13885{1})Node156{1},Podargus_strigoides_MTNR1B_PODSTR_R08020{1})Node155{1},((Grus_americana_MTNR1B_129214676{1},Aramus_guarauna_MTNR1B_ARAGUA_R06810{1})Node148{1},(Psophia_crepitans_MTNR1B_PSOCRE_R04301{1},Heliornis_fulica_MTNR1B_HELFUL_R01094{1})Node151{1})Node147{1},Steatornis_caripensis_MTNR1B_STECAR_R09772{1})Node145{1},(Chunga_burmeisteri_MTNR1B_CHUBUR_R03551{2},(Gymnogyps_californianus_MTNR1B_127024216{1},(((Falco_biarmicus_MTNR1B_130144704{1},Falco_cherrug_MTNR1B_102058996{1},Falco_peregrinus_MTNR1B_101910504{1},Falco_rusticolus_MTNR1B_119143244{1})Node172{1},(Falco_tinnunculus_MTNR1B_MTNR1B{1},Falco_naumanni_MTNR1B_121083468{1})Node179{1})Node171{1},Herpetotheres_cachinnans_MTNR1B_HERCAC_R06577{1})Node170{1},((Bucorvus_abyssinicus_MTNR1B_BUCABY_R02486{1},Buceros_rhinoceros_silvestris_MTNR1B_104501473{1})Node184{1},((Chloroceryle_aenea_MTNR1B_CHLAEN_R09243{1},Ceyx_cyanopectus_MTNR1B_CEYCYA_R06739{1})Node188{1},Halcyon_senegalensis_MTNR1B_HALSEN_R14105{1})Node187{1})Node183{1})Node168{1},(((((Accipiter_gentilis_MTNR1B_126048492{1},(Haliaeetus_albicilla_MTNR1B_HALALB_R01016{1},Haliaeetus_leucocephalus_MTNR1B_104838481{1})Node200{1})Node198{1},Harpia_harpyja_MTNR1B_128153488{1})Node197{1},(Aquila_chrysaetos_chrysaetos_MTNR1B_115353560{1},Spizaetus_tyrannus_MTNR1B_SPITYR_R09301{1})Node205{1},Circaetus_pectoralis_MTNR1B_CIRPEC_R00790{1})Node196{1},(Ardeotis_kori_MTNR1B_ARDKOR_R08476{1},Lophotis_ruficrista_MTNR1B_LOPRUF_R09847{1})Node209{2})Node195{1},(((((Amazona_aestiva_MTNR1B_AAES_107064{1},Amazona_guildingii_MTNR1B_AMAGUI_R01169{1})Node216{1},(Melopsittacus_undulatus_MTNR1B_101877508{1},Pezoporus_wallicus_MTNR1B_130606340{1})Node219{1})Node215{1},(Probosciger_aterrimus_MTNR1B_PROATE_R07922{1},Eolophus_roseicapilla_MTNR1B_EOLROS_R00926{1})Node222{1})Node214{1},(Nestor_notabilis_MTNR1B_104411137{1},Strigops_habroptila_MTNR1B_115604221{1})Node225{1})Node213{1},((Chionis_minor_MTNR1B_CHIMIN_R12793{2},Pluvianellus_socialis_MTNR1B_PLUSOC_R06962{1})Node229{1},Burhinus_bistriatus_MTNR1B_BURBIS_R10285{1})Node228{1})Node212{1})Node194{1},(((((Rynchops_niger_MTNR1B_RYNNIG_R10871{1},(Chroicocephalus_maculipennis_MTNR1B_CHRMAC_R10564{1},Rissa_tridactyla_MTNR1B_128915050{1},Larus_smithsonianus_MTNR1B_LARSMI_R13890{1})Node244{1},Phaetusa_simplex_MTNR1B_PHASIM_R01031{1})Node242{1},(Uria_aalge_MTNR1B_URIAAL_R14161{1},Cepphus_grylle_MTNR1B_CEPGRY_R04289{1})Node238{1},Stercorarius_parasiticus_MTNR1B_STEPAR_R06862{1})Node236{1},((Glareola_pratincola_MTNR1B_GLAPRA_R06677{1},Rhinoptilus_africanus_MTNR1B_RHIAFR_R05227{2})Node252{1},Dromas_ardeola_MTNR1B_DROARD_R02575{1})Node251{1})Node235{1},((((Jacana_jacana_MTNR1B_JACJAC_R07732{1},(Rostratula_benghalensis_MTNR1B_ROSBEN_R08942{1},Nycticryphes_semicollaris_MTNR1B_NYCSEM_R01866{1})Node261{1})Node259{1},(Thinocorus_orbignyianus_MTNR1B_THIORB_R10965{1},Pedionomus_torquatus_MTNR1B_PEDTOR_R13227{1})Node264{1})Node258{1},((Arenaria_interpres_MTNR1B_AREINT_R00927{1},Calidris_pugnax_MTNR1B_106897608{1})Node268{1},Limosa_lapponica_baueri_MTNR1B_llap_19763{1})Node267{1})Node257{1},Turnix_velox_MTNR1B_TURVEL_R08681{1})Node256{1})Node234{1},(Charadrius_vociferus_MTNR1B_104283038{2},(Himantopus_himantopus_MTNR1B_HIMHIM_R04147{1},Ibidorhyncha_struthersii_MTNR1B_IBISTR_R08413{1})Node275{1})Node273{1})Node233{1})Node166{1})Node144{1},((Aptenodytes_forsteri_MTNR1B_103904761{1},Aptenodytes_patagonicus_MTNR1B_MTNR1B_2{1})Node281{1},(Pygoscelis_papua_MTNR1B_KCX85_0012992{1},(Eudyptes_chrysocome_MTNR1B_MTNR1B{1},Eudyptes_filholi_MTNR1B_MTNR1B{1},Eudyptes_moseleyi_MTNR1B_MTNR1B{1},Eudyptes_pachyrhynchus_MTNR1B_MTNR1B{1})Node286{1})Node284{1})Node280{1},((Pelecanoides_urinatrix_MTNR1B_PELURI_R09688{1},Calonectris_borealis_MTNR1B_CALBOR_R06471{1})Node294{1},Oceanodroma_tethys_MTNR1B_HYDTET_R03865{1})Node293{1})Node142{1},Fregata_magnificens_MTNR1B_FREMAG_R09275{1})Node141{1},((Crotophaga_sulcirostris_MTNR1B_CROSUL_R12004{1},(((Piaya_cayana_MTNR1B_PIACAY_R02150{1},Ceuthmochares_aereus_MTNR1B_CEUAER_R00500{2})Node749{1},Cuculus_canorus_MTNR1B_104064196{2})Node748{1},(Centropus_unirufus_MTNR1B_CENUNI_R03451{1},Centropus_bengalensis_MTNR1B_CENBEN_R00213{1})Node753{1})Node747{1})Node745{1},Rhynochetos_jubatus_MTNR1B_RHYJUB_R13745{1})Node744{1})Node140{1})Node92{1})Node70{1})Node62{1})Node32{1})Node4{2},((Turdus_rufiventris_MTNR1B_TURU_127601{2},((Aptenodytes_patagonicus_MTNR1B_MTNR1B{1},Eudyptes_chrysocome_MTNR1B_MTNR1B_2{1})Node761{1},Tyto_alba_alba_MTNR1B_MTNR1B{1})Node760{2})Node758{2},((((((Pteropus_giganteus_MTNR1B_120590217{1},((Miniopterus_natalensis_MTNR1B_107532365{1},((Myotis_myotis_MTNR1B_118662708{1},Myotis_davidii_MTNR1B_102751740{1})Node776{1},Myotis_brandtii_MTNR1B_102260326{1})Node775{1})Node773{1},Molossus_molossus_MTNR1B_118627852{1})Node772{1})Node770{1},((((((Otolemur_garnettii_MTNR1B_100957049{1},Nycticebus_coucang_MTNR1B_128564556{1})Node786{1},(Daubentonia_madagascariensis_MTNR1B_MTNR1B{1},(Microcebus_murinus_MTNR1B_105857333{1},Propithecus_coquereli_MTNR1B_105820691{1})Node791{1})Node789{1})Node785{1},(((Mandrillus_leucophaeus_MTNR1B_105550119{1},(Macaca_nemestrina_MTNR1B_105484359{1},Macaca_thibetana_thibetana_MTNR1B_126936291{1},Macaca_thibetana_thibetana_MTNR1B_MTNR1B{1})Node798{1})Node796{1},(Rhinopithecus_bieti_MTNR1B_108515031{1},Rhinopithecus_roxellana_MTNR1B_104657539{1})Node803{1})Node795{1},(((Pongo_pygmaeus_MTNR1B_129008229{1},Pongo_abelii_MTNR1B_100431297{1})Node808{1},(Homo_sapiens_MTNR1B_Mel1BR{1},Homo_sapiens_MTNR1B_Mel1BR_2{1})Node811{1})Node807{1},(Nomascus_leucogenys_MTNR1B_101179499{1},Hylobates_pileatus_MTNR1B_MTNR1B{1})Node814{1})Node806{1})Node794{2})Node784{1},Tupaia_chinensis_MTNR1B_102495117{1})Node783{1},(((((Ochotona_princeps_MTNR1B_101525904{1},Ochotona_curzoniae_MTNR1B_121154010{1})Node822{1},Oryctolagus_cuniculus_MTNR1B_100353746{1})Node821{1},(Castor_canadensis_MTNR1B_109701771{2},((Dipodomys_ordii_MTNR1B_105995145{1},Dipodomys_spectabilis_MTNR1B_122112335{2})Node829{2},Perognathus_longimembris_pacificus_MTNR1B_125350893{2})Node828{1})Node826{1})Node820{1},((((Marmota_monax_MTNR1B_124105260{1},Marmota_marmota_marmota_MTNR1B_107145941{1},Marmota_himalayana_MTNR1B_MTNR1B{1})Node836{1},Marmota_flaviventris_MTNR1B_114105026{1})Node835{1},(Sciurus_carolinensis_MTNR1B_124958102{1},Sciurus_vulgaris_MTNR1B_MTNR1B{1})Node842{1})Node834{1},(((((Myodes_glareolus_MTNR1B_125400708{1},((Microtus_ochrogaster_MTNR1B_101998842{1},Microtus_oregoni_MTNR1B_121451247{1})Node852{1},Microtus_fortis_MTNR1B_126487668{1})Node851{1})Node849{1},Arvicola_amphibius_MTNR1B_119809269{2})Node848{2},(((Peromyscus_eremicus_MTNR1B_131914069{1},Peromyscus_californicus_insignis_MTNR1B_128119602{1})Node859{1},Peromyscus_maniculatus_bairdii_MTNR1B_102920355{2})Node858{1},Onychomys_torridus_MTNR1B_118586699{1})Node857{1})Node847{1},(((((((Mus_caroli_MTNR1B_110302494{1},(((Mus_musculus_MTNR1B_244701{1},Mus_musculus_MTNR1B_MTNR1B{1})Node874{1},Mus_musculus_domesticus_MTNR1B_MTNR1B{1})Node873{1},(Mus_musculus_castaneus_MTNR1B_MTNR1B{1},(Mus_musculus_musculus_MTNR1B_MTNR1B{1},Mus_musculus_molossinus_MTNR1B_MTNR1B{1})Node880{1})Node878{1})Node872{1})Node870{1},Mus_pahari_MTNR1B_110328523{1})Node869{1},Mus_minutoides_MTNR1B_MTNR1B{1})Node868{2},Apodemus_sylvaticus_MTNR1B_127690181{1})Node867{1},Arvicanthis_niloticus_MTNR1B_117699934{1})Node866{1},((Rattus_norvegicus_MTNR1B_Mel1BR{1},Rattus_norvegicus_MTNR1B_Mel1BR_2{1})Node888{1},Rattus_rattus_MTNR1B_116908057{1})Node887{2})Node865{1},(Meriones_unguiculatus_MTNR1B_110547530{1},(Acomys_cahirinus_MTNR1B_MTNR1B{1},Acomys_dimidiatus_MTNR1B_MTNR1B{1})Node894{1})Node892{1})Node864{1})Node846{2},Jaculus_jaculus_MTNR1B_101615359{1})Node845{1})Node833{1})Node819{1},((((Cavia_porcellus_MTNR1B_100724092{1},Cavia_tschudii_MTNR1B_MTNR1B{1})Node901{1},Hydrochoerus_hydrochaeris_MTNR1B_MTNR1B{1})Node900{1},Chinchilla_lanigera_MTNR1B_102006023{2})Node899{1},Fukomys_damarensis_MTNR1B_104868770{1})Node898{1})Node818{1})Node782{1},Elephas_maximus_indicus_MTNR1B_126078900{1})Node781{1})Node769{1},(((Crocuta_crocuta_MTNR1B_MTNR1B{1},((Lynx_canadensis_MTNR1B_115525595{1},Felis_catus_MTNR1B_101083701{1},(Prionailurus_viverrinus_MTNR1B_125177173{1},Felis_catus_x_Prionailurus_bengalensis_MTNR1B_MTNR1B{1})Node923{1})Node920{1},(Panthera_pardus_MTNR1B_109267343{1},Panthera_uncia_MTNR1B_125938333{1},Panthera_leo_MTNR1B_122200340{1})Node914{1},Felis_catus_x_Leopardus_geoffroyi_MTNR1B_MTNR1B{1})Node912{1})Node910{1},(Canis_lupus_MTNR1B_MTNR1B{1},Canis_lupus_familiaris_MTNR1B_MTNR1B{3})Node927{1})Node909{1},((Martes_zibellina_MTNR1B_MTNR1B{1},Mustela_putorius_MTNR1B_MTNR1B{2})Node931{1},(Callorhinus_ursinus_MTNR1B_112840514{1},Zalophus_californianus_MTNR1B_113913700{1})Node934{1})Node930{1})Node908{1})Node768{1},((Equus_quagga_MTNR1B_124225175{1},Equus_przewalskii_MTNR1B_103548037{1})Node938{1},(Diceros_bicornis_minor_MTNR1B_131408988{1},Ceratotherium_simum_cottoni_MTNR1B_MTNR1B{1})Node941{1})Node937{1})Node767{1},(((((Hippopotamus_amphibius_MTNR1B_MTNR1B{1},Hippopotamus_amphibius_kiboko_MTNR1B_130829040{1})Node948{1},((Odocoileus_virginianus_texanus_MTNR1B_110127734{1},(Cervus_elaphus_MTNR1B_122705797{1},Cervus_hanglu_yarkandensis_MTNR1B_MTNR1B{1},Cervus_elaphus_hippelaphus_MTNR1B_Celaphus_00013623{1},Cervus_canadensis_MTNR1B_122431260{1})Node954{1})Node952{1},(((Tragelaphus_strepsiceros_MTNR1B_MTNR1B{1},((Bos_mutus_MTNR1B_102277187{1},(Bos_taurus_MTNR1B_MTNR1B{1},Bos_gaurus_MTNR1B_MTNR1B{1},Bos_indicus_x_Bos_taurus_MTNR1B_113886091{1},Bison_bison_bison_MTNR1B_104999620{1})Node968{1})Node966{1},(Bubalus_bubalis_MTNR1B_102409257{1},Bubalus_kerabau_MTNR1B_129653860{1})Node975{1})Node965{1})Node963{1},Capra_hircus_MTNR1B_102176302{1})Node962{1},Moschus_berezovskii_MTNR1B_129542121{1})Node961{1})Node951{2})Node947{1},Phocoena_sinus_MTNR1B_MTNR1B{1})Node946{1},Sus_scrofa_MTNR1B_100511397{1})Node945{1},((Camelus_dromedarius_MTNR1B_105094616{1},Camelus_bactrianus_MTNR1B_105083508{1},Camelus_ferus_MTNR1B_102518364{1})Node983{1},Vicugna_pacos_huacaya_MTNR1B_MTNR1B{1})Node982{1})Node944{1})Node766{2},(((Monodelphis_domestica_MTNR1B_100015466{1},Gracilinanus_agilis_MTNR1B_123241323{2})Node991{1},Dromiciops_gliroides_MTNR1B_122747863{1})Node990{1},Trichosurus_vulpecula_MTNR1B_118835450{1})Node989{2})Node765{1})Node757{1})Node3{2},((Gekko_japonicus_MTNR1B_107114658{1},Euleptes_europaea_MTNR1B_130484977{2})Node997{1},Eublepharis_macularius_MTNR1B_129326075{1})Node996{1})Node2{1},((((Sceloporus_undulatus_MTNR1B_121926302{2},Anolis_carolinensis_MTNR1B_100560838{1})Node1004{1},Pogona_vitticeps_MTNR1B_110091096{2})Node1003{1},((Zootoca_vivipara_MTNR1B_118085260{2},((Podarcis_muralis_MTNR1B_114595621{1},Podarcis_raffonei_MTNR1B_128412541{1})Node1012{1},Lacerta_agilis_MTNR1B_117045238{1})Node1011{1})Node1009{1},Varanus_komodoensis_MTNR1B_123029361{2})Node1008{1})Node1002{2},(((Pantherophis_guttatus_MTNR1B_117660437{1},Pantherophis_guttatus_MTNR1B_MTNR1B{1})Node1019{1},(Naja_naja_MTNR1B_MTNR1B{2},Pseudonaja_textilis_MTNR1B_113440456{2})Node1022{1})Node1018{1},(Thamnophis_elegans_MTNR1B_116510552{1},Thamnophis_sirtalis_MTNR1B_106545428{1})Node1025{1})Node1017{2})Node1001{1},Hemicordylus_capensis_MTNR1B_128350275{1})

----

```
     |Rhinatrema_bivittatum_MTNR1B_115091496 (2)
    |+Node6 (1)
    |||Geotrypetes_seraphini_MTNR1B_117362347 (1)
    ||+Node8 (2)
    | |Microcaecilia_unicolor_MTNR1B_115468227 (2)
   |+Node5 (2)
   || |Bombina_bombina_MTNR1B_128654617 (3)
   |||+Node12 (1)
   |||||Spea_bombifrons_MTNR1B_128474251 (2)
   ||||+Node14 (1)
   ||| |Leptobrachium_leishanense_MTNR1B_MTNR1B (1)
   ||+Node11 (2)
   | |   |Bufo_bufo_MTNR1B_120994190 (1)
   | |  |+Node20 (2)
   | |  ||Bufo_gargarizans_MTNR1B_122932696 (1)
   | | |+Node19 (1)
   | | |||Hyla_sarda_MTNR1B_130358331 (1)
   | | ||+Node23 (1)
   | | | |Hyla_sarda_MTNR1B_130358330 (1)
   | ||+Node18 (1)
   | ||||Rana_temporaria_MTNR1B_120928981 (1)
   | |||+Node26 (1)
   | || |Nanorana_parkeri_MTNR1B_108788772 (1)
   | |+Node17 (1)
   |  ||Xenopus_laevis_MTNR1B_108710014 (1)
   |  |+Node29 (1)
   |   |Xenopus_laevis_MTNR1B_108708755 (1)
  |+Node4 (2)
  ||     |Caretta_caretta_MTNR1B_125633428 (1)
  ||    |+Node37 (1)
  ||    ||Caretta_caretta_MTNR1B_MTNR1B (1)
  ||   |+Node36 (1)
  ||   ||Chelonia_mydas_MTNR1B_102947942 (1)
  ||  |+Node35 (1)
  ||  ||Dermochelys_coriacea_MTNR1B_119862322 (1)
  || |+Node34 (1)
  || || |Terrapene_carolina_triunguis_MTNR1B_112104539 (1)
  || || ||Chrysemys_picta_bellii_MTNR1B_101931799 (1)
  || || |+Node45 (1)
  || || ||Chrysemys_picta_MTNR1B_MTNR1B (1)
  || |||+Node43 (1)
  || ||||Trachemys_scripta_elegans_MTNR1B_117871834 (1)
  || ||||Malaclemys_terrapin_pileata_MTNR1B_128830037 (1)
  || ||+Node42 (1)
  || | | |Chelonoidis_abingdonii_MTNR1B_116818384 (1)
  || | ||+Node53 (1)
  || | ||||Gopherus_flavomarginatus_MTNR1B_127045711 (1)
  || | |||+Node55 (1)
  || | || ||Gopherus_evgoodei_MTNR1B_115645789 (1)
  || | || |+Node57 (1)
  || | ||  |Gopherus_evgoodei_MTNR1B_MTNR1B (1)
  || | |+Node52 (1)
  || |  |Mauremys_reevesii_MTNR1B_120390701 (1)
  |||+Node33 (1)
  ||||Pelodiscus_sinensis_MTNR1B_102444642 (1)
  ||+Node32 (1)
  | |  |Alligator_mississippiensis_MTNR1B_102567490 (1)
  | | |+Node64 (1)
  | | ||Alligator_sinensis_MTNR1B_102367853 (1)
  | ||+Node63 (2)
  | ||||Crocodylus_porosus_MTNR1B_109305549 (1)
  | |||+Node67 (1)
  | || |Gavialis_gangeticus_MTNR1B_109302208 (2)
  | |+Node62 (1)
  |  |  |Apteryx_rowi_MTNR1B_112969060 (1)
  |  | |+Node72 (1)
  |  | |||Casuarius_casuarius_MTNR1B_CASCAS_R11541 (1)
  |  | ||+Node74 (1)
  |  | |||Dromaius_novaehollandiae_MTNR1B_112988551 (1)
  |  | || |Eudromia_elegans_MTNR1B_EUDELE_R09478 (1)
  |  | |||+Node78 (1)
  |  | |||| |Crypturellus_undulatus_MTNR1B_CRYUND_R10727 (1)
  |  | |||||+Node81 (1)
  |  | ||||||Crypturellus_soui_MTNR1B_CRYSOU_R04982 (1)
  |  | ||||+Node80 (1)
  |  | ||| |Nothocercus_julius_MTNR1B_NOTJUL_R00765 (1)
  |  | ||+Node77 (1)
  |  | | ||Nothoprocta_perdicaria_MTNR1B_112958995 (1)
  |  | | |+Node85 (1)
  |  | |  ||Nothoprocta_ornata_MTNR1B_NOTORN_R10826 (1)
  |  | |  |+Node87 (1)
  |  | |   |Nothoprocta_pentlandii_MTNR1B_NOTPEN_R01114 (1)
  |  ||+Node71 (1)
  |  |||Struthio_camelus_australis_MTNR1B_104151773 (1)
  |  |+Node70 (1)
  |   |        |Aix_galericulata_MTNR1B_LUU34_00726000 (1)
  |   |       |+Node100 (1)
  |   |       ||Cairina_moschata_domestica_MTNR1B_MTNR1B (1)
  |   |      |+Node99 (1)
  |   |      |||Anas_platyrhynchos_MTNR1B_101805311 (1)
  |   |      ||+Node103 (1)
  |   |      | |Anas_zonorhyncha_MTNR1B_MTNR1B (1)
  |   |     |+Node98 (1)
  |   |     ||Asarcornis_scutulata_MTNR1B_ASASCU_R11932 (1)
  |   |     ||Aythya_fuligula_MTNR1B_116502149 (1)
  |   |    |+Node97 (1)
  |   |    || |Cygnus_atratus_MTNR1B_118245936 (1)
  |   |    |||+Node110 (1)
  |   |    ||||Cygnus_olor_MTNR1B_121063641 (1)
  |   |    ||+Node109 (1)
  |   |    | |Anser_cygnoides_MTNR1B_106034133 (1)
  |   |   |+Node96 (1)
  |   |   ||Oxyura_jamaicensis_MTNR1B_118168457 (1)
  |   |  |+Node95 (1)
  |   |  ||Anseranas_semipalmata_MTNR1B_ANSSEM_R10934 (1)
  |   | |+Node94 (1)
  |   | ||Chauna_torquata_MTNR1B_CHATOR_R06605 (1)
  |   ||+Node93 (1)
  |   |||   |Gallus_gallus_MTNR1B_Mel1BR (1)
  |   |||  |+Node135 (1)
  |   |||  ||Coturnix_japonica_MTNR1B_107308448 (1)
  |   ||| |+Node119 (1)
  |   ||| |||Numida_meleagris_MTNR1B_110390737 (1)
  |   ||| ||+Node121 (1)
  |   ||| |||Odontophorus_gujanensis_MTNR1B_ODOGUJ_R01019 (1)
  |   ||| ||   |Centrocercus_urophasianus_MTNR1B_122171423 (1)
  |   ||| ||  |+Node127 (1)
  |   ||| ||  ||Tympanuchus_pallidicinctus_MTNR1B_128074465 (1)
  |   ||| || |+Node126 (1)
  |   ||| || ||Lagopus_leucura_MTNR1B_122175133 (1)
  |   ||| || ||Lagopus_muta_MTNR1B_125695144 (1)
  |   ||| |||+Node125 (1)
  |   ||| ||||Meleagris_gallopavo_MTNR1B_104909381 (1)
  |   ||| ||+Node124 (1)
  |   ||| | |Phasianus_colchicus_MTNR1B_116244432 (1)
  |   ||||+Node118 (1)
  |   |||||Penelope_pileata_MTNR1B_PENPIL_R12386 (1)
  |   |||+Node117 (1)
  |   || |Alectura_lathami_MTNR1B_ALELAT_R11136 (1)
  |   |+Node92 (1)
  |    |        |Columba_livia_MTNR1B_102095424 (2)
  |    |       |+Node303 (1)
  |    |       ||Patagioenas_fasciata_monilis_MTNR1B_AV530_011159 (1)
  |    |      |+Node302 (1)
  |    |      |||Columbina_picui_MTNR1B_COLPIC_R02418 (1)
  |    |      ||+Node306 (1)
  |    |      | ||Caloenas_nicobarica_MTNR1B_CALNIC_R07478 (1)
  |    |      | |+Node308 (1)
  |    |      |  |Alopecoenas_beccarii_MTNR1B_ALOBEC_R10269 (1)
  |    |     |+Node301 (1)
  |    |     ||           |Oriolus_oriolus_MTNR1B_ORIORI_R12176 (1)
  |    |     ||          |+Node377 (1)
  |    |     ||          ||Pachycephala_philippinensis_MTNR1B_PACPHI_R09388 (1)
  |    |     ||         |+Node376 (1)
  |    |     ||         ||Aleadryas_rufinucha_MTNR1B_ALERUF_R12557 (1)
  |    |     ||         |   |Platysteira_castanea_MTNR1B_DYACAS_R08704 (1)
  |    |     ||         |  |+Node326 (1)
  |    |     ||         |  ||Gymnorhina_tibicen_MTNR1B_GYMTIB_R13840 (1)
  |    |     ||         |  ||Rhagologus_leucostigma_MTNR1B_RHALEU_R04220 (1)
  |    |     ||         | |+Node325 (1)
  |    |     ||         | |||Chaetorhynchus_papuensis_MTNR1B_CHAPAP_R00712 (1)
  |    |     ||         | ||+Node331 (1)
  |    |     ||         | | |Machaerirhynchus_nigripectus_MTNR1B_MACNIG_R11425 (1)
  |    |     ||         ||+Node324 (1)
  |    |     ||         |||Edolisoma_coerulescens_MTNR1B_EDOCOE_R13482 (1)
  |    |     ||         ||  |Lanius_ludovicianus_MTNR1B_LANLUD_R09599 (1)
  |    |     ||         || |+Node337 (1)
  |    |     ||         || ||Ifrita_kowaldi_MTNR1B_IFRKOW_R00350 (1)
  |    |     ||         |||+Node336 (1)
  |    |     ||         |||| |Aphelocoma_coerulescens_MTNR1B_APHCOE_R07191 (1)
  |    |     ||         |||||+Node341 (1)
  |    |     ||         |||||||Corvus_cornix_cornix_MTNR1B_104690350 (1)
  |    |     ||         |||||||Corvus_brachyrhynchos_MTNR1B_103616752 (1)
  |    |     ||         ||||||+Node343 (1)
  |    |     ||         ||||| |Corvus_kubaryi_MTNR1B_121662638 (1)
  |    |     ||         ||||| |Corvus_hawaiiensis_MTNR1B_125321827 (1)
  |    |     ||         ||||| |Corvus_moneduloides_MTNR1B_116439512 (1)
  |    |     ||         ||||+Node340 (1)
  |    |     ||         ||| |Myiagra_hebetior_MTNR1B_MYIHEB_R02341 (1)
  |    |     ||         ||+Node335 (1)
  |    |     ||         |||Dicrurus_megarhynchus_MTNR1B_DICMEG_R00486 (2)
  |    |     ||         |+Node322 (1)
  |    |     ||         ||Ptilorrhoa_leucosticta_MTNR1B_PTILEU_R09153 (1)
  |    |     ||         |||Mohoua_ochrocephala_MTNR1B_MOHOCH_R13693 (1)
  |    |     ||         ||+Node356 (1)
  |    |     ||         | |Oreocharis_arfaki_MTNR1B_OREARF_R06727 (1)
  |    |     ||         ||Vireo_altiloquus_MTNR1B_VIRALT_R12332 (1)
  |    |     ||         |+Node360 (1)
  |    |     ||         ||Erpornis_zantholeuca_MTNR1B_ERPZAN_R03896 (1)
  |    |     ||        |+Node320 (1)
  |    |     ||        ||Cnemophilus_loriae_MTNR1B_CNELOR_R01660 (1)
  |    |     ||        || |Dryoscopus_gambensis_MTNR1B_DRYGAM_R13331 (1)
  |    |     ||        |||+Node366 (1)
  |    |     ||        ||||Daphoenositta_chrysoptera_MTNR1B_DAPCHR_R13145 (1)
  |    |     ||        ||+Node365 (1)
  |    |     ||        |||Falcunculus_frontatus_MTNR1B_FALFRO_R10892 (1)
  |    |     ||        |||Horornis_vulcanius_MTNR1B_HORVUL_R09800 (1)
  |    |     ||        ||+Node370 (1)
  |    |     ||        | |Mystacornis_crossleyi_MTNR1B_MYSCRO_R04002 (1)
  |    |     ||        | |Pteruthius_melanotis_MTNR1B_PTEMEL_R03781 (1)
  |    |     ||       |+Node319 (1)
  |    |     ||       ||      |Certhia_brachydactyla_MTNR1B_CERBRA_R07180 (1)
  |    |     ||       ||     |+Node529 (1)
  |    |     ||       ||     ||Certhia_familiaris_MTNR1B_CERFAM_R01509 (1)
  |    |     ||       ||    |+Node528 (1)
  |    |     ||       ||    ||Bombycilla_garrulus_MTNR1B_BOMGAR_R04795 (1)
  |    |     ||       ||   |+Node514 (1)
  |    |     ||       ||   |||Regulus_satrapa_MTNR1B_REGSAT_R12255 (1)
  |    |     ||       ||   ||+Node516 (1)
  |    |     ||       ||   ||||Panurus_biarmicus_MTNR1B_PANBIA_R00922 (1)
  |    |     ||       ||   |||+Node519 (1)
  |    |     ||       ||   |||||Brachypodius_atriceps_MTNR1B_BRAATR_R01452 (1)
  |    |     ||       ||   ||||+Node521 (1)
  |    |     ||       ||   ||| |Pycnonotus_jocosus_MTNR1B_PYCJOC_R13337 (1)
  |    |     ||       ||   ||||Dicaeum_eximium_MTNR1B_DICEXI_R12296 (1)
  |    |     ||       ||   |||+Node524 (1)
  |    |     ||       ||   || |Leptocoma_aspasia_MTNR1B_LEPASP_R11482 (1)
  |    |     ||       ||   ||Acrocephalus_arundinaceus_MTNR1B_ACRARU_R05284 (1)
  |    |     ||       ||   ||Hirundo_rustica_MTNR1B_120748807 (1)
  |    |     ||       ||   |+Node509 (1)
  |    |     ||       ||   |||Thryothorus_ludovicianus_MTNR1B_THRLUD_R08287 (1)
  |    |     ||       ||   ||+Node511 (1)
  |    |     ||       ||   | |Erythrocercus_mccallii_MTNR1B_ERYMCC_R02436 (1)
  |    |     ||       ||  |+Node384 (1)
  |    |     ||       ||  ||     |Taeniopygia_guttata_MTNR1B_751588 (1)
  |    |     ||       ||  ||    |+Node451 (1)
  |    |     ||       ||  ||    ||Lonchura_striata_domestica_MTNR1B_110478410 (2)
  |    |     ||       ||  ||   |+Node450 (1)
  |    |     ||       ||  ||   |||Vidua_chalybeata_MTNR1B_128784004 (1)
  |    |     ||       ||  ||   ||+Node454 (1)
  |    |     ||       ||  ||   | |Vidua_macroura_MTNR1B_128803599 (1)
  |    |     ||       ||  ||  |+Node390 (1)
  |    |     ||       ||  ||  ||    |Serinus_canaria_MTNR1B_103827257 (1)
  |    |     ||       ||  ||  ||   |+Node396 (1)
  |    |     ||       ||  ||  ||   |||Loxia_curvirostra_MTNR1B_LOXCUR_R08617 (1)
  |    |     ||       ||  ||  ||   ||+Node398 (1)
  |    |     ||       ||  ||  ||   | |Loxia_leucoptera_MTNR1B_LOXLEU_R10654 (1)
  |    |     ||       ||  ||  ||  |+Node395 (1)
  |    |     ||       ||  ||  ||  ||Haemorhous_mexicanus_MTNR1B_MTNR1B (1)
  |    |     ||       ||  ||  || |+Node394 (1)
  |    |     ||       ||  ||  || ||    |Agelaius_phoeniceus_MTNR1B_129117198 (1)
  |    |     ||       ||  ||  || ||   |+Node406 (1)
  |    |     ||       ||  ||  || ||   |||Quiscalus_mexicanus_MTNR1B_QUIMEX_R05596 (1)
  |    |     ||       ||  ||  || ||   ||+Node408 (1)
  |    |     ||       ||  ||  || ||   | |Molothrus_ater_MTNR1B_118692886 (1)
  |    |     ||       ||  ||  || ||  |+Node405 (1)
  |    |     ||       ||  ||  || ||  || |Melozone_crissalis_MTNR1B_128933142 (1)
  |    |     ||       ||  ||  || ||  || ||Melospiza_georgiana_MTNR1B_131080635 (1)
  |    |     ||       ||  ||  || ||  || |+Node416 (1)
  |    |     ||       ||  ||  || ||  || |||Ammospiza_nelsoni_MTNR1B_132069773 (1)
  |    |     ||       ||  ||  || ||  || ||+Node418 (1)
  |    |     ||       ||  ||  || ||  || | |Ammospiza_caudacuta_MTNR1B_131554448 (1)
  |    |     ||       ||  ||  || ||  |||+Node413 (1)
  |    |     ||       ||  ||  || ||  |||| |Spizella_passerina_MTNR1B_SPIPAS_R07488 (1)
  |    |     ||       ||  ||  || ||  |||||+Node423 (1)
  |    |     ||       ||  ||  || ||  ||||||Calcarius_ornatus_MTNR1B_CALORN_R13576 (1)
  |    |     ||       ||  ||  || ||  ||||+Node422 (1)
  |    |     ||       ||  ||  || ||  |||||Nesospiza_acunhae_MTNR1B_NESACU_R05102 (1)
  |    |     ||       ||  ||  || ||  ||||Zonotrichia_albicollis_MTNR1B_102065760 (1)
  |    |     ||       ||  ||  || ||  ||+Node412 (1)
  |    |     ||       ||  ||  || ||  ||| |Camarhynchus_parvulus_MTNR1B_115905023 (1)
  |    |     ||       ||  ||  || ||  ||||+Node429 (1)
  |    |     ||       ||  ||  || ||  |||||Passerina_amoena_MTNR1B_PASAMO_R05827 (1)
  |    |     ||       ||  ||  || ||  |||+Node428 (1)
  |    |     ||       ||  ||  || ||  || |Pheucticus_melanocephalus_MTNR1B_PHEMEL_R04285 (1)
  |    |     ||       ||  ||  || ||  ||Setophaga_kirtlandii_MTNR1B_SETKIR_R04101 (1)
  |    |     ||       ||  ||  || || |+Node404 (1)
  |    |     ||       ||  ||  || || ||Emberiza_fucata_MTNR1B_EMBFUC_R10148 (1)
  |    |     ||       ||  ||  || |||+Node403 (1)
  |    |     ||       ||  ||  || ||||Rhodinocichla_rosea_MTNR1B_RHOROS_R03444 (1)
  |    |     ||       ||  ||  || ||+Node402 (1)
  |    |     ||       ||  ||  || | |Ploceus_nigricollis_MTNR1B_PLONIG_R02550 (1)
  |    |     ||       ||  ||  |||+Node393 (1)
  |    |     ||       ||  ||  |||| |Motacilla_alba_MTNR1B_MOTALB_R11945 (1)
  |    |     ||       ||  ||  |||||+Node438 (1)
  |    |     ||       ||  ||  ||||||Motacilla_alba_alba_MTNR1B_119706779 (1)
  |    |     ||       ||  ||  ||||+Node437 (1)
  |    |     ||       ||  ||  ||| ||Prunella_fulvescens_MTNR1B_PRUFUL_R06059 (1)
  |    |     ||       ||  ||  ||| |+Node441 (1)
  |    |     ||       ||  ||  |||  |Prunella_himalayana_MTNR1B_PRUHIM_R09060 (1)
  |    |     ||       ||  ||  ||+Node392 (1)
  |    |     ||       ||  ||  ||||Passer_montanus_MTNR1B_120506782 (1)
  |    |     ||       ||  ||  |||+Node444 (1)
  |    |     ||       ||  ||  || ||Pyrgilauda_ruficollis_MTNR1B_121364207 (1)
  |    |     ||       ||  ||  || |+Node446 (1)
  |    |     ||       ||  ||  ||  |Onychostruthus_taczanowskii_MTNR1B_121342541 (1)
  |    |     ||       ||  ||  ||Hypocryptadius_cinnamomeus_MTNR1B_HYPCIN_R00576 (1)
  |    |     ||       ||  || |+Node389 (1)
  |    |     ||       ||  || ||     |Sturnus_vulgaris_MTNR1B_106853954 (1)
  |    |     ||       ||  || ||    |+Node462 (1)
  |    |     ||       ||  || ||    ||Leucopsar_rothschildi_MTNR1B_LEUROT_R08378 (1)
  |    |     ||       ||  || ||   |+Node461 (1)
  |    |     ||       ||  || ||   ||Buphagus_erythrorhynchus_MTNR1B_BUPERY_R02506 (1)
  |    |     ||       ||  || ||  |+Node460 (1)
  |    |     ||       ||  || ||  ||Rhabdornis_inornatus_MTNR1B_RHAINO_R06516 (1)
  |    |     ||       ||  || || |+Node459 (1)
  |    |     ||       ||  || || ||Elachura_formosa_MTNR1B_ELAFOR_R06954 (1)
  |    |     ||       ||  || |||+Node458 (1)
  |    |     ||       ||  || |||||Catharus_ustulatus_MTNR1B_116993023 (1)
  |    |     ||       ||  || ||||+Node468 (1)
  |    |     ||       ||  || ||| |Catharus_fuscescens_MTNR1B_CATFUS_R08259 (1)
  |    |     ||       ||  || ||| |Turdus_rufiventris_MTNR1B_TURU_029891 (1)
  |    |     ||       ||  || ||+Node457 (1)
  |    |     ||       ||  || | |Peucedramus_taeniatus_MTNR1B_PEUTAE_R05277 (2)
  |    |     ||       ||  |||+Node388 (1)
  |    |     ||       ||  ||||   |Parus_major_MTNR1B_107213109 (1)
  |    |     ||       ||  ||||  |+Node477 (1)
  |    |     ||       ||  ||||  ||Pseudopodoces_humilis_MTNR1B_102105967 (1)
  |    |     ||       ||  |||| |+Node476 (1)
  |    |     ||       ||  |||| ||Cyanistes_caeruleus_MTNR1B_111924848 (1)
  |    |     ||       ||  |||||+Node475 (1)
  |    |     ||       ||  ||||||Poecile_atricapillus_MTNR1B_131585508 (1)
  |    |     ||       ||  ||||+Node474 (1)
  |    |     ||       ||  ||| |Anthoscopus_minutus_MTNR1B_ANTMIN_R05215 (1)
  |    |     ||       ||  ||+Node387 (1)
  |    |     ||       ||  |||    |Erithacus_rubecula_MTNR1B_ERIRUB_R06532 (1)
  |    |     ||       ||  |||   |+Node487 (1)
  |    |     ||       ||  |||   ||Ficedula_albicollis_MTNR1B_101813273 (1)
  |    |     ||       ||  |||  |+Node486 (1)
  |    |     ||       ||  |||  |||Oenanthe_oenanthe_MTNR1B_OENOEN_R08455 (1)
  |    |     ||       ||  |||  ||+Node490 (1)
  |    |     ||       ||  |||  | |Oenanthe_melanoleuca_MTNR1B_130258835 (1)
  |    |     ||       ||  ||| |+Node485 (1)
  |    |     ||       ||  ||| |||Cercotrichas_coryphoeus_MTNR1B_CERCOR_R08584 (1)
  |    |     ||       ||  ||| ||+Node493 (1)
  |    |     ||       ||  ||| | |Copsychus_sechellarum_MTNR1B_COPSEC_R10383 (1)
  |    |     ||       ||  ||||+Node484 (1)
  |    |     ||       ||  ||||||Sterrhoptilus_dennistouni_MTNR1B_STEDEN_R13217 (1)
  |    |     ||       ||  |||||+Node496 (1)
  |    |     ||       ||  |||| |Zosterops_hypoxanthus_MTNR1B_ZOSHYP_R10026 (1)
  |    |     ||       ||  |||+Node483 (1)
  |    |     ||       ||  || ||Polioptila_caerulea_MTNR1B_POLCAE_R09529 (1)
  |    |     ||       ||  || |+Node499 (1)
  |    |     ||       ||  ||  |Oxylabes_madagascariensis_MTNR1B_OXYMAD_R04734 (1)
  |    |     ||       ||  || |Nicator_chloris_MTNR1B_NICCHL_R10743 (1)
  |    |     ||       ||  |||+Node506 (1)
  |    |     ||       ||  ||||Alaudala_cheleensis_MTNR1B_ALACHE_R03865 (1)
  |    |     ||       ||  ||+Node502 (1)
  |    |     ||       ||  | |Aegithalos_caudatus_MTNR1B_AEGCAU_R13956 (1)
  |    |     ||       ||  | |Donacobius_atricapilla_MTNR1B_DONATR_R05163 (1)
  |    |     ||       ||  ||Cettia_cetti_MTNR1B_CETCET_R11050 (1)
  |    |     ||       ||  |+Node551 (1)
  |    |     ||       ||  ||Rhadina_sibilatrix_MTNR1B_RHASIB_R02241 (1)
  |    |     ||       || |+Node383 (1)
  |    |     ||       || ||  |Leiothrix_lutea_MTNR1B_LEILUT_R06777 (1)
  |    |     ||       || || |+Node537 (1)
  |    |     ||       || || ||Illadopsis_cleaveri_MTNR1B_ILLCLE_R13475 (1)
  |    |     ||       || |||+Node536 (1)
  |    |     ||       || ||||Pomatorhinus_ruficollis_MTNR1B_PORRUF_R09328 (1)
  |    |     ||       || ||+Node535 (1)
  |    |     ||       || ||| |Sylvia_atricapilla_MTNR1B_SYLATR_R09233 (1)
  |    |     ||       || ||||+Node542 (1)
  |    |     ||       || |||||Sylvia_borin_MTNR1B_SYLBOR_R04594 (1)
  |    |     ||       || |||+Node541 (1)
  |    |     ||       || || |Sinosuthora_webbiana_MTNR1B_SINWEB_R01568 (1)
  |    |     ||       || || |Cisticola_juncidis_MTNR1B_CISJUN_R07437 (1)
  |    |     ||       || |||+Node547 (1)
  |    |     ||       || ||||Locustella_ochotensis_MTNR1B_LOCOCH_R12134 (1)
  |    |     ||       || ||+Node546 (1)
  |    |     ||       || | |Promerops_cafer_MTNR1B_PROCAF_R02204 (1)
  |    |     ||       || ||Irena_cyanogastra_MTNR1B_IRECYA_R09256 (1)
  |    |     ||       || |+Node558 (1)
  |    |     ||       || |||Chloropsis_hardwickii_MTNR1B_CHLHAR_R10914 (1)
  |    |     ||       || ||+Node560 (1)
  |    |     ||       || | |Chloropsis_cyanopogon_MTNR1B_CHLCYA_R00847 (1)
  |    |     ||       |||+Node382 (1)
  |    |     ||       ||||Sitta_europaea_MTNR1B_SITEUR_R12823 (1)
  |    |     ||       ||||Cinclus_mexicanus_MTNR1B_CINMEX_R12406 (1)
  |    |     ||       ||+Node381 (1)
  |    |     ||       | ||Melanocharis_versteri_MTNR1B_MELVER_R01812 (2)
  |    |     ||       | |+Node564 (1)
  |    |     ||       | ||Drymodes_brunneopygia_MTNR1B_DRYBRU_R05518 (1)
  |    |     ||       | ||Notiomystis_cincta_MTNR1B_NOTCIN_R05581 (1)
  |    |     ||       | |+Node567 (1)
  |    |     ||       |  |Callaeas_wilsoni_MTNR1B_CALWIL_R03285 (1)
  |    |     ||      |+Node318 (1)
  |    |     ||      ||Chaetops_frenatus_MTNR1B_CHAFRE_R13700 (1)
  |    |     ||     |+Node317 (1)
  |    |     ||     |||Pomatostomus_ruficeps_MTNR1B_POSRUF_R08919 (1)
  |    |     ||     ||+Node571 (1)
  |    |     ||     | |   |Dasyornis_broadbenti_MTNR1B_DASBRO_R15008 (1)
  |    |     ||     | |  |+Node576 (1)
  |    |     ||     | |  ||Grantiella_picta_MTNR1B_GRAPIC_R06615 (1)
  |    |     ||     | | |+Node575 (1)
  |    |     ||     | | ||Origma_solitaria_MTNR1B_ORISOL_R10255 (1)
  |    |     ||     | ||+Node574 (1)
  |    |     ||     | |||Pardalotus_punctatus_MTNR1B_PARPUN_R10382 (1)
  |    |     ||     | |+Node573 (1)
  |    |     ||     |  ||Malurus_elegans_MTNR1B_MALELE_R02379 (1)
  |    |     ||     |  |+Node581 (1)
  |    |     ||     |   |Malurus_cyaneus_samueli_MTNR1B_MTNR1B (1)
  |    |     ||    |+Node316 (1)
  |    |     ||    ||Orthonyx_spaldingii_MTNR1B_ORTSPA_R14319 (1)
  |    |     ||   |+Node315 (1)
  |    |     ||   ||Ptilonorhynchus_violaceus_MTNR1B_PTIVIO_R00673 (1)
  |    |     ||  |+Node314 (1)
  |    |     ||  ||Climacteris_rufus_MTNR1B_CLIRUF_R08601 (1)
  |    |     || |+Node313 (1)
  |    |     || |||Menura_novaehollandiae_MTNR1B_MENNOV_R08887 (1)
  |    |     || ||+Node587 (1)
  |    |     || | |Atrichornis_clamosus_MTNR1B_ATRCLA_R00700 (1)
  |    |     |||+Node312 (1)
  |    |     ||||  |Cephalopterus_ornatus_MTNR1B_CEPORN_R06965 (1)
  |    |     |||| |+Node592 (1)
  |    |     |||| ||  |Pipra_filicauda_MTNR1B_114003560 (1)
  |    |     |||| || |+Node601 (1)
  |    |     |||| || ||Lepidothrix_coronata_MTNR1B_108499599 (1)
  |    |     |||| || ||Manacus_candei_MTNR1B_127467550 (1)
  |    |     |||| |||+Node595 (1)
  |    |     |||| |||||Neopelma_chrysocephalum_MTNR1B_113964784 (1)
  |    |     |||| ||||+Node597 (1)
  |    |     |||| |||||Corapipo_altera_MTNR1B_113950069 (1)
  |    |     |||| ||||Chiroxiphia_lanceolata_MTNR1B_116783329 (1)
  |    |     |||| ||+Node594 (1)
  |    |     |||| | |Oxyruncus_cristatus_MTNR1B_OXYCRI_R02777 (1)
  |    |     |||| | | |Piprites_chloris_MTNR1B_PIPCHL_R04172 (1)
  |    |     |||| | ||+Node609 (1)
  |    |     |||| | |||  |Tyrannus_savana_MTNR1B_TYRSAV_R09930 (1)
  |    |     |||| | ||| |+Node614 (1)
  |    |     |||| | ||| |||Pitangus_sulphuratus_MTNR1B_BTVI_42777 (1)
  |    |     |||| | ||| ||+Node616 (1)
  |    |     |||| | ||| | |Myiozetetes_cayanensis_MTNR1B_126649490 (1)
  |    |     |||| | ||||+Node613 (1)
  |    |     |||| | |||||Empidonax_traillii_MTNR1B_114070320 (1)
  |    |     |||| | |||+Node612 (1)
  |    |     |||| | ||||Mionectes_macconnelli_MTNR1B_MIOMAC_R14617 (1)
  |    |     |||| | ||||Neopipo_cinnamomea_MTNR1B_NEOCIN_R09906 (1)
  |    |     |||| | |||+Node621 (1)
  |    |     |||| | || |Tachuris_rubrigastra_MTNR1B_TACRUB_R09013 (1)
  |    |     |||| | |+Node608 (1)
  |    |     |||| |  |Onychorhynchus_coronatus_MTNR1B_ONYCOR_R11553 (1)
  |    |     |||||+Node591 (1)
  |    |     |||||||Grallaria_varia_MTNR1B_GRAVAR_R12802 (1)
  |    |     ||||||+Node625 (1)
  |    |     ||||| |   |Campylorhamphus_procurvoides_MTNR1B_CAMPRO_R02307 (1)
  |    |     ||||| |  |+Node631 (1)
  |    |     ||||| |  ||Xiphorhynchus_elegans_MTNR1B_XIPELE_R05194 (1)
  |    |     ||||| | |+Node630 (1)
  |    |     ||||| | ||Furnarius_figulus_MTNR1B_FURFIG_R04304 (1)
  |    |     ||||| ||+Node629 (1)
  |    |     ||||| |||Sclerurus_mexicanus_MTNR1B_SCLMEX_R09763 (1)
  |    |     ||||| |+Node628 (1)
  |    |     ||||| ||Formicarius_rufipectus_MTNR1B_FORRUF_R09870 (1)
  |    |     ||||| ||Sakesphorus_luctuosus_MTNR1B_SAKLUC_R08662 (1)
  |    |     ||||| |+Node637 (1)
  |    |     |||||  |Willisornis_vidua_MTNR1B_WISP_01921 (1)
  |    |     ||||+Node590 (1)
  |    |     ||| |  |Calyptomena_viridis_MTNR1B_CALVIR_R05258 (1)
  |    |     ||| | |+Node642 (1)
  |    |     ||| | ||Smithornis_capensis_MTNR1B_SMICAP_R03568 (1)
  |    |     ||| ||+Node641 (1)
  |    |     ||| |||Serilophus_lunatus_MTNR1B_SERLUN_R10119 (1)
  |    |     ||| |+Node640 (1)
  |    |     |||  |Sapayoa_aenigma_MTNR1B_SAPAEN_R06463 (1)
  |    |     ||+Node311 (1)
  |    |     | |       |Eubucco_bourcierii_MTNR1B_EUBBOU_R02550 (1)
  |    |     | |      |+Node654 (1)
  |    |     | |      |||Semnornis_frantzii_MTNR1B_SEMFRA_R03277 (1)
  |    |     | |      ||+Node656 (1)
  |    |     | |      | |Ramphastos_sulfuratus_MTNR1B_RAMSUL_R01382 (1)
  |    |     | |     |+Node653 (1)
  |    |     | |     ||Tricholaema_leucomelas_MTNR1B_TRILEU_R01050 (1)
  |    |     | |    |+Node652 (1)
  |    |     | |    ||Psilopogon_haemacephalus_MTNR1B_PSIHAE_R11127 (1)
  |    |     | |   |+Node651 (1)
  |    |     | |   ||Dryobates_pubescens_MTNR1B_104305302 (1)
  |    |     | |  |+Node650 (1)
  |    |     | |  |||Indicator_maculatus_MTNR1B_INDMAC_R06052 (1)
  |    |     | |  ||+Node662 (1)
  |    |     | |  | |Indicator_indicator_MTNR1B_128968066 (1)
  |    |     | | |+Node649 (2)
  |    |     | | |||Bucco_capensis_MTNR1B_BUCCAP_R05673 (1)
  |    |     | | ||+Node665 (2)
  |    |     | | | |Galbula_dea_MTNR1B_GALDEA_R09863 (1)
  |    |     | ||+Node648 (1)
  |    |     | |||Rhinopomastus_cyanomelas_MTNR1B_RHICYA_R04917 (2)
  |    |     | |+Node647 (1)
  |    |     |  |Urocolius_indicus_MTNR1B_UROIND_R08062 (1)
  |    |    |+Node300 (1)
  |    |    |||Fregetta_grallaria_MTNR1B_FREGRA_R02731 (1)
  |    |    ||+Node670 (1)
  |    |    | |Oceanites_oceanicus_MTNR1B_OCEOCE_R11717 (1)
  |    |   |+Node299 (1)
  |    |   || |Pterocles_gutturalis_MTNR1B_104467363 (2)
  |    |   |||+Node674 (1)
  |    |   ||||Pterocles_burchelli_MTNR1B_PTEBUR_R04836 (1)
  |    |   ||+Node673 (1)
  |    |   | |Syrrhaptes_paradoxus_MTNR1B_SYRPAR_R12847 (1)
  |    |  |+Node298 (1)
  |    |  |||Chordeiles_acutipennis_MTNR1B_CHOACU_R06477 (1)
  |    |  ||| |Geococcyx_californianus_MTNR1B_GEOCAL_R02561 (1)
  |    |  ||||+Node683 (1)
  |    |  |||||Trogon_melanurus_MTNR1B_TROMEL_R00484 (1)
  |    |  ||||  |Fulmarus_glacialis_MTNR1B_104071827 (1)
  |    |  |||| |+Node690 (1)
  |    |  |||| ||Ciconia_maguari_MTNR1B_CICMAG_R08326 (1)
  |    |  |||||+Node689 (1)
  |    |  |||||||Sagittarius_serpentarius_MTNR1B_SAGSER_R06596 (1)
  |    |  ||||||+Node693 (1)
  |    |  ||||| | |Brachypteracias_leptosomus_MTNR1B_BRALEP_R11182 (1)
  |    |  ||||| ||+Node696 (1)
  |    |  ||||| |||Eurystomus_gularis_MTNR1B_EURGUL_R14231 (1)
  |    |  ||||| |+Node695 (1)
  |    |  |||||  |Baryphthengus_martii_MTNR1B_BARMAR_R11306 (1)
  |    |  ||||+Node688 (1)
  |    |  |||||  |Nyctibius_bracteatus_MTNR1B_NYCBRA_R12945 (1)
  |    |  ||||| |+Node703 (1)
  |    |  ||||| ||Nyctibius_grandis_MTNR1B_NYCGRA_R13099 (1)
  |    |  ||||||+Node702 (1)
  |    |  |||||||Antrostomus_carolinensis_MTNR1B_104519303 (1)
  |    |  |||||+Node701 (1)
  |    |  |||||| |Corythaeola_cristata_MTNR1B_CORCRI_R12271 (2)
  |    |  |||||||+Node708 (2)
  |    |  ||||||||Corythaixoides_concolor_MTNR1B_CORCON_R13352 (1)
  |    |  ||||||+Node707 (1)
  |    |  ||||| ||Atlantisia_rogersi_MTNR1B_ATLROG_R05284 (1)
  |    |  ||||| |+Node711 (1)
  |    |  |||||  |Zapornia_atra_MTNR1B_ZAPATR_R09377 (1)
  |    |  |||||Phaethon_lepturus_MTNR1B_104620551 (1)
  |    |  |||| |Scopus_umbretta_MTNR1B_SCOUMB_R07336 (1)
  |    |  |||||+Node716 (1)
  |    |  ||||||Mesitornis_unicolor_MTNR1B_104538416 (1)
  |    |  ||||+Node715 (1)
  |    |  |||||Anhinga_rufa_MTNR1B_ANHRUF_R02801 (1)
  |    |  |||+Node681 (1)
  |    |  ||||Pandion_haliaetus_MTNR1B_PANHAL_R06504 (1)
  |    |  ||||Eudyptes_sclateri_MTNR1B_MTNR1B (1)
  |    |  ||||Pelecanus_crispus_MTNR1B_104027724 (2)
  |    |  ||||Eurypyga_helias_MTNR1B_104511074 (1)
  |    |  ||+Node678 (1)
  |    |  | |Nipponia_nippon_MTNR1B_104017384 (2)
  |    |  | |   |Strix_occidentalis_caurina_MTNR1B_MTNR1B (1)
  |    |  | |  |+Node732 (1)
  |    |  | |  ||Ciccaba_nigrolineata_MTNR1B_CICNIG_R10005 (1)
  |    |  | | |+Node731 (1)
  |    |  | | ||Otus_sunia_MTNR1B_MTNR1B (1)
  |    |  | ||+Node730 (1)
  |    |  | |||Glaucidium_brasilianum_MTNR1B_GLABRA_R01006 (1)
  |    |  | |+Node729 (1)
  |    |  | |||Tyto_alba_MTNR1B_104362096 (1)
  |    |  | ||+Node737 (1)
  |    |  | | |Tyto_alba_alba_MTNR1B_MTNR1B_2 (1)
  |    |  | ||Cochlearius_cochlearius_MTNR1B_COCCOC_R00526 (1)
  |    |  | |+Node740 (1)
  |    |  |  |Podilymbus_podiceps_MTNR1B_PODPOD_R05697 (1)
  |    |  |     |Apus_apus_MTNR1B_127385623 (1)
  |    |  |    |+Node158 (1)
  |    |  |    ||Hemiprocne_comata_MTNR1B_HEMCOM_R00847 (1)
  |    |  |   |+Node157 (1)
  |    |  |   |||Calypte_anna_MTNR1B_103534562 (1)
  |    |  |   ||+Node161 (1)
  |    |  |   | |Oreotrochilus_melanogaster_MTNR1B_OREMEL_R12895 (1)
  |    |  |  |+Node156 (1)
  |    |  |  ||Aegotheles_bennettii_MTNR1B_AEGBEN_R13885 (1)
  |    |  | |+Node155 (1)
  |    |  | ||Podargus_strigoides_MTNR1B_PODSTR_R08020 (1)
  |    |  ||+Node145 (1)
  |    |  ||| |Grus_americana_MTNR1B_129214676 (1)
  |    |  ||||+Node148 (1)
  |    |  |||||Aramus_guarauna_MTNR1B_ARAGUA_R06810 (1)
  |    |  |||+Node147 (1)
  |    |  |||||Psophia_crepitans_MTNR1B_PSOCRE_R04301 (1)
  |    |  ||||+Node151 (1)
  |    |  ||| |Heliornis_fulica_MTNR1B_HELFUL_R01094 (1)
  |    |  |||Steatornis_caripensis_MTNR1B_STECAR_R09772 (1)
  |    |  |+Node144 (1)
  |    |  |||Chunga_burmeisteri_MTNR1B_CHUBUR_R03551 (2)
  |    |  ||||Gymnogyps_californianus_MTNR1B_127024216 (1)
  |    |  |||+Node168 (1)
  |    |  ||||  |Falco_biarmicus_MTNR1B_130144704 (1)
  |    |  ||||  |Falco_cherrug_MTNR1B_102058996 (1)
  |    |  |||| |+Node172 (1)
  |    |  |||| ||Falco_peregrinus_MTNR1B_101910504 (1)
  |    |  |||| ||Falco_rusticolus_MTNR1B_119143244 (1)
  |    |  |||||+Node171 (1)
  |    |  |||||||Falco_tinnunculus_MTNR1B_MTNR1B (1)
  |    |  ||||||+Node179 (1)
  |    |  ||||| |Falco_naumanni_MTNR1B_121083468 (1)
  |    |  ||||+Node170 (1)
  |    |  |||||Herpetotheres_cachinnans_MTNR1B_HERCAC_R06577 (1)
  |    |  |||| |Bucorvus_abyssinicus_MTNR1B_BUCABY_R02486 (1)
  |    |  |||||+Node184 (1)
  |    |  ||||||Buceros_rhinoceros_silvestris_MTNR1B_104501473 (1)
  |    |  ||||+Node183 (1)
  |    |  ||| | |Chloroceryle_aenea_MTNR1B_CHLAEN_R09243 (1)
  |    |  ||| ||+Node188 (1)
  |    |  ||| |||Ceyx_cyanopectus_MTNR1B_CEYCYA_R06739 (1)
  |    |  ||| |+Node187 (1)
  |    |  |||  |Halcyon_senegalensis_MTNR1B_HALSEN_R14105 (1)
  |    |  ||+Node166 (1)
  |    |  | |    |Accipiter_gentilis_MTNR1B_126048492 (1)
  |    |  | |   |+Node198 (1)
  |    |  | |   |||Haliaeetus_albicilla_MTNR1B_HALALB_R01016 (1)
  |    |  | |   ||+Node200 (1)
  |    |  | |   | |Haliaeetus_leucocephalus_MTNR1B_104838481 (1)
  |    |  | |  |+Node197 (1)
  |    |  | |  ||Harpia_harpyja_MTNR1B_128153488 (1)
  |    |  | | |+Node196 (1)
  |    |  | | |||Aquila_chrysaetos_chrysaetos_MTNR1B_115353560 (1)
  |    |  | | ||+Node205 (1)
  |    |  | | |||Spizaetus_tyrannus_MTNR1B_SPITYR_R09301 (1)
  |    |  | | ||Circaetus_pectoralis_MTNR1B_CIRPEC_R00790 (1)
  |    |  | ||+Node195 (1)
  |    |  | ||||Ardeotis_kori_MTNR1B_ARDKOR_R08476 (1)
  |    |  | |||+Node209 (2)
  |    |  | || |Lophotis_ruficrista_MTNR1B_LOPRUF_R09847 (1)
  |    |  | |+Node194 (1)
  |    |  | ||    |Amazona_aestiva_MTNR1B_AAES_107064 (1)
  |    |  | ||   |+Node216 (1)
  |    |  | ||   ||Amazona_guildingii_MTNR1B_AMAGUI_R01169 (1)
  |    |  | ||  |+Node215 (1)
  |    |  | ||  |||Melopsittacus_undulatus_MTNR1B_101877508 (1)
  |    |  | ||  ||+Node219 (1)
  |    |  | ||  | |Pezoporus_wallicus_MTNR1B_130606340 (1)
  |    |  | || |+Node214 (1)
  |    |  | || |||Probosciger_aterrimus_MTNR1B_PROATE_R07922 (1)
  |    |  | || ||+Node222 (1)
  |    |  | || | |Eolophus_roseicapilla_MTNR1B_EOLROS_R00926 (1)
  |    |  | |||+Node213 (1)
  |    |  | |||||Nestor_notabilis_MTNR1B_104411137 (1)
  |    |  | ||||+Node225 (1)
  |    |  | ||| |Strigops_habroptila_MTNR1B_115604221 (1)
  |    |  | ||+Node212 (1)
  |    |  | | | |Chionis_minor_MTNR1B_CHIMIN_R12793 (2)
  |    |  | | ||+Node229 (1)
  |    |  | | |||Pluvianellus_socialis_MTNR1B_PLUSOC_R06962 (1)
  |    |  | | |+Node228 (1)
  |    |  | |  |Burhinus_bistriatus_MTNR1B_BURBIS_R10285 (1)
  |    |  | |    |Rynchops_niger_MTNR1B_RYNNIG_R10871 (1)
  |    |  | |   |+Node242 (1)
  |    |  | |   |||Chroicocephalus_maculipennis_MTNR1B_CHRMAC_R10564 (1)
  |    |  | |   ||+Node244 (1)
  |    |  | |   |||Rissa_tridactyla_MTNR1B_128915050 (1)
  |    |  | |   |||Larus_smithsonianus_MTNR1B_LARSMI_R13890 (1)
  |    |  | |   ||Phaetusa_simplex_MTNR1B_PHASIM_R01031 (1)
  |    |  | |  |+Node236 (1)
  |    |  | |  |||Uria_aalge_MTNR1B_URIAAL_R14161 (1)
  |    |  | |  ||+Node238 (1)
  |    |  | |  |||Cepphus_grylle_MTNR1B_CEPGRY_R04289 (1)
  |    |  | |  ||Stercorarius_parasiticus_MTNR1B_STEPAR_R06862 (1)
  |    |  | | |+Node235 (1)
  |    |  | | || |Glareola_pratincola_MTNR1B_GLAPRA_R06677 (1)
  |    |  | | |||+Node252 (1)
  |    |  | | ||||Rhinoptilus_africanus_MTNR1B_RHIAFR_R05227 (2)
  |    |  | | ||+Node251 (1)
  |    |  | | | |Dromas_ardeola_MTNR1B_DROARD_R02575 (1)
  |    |  | ||+Node234 (1)
  |    |  | |||   |Jacana_jacana_MTNR1B_JACJAC_R07732 (1)
  |    |  | |||  |+Node259 (1)
  |    |  | |||  |||Rostratula_benghalensis_MTNR1B_ROSBEN_R08942 (1)
  |    |  | |||  ||+Node261 (1)
  |    |  | |||  | |Nycticryphes_semicollaris_MTNR1B_NYCSEM_R01866 (1)
  |    |  | ||| |+Node258 (1)
  |    |  | ||| |||Thinocorus_orbignyianus_MTNR1B_THIORB_R10965 (1)
  |    |  | ||| ||+Node264 (1)
  |    |  | ||| | |Pedionomus_torquatus_MTNR1B_PEDTOR_R13227 (1)
  |    |  | ||||+Node257 (1)
  |    |  | ||||| |Arenaria_interpres_MTNR1B_AREINT_R00927 (1)
  |    |  | ||||||+Node268 (1)
  |    |  | |||||||Calidris_pugnax_MTNR1B_106897608 (1)
  |    |  | |||||+Node267 (1)
  |    |  | |||| |Limosa_lapponica_baueri_MTNR1B_llap_19763 (1)
  |    |  | |||+Node256 (1)
  |    |  | || |Turnix_velox_MTNR1B_TURVEL_R08681 (1)
  |    |  | |+Node233 (1)
  |    |  |  ||Charadrius_vociferus_MTNR1B_104283038 (2)
  |    |  |  |+Node273 (1)
  |    |  |   ||Himantopus_himantopus_MTNR1B_HIMHIM_R04147 (1)
  |    |  |   |+Node275 (1)
  |    |  |    |Ibidorhyncha_struthersii_MTNR1B_IBISTR_R08413 (1)
  |    | |+Node142 (1)
  |    | || |Aptenodytes_forsteri_MTNR1B_103904761 (1)
  |    | |||+Node281 (1)
  |    | ||||Aptenodytes_patagonicus_MTNR1B_MTNR1B_2 (1)
  |    | ||+Node280 (1)
  |    | ||||Pygoscelis_papua_MTNR1B_KCX85_0012992 (1)
  |    | |||+Node284 (1)
  |    | || ||Eudyptes_chrysocome_MTNR1B_MTNR1B (1)
  |    | || ||Eudyptes_filholi_MTNR1B_MTNR1B (1)
  |    | || |+Node286 (1)
  |    | ||  |Eudyptes_moseleyi_MTNR1B_MTNR1B (1)
  |    | ||  |Eudyptes_pachyrhynchus_MTNR1B_MTNR1B (1)
  |    | || |Pelecanoides_urinatrix_MTNR1B_PELURI_R09688 (1)
  |    | |||+Node294 (1)
  |    | ||||Calonectris_borealis_MTNR1B_CALBOR_R06471 (1)
  |    | ||+Node293 (1)
  |    | | |Oceanodroma_tethys_MTNR1B_HYDTET_R03865 (1)
  |    ||+Node141 (1)
  |    |||Fregata_magnificens_MTNR1B_FREMAG_R09275 (1)
  |    |+Node140 (1)
  |     | |Crotophaga_sulcirostris_MTNR1B_CROSUL_R12004 (1)
  |     ||+Node745 (1)
  |     |||  |Piaya_cayana_MTNR1B_PIACAY_R02150 (1)
  |     ||| |+Node749 (1)
  |     ||| ||Ceuthmochares_aereus_MTNR1B_CEUAER_R00500 (2)
  |     ||||+Node748 (1)
  |     |||||Cuculus_canorus_MTNR1B_104064196 (2)
  |     |||+Node747 (1)
  |     || ||Centropus_unirufus_MTNR1B_CENUNI_R03451 (1)
  |     || |+Node753 (1)
  |     ||  |Centropus_bengalensis_MTNR1B_CENBEN_R00213 (1)
  |     |+Node744 (1)
  |      |Rhynochetos_jubatus_MTNR1B_RHYJUB_R13745 (1)
 |+Node3 (2)
 || |Turdus_rufiventris_MTNR1B_TURU_127601 (2)
 |||+Node758 (2)
 |||| |Aptenodytes_patagonicus_MTNR1B_MTNR1B (1)
 |||||+Node761 (1)
 ||||||Eudyptes_chrysocome_MTNR1B_MTNR1B_2 (1)
 ||||+Node760 (2)
 ||| |Tyto_alba_alba_MTNR1B_MTNR1B (1)
 ||+Node757 (1)
 | |     |Pteropus_giganteus_MTNR1B_120590217 (1)
 | |    |+Node770 (1)
 | |    || |Miniopterus_natalensis_MTNR1B_107532365 (1)
 | |    |||+Node773 (1)
 | |    |||| |Myotis_myotis_MTNR1B_118662708 (1)
 | |    |||||+Node776 (1)
 | |    ||||||Myotis_davidii_MTNR1B_102751740 (1)
 | |    ||||+Node775 (1)
 | |    ||| |Myotis_brandtii_MTNR1B_102260326 (1)
 | |    ||+Node772 (1)
 | |    | |Molossus_molossus_MTNR1B_118627852 (1)
 | |   |+Node769 (1)
 | |   ||     |Otolemur_garnettii_MTNR1B_100957049 (1)
 | |   ||    |+Node786 (1)
 | |   ||    ||Nycticebus_coucang_MTNR1B_128564556 (1)
 | |   ||   |+Node785 (1)
 | |   ||   |||Daubentonia_madagascariensis_MTNR1B_MTNR1B (1)
 | |   ||   ||+Node789 (1)
 | |   ||   | ||Microcebus_murinus_MTNR1B_105857333 (1)
 | |   ||   | |+Node791 (1)
 | |   ||   |  |Propithecus_coquereli_MTNR1B_105820691 (1)
 | |   ||  |+Node784 (1)
 | |   ||  ||  |Mandrillus_leucophaeus_MTNR1B_105550119 (1)
 | |   ||  || |+Node796 (1)
 | |   ||  || |||Macaca_nemestrina_MTNR1B_105484359 (1)
 | |   ||  || ||+Node798 (1)
 | |   ||  || | |Macaca_thibetana_thibetana_MTNR1B_126936291 (1)
 | |   ||  || | |Macaca_thibetana_thibetana_MTNR1B_MTNR1B (1)
 | |   ||  |||+Node795 (1)
 | |   ||  |||||Rhinopithecus_bieti_MTNR1B_108515031 (1)
 | |   ||  ||||+Node803 (1)
 | |   ||  ||| |Rhinopithecus_roxellana_MTNR1B_104657539 (1)
 | |   ||  ||+Node794 (2)
 | |   ||  | |  |Pongo_pygmaeus_MTNR1B_129008229 (1)
 | |   ||  | | |+Node808 (1)
 | |   ||  | | ||Pongo_abelii_MTNR1B_100431297 (1)
 | |   ||  | ||+Node807 (1)
 | |   ||  | ||||Homo_sapiens_MTNR1B_Mel1BR (1)
 | |   ||  | |||+Node811 (1)
 | |   ||  | || |Homo_sapiens_MTNR1B_Mel1BR_2 (1)
 | |   ||  | |+Node806 (1)
 | |   ||  |  ||Nomascus_leucogenys_MTNR1B_101179499 (1)
 | |   ||  |  |+Node814 (1)
 | |   ||  |   |Hylobates_pileatus_MTNR1B_MTNR1B (1)
 | |   || |+Node783 (1)
 | |   || ||Tupaia_chinensis_MTNR1B_102495117 (1)
 | |   |||+Node782 (1)
 | |   ||||    |Ochotona_princeps_MTNR1B_101525904 (1)
 | |   ||||   |+Node822 (1)
 | |   ||||   ||Ochotona_curzoniae_MTNR1B_121154010 (1)
 | |   ||||  |+Node821 (1)
 | |   ||||  ||Oryctolagus_cuniculus_MTNR1B_100353746 (1)
 | |   |||| |+Node820 (1)
 | |   |||| |||Castor_canadensis_MTNR1B_109701771 (2)
 | |   |||| ||+Node826 (1)
 | |   |||| | | |Dipodomys_ordii_MTNR1B_105995145 (1)
 | |   |||| | ||+Node829 (2)
 | |   |||| | |||Dipodomys_spectabilis_MTNR1B_122112335 (2)
 | |   |||| | |+Node828 (1)
 | |   |||| |  |Perognathus_longimembris_pacificus_MTNR1B_125350893 (2)
 | |   |||||+Node819 (1)
 | |   ||||||   |Marmota_monax_MTNR1B_124105260 (1)
 | |   ||||||  |+Node836 (1)
 | |   ||||||  ||Marmota_marmota_marmota_MTNR1B_107145941 (1)
 | |   ||||||  ||Marmota_himalayana_MTNR1B_MTNR1B (1)
 | |   |||||| |+Node835 (1)
 | |   |||||| ||Marmota_flaviventris_MTNR1B_114105026 (1)
 | |   |||||||+Node834 (1)
 | |   |||||||||Sciurus_carolinensis_MTNR1B_124958102 (1)
 | |   ||||||||+Node842 (1)
 | |   ||||||| |Sciurus_vulgaris_MTNR1B_MTNR1B (1)
 | |   ||||||+Node833 (1)
 | |   ||||| |    |Myodes_glareolus_MTNR1B_125400708 (1)
 | |   ||||| |   |+Node849 (1)
 | |   ||||| |   || |Microtus_ochrogaster_MTNR1B_101998842 (1)
 | |   ||||| |   |||+Node852 (1)
 | |   ||||| |   ||||Microtus_oregoni_MTNR1B_121451247 (1)
 | |   ||||| |   ||+Node851 (1)
 | |   ||||| |   | |Microtus_fortis_MTNR1B_126487668 (1)
 | |   ||||| |  |+Node848 (2)
 | |   ||||| |  ||Arvicola_amphibius_MTNR1B_119809269 (2)
 | |   ||||| | |+Node847 (1)
 | |   ||||| | ||  |Peromyscus_eremicus_MTNR1B_131914069 (1)
 | |   ||||| | || |+Node859 (1)
 | |   ||||| | || ||Peromyscus_californicus_insignis_MTNR1B_128119602 (1)
 | |   ||||| | |||+Node858 (1)
 | |   ||||| | ||||Peromyscus_maniculatus_bairdii_MTNR1B_102920355 (2)
 | |   ||||| | ||+Node857 (1)
 | |   ||||| | | |Onychomys_torridus_MTNR1B_118586699 (1)
 | |   ||||| ||+Node846 (2)
 | |   ||||| |||      |Mus_caroli_MTNR1B_110302494 (1)
 | |   ||||| |||     |+Node870 (1)
 | |   ||||| |||     ||  |Mus_musculus_MTNR1B_244701 (1)
 | |   ||||| |||     || |+Node874 (1)
 | |   ||||| |||     || ||Mus_musculus_MTNR1B_MTNR1B (1)
 | |   ||||| |||     |||+Node873 (1)
 | |   ||||| |||     ||||Mus_musculus_domesticus_MTNR1B_MTNR1B (1)
 | |   ||||| |||     ||+Node872 (1)
 | |   ||||| |||     | ||Mus_musculus_castaneus_MTNR1B_MTNR1B (1)
 | |   ||||| |||     | |+Node878 (1)
 | |   ||||| |||     |  ||Mus_musculus_musculus_MTNR1B_MTNR1B (1)
 | |   ||||| |||     |  |+Node880 (1)
 | |   ||||| |||     |   |Mus_musculus_molossinus_MTNR1B_MTNR1B (1)
 | |   ||||| |||    |+Node869 (1)
 | |   ||||| |||    ||Mus_pahari_MTNR1B_110328523 (1)
 | |   ||||| |||   |+Node868 (2)
 | |   ||||| |||   ||Mus_minutoides_MTNR1B_MTNR1B (1)
 | |   ||||| |||  |+Node867 (1)
 | |   ||||| |||  ||Apodemus_sylvaticus_MTNR1B_127690181 (1)
 | |   ||||| ||| |+Node866 (1)
 | |   ||||| ||| ||Arvicanthis_niloticus_MTNR1B_117699934 (1)
 | |   ||||| ||||+Node865 (1)
 | |   ||||| ||||| |Rattus_norvegicus_MTNR1B_Mel1BR (1)
 | |   ||||| ||||||+Node888 (1)
 | |   ||||| |||||||Rattus_norvegicus_MTNR1B_Mel1BR_2 (1)
 | |   ||||| |||||+Node887 (2)
 | |   ||||| |||| |Rattus_rattus_MTNR1B_116908057 (1)
 | |   ||||| |||+Node864 (1)
 | |   ||||| || ||Meriones_unguiculatus_MTNR1B_110547530 (1)
 | |   ||||| || |+Node892 (1)
 | |   ||||| ||  ||Acomys_cahirinus_MTNR1B_MTNR1B (1)
 | |   ||||| ||  |+Node894 (1)
 | |   ||||| ||   |Acomys_dimidiatus_MTNR1B_MTNR1B (1)
 | |   ||||| |+Node845 (1)
 | |   |||||  |Jaculus_jaculus_MTNR1B_101615359 (1)
 | |   ||||+Node818 (1)
 | |   ||| |   |Cavia_porcellus_MTNR1B_100724092 (1)
 | |   ||| |  |+Node901 (1)
 | |   ||| |  ||Cavia_tschudii_MTNR1B_MTNR1B (1)
 | |   ||| | |+Node900 (1)
 | |   ||| | ||Hydrochoerus_hydrochaeris_MTNR1B_MTNR1B (1)
 | |   ||| ||+Node899 (1)
 | |   ||| |||Chinchilla_lanigera_MTNR1B_102006023 (2)
 | |   ||| |+Node898 (1)
 | |   |||  |Fukomys_damarensis_MTNR1B_104868770 (1)
 | |   ||+Node781 (1)
 | |   | |Elephas_maximus_indicus_MTNR1B_126078900 (1)
 | |  |+Node768 (1)
 | |  ||  |Crocuta_crocuta_MTNR1B_MTNR1B (1)
 | |  || |+Node910 (1)
 | |  || || |Lynx_canadensis_MTNR1B_115525595 (1)
 | |  || |||+Node920 (1)
 | |  || ||||Felis_catus_MTNR1B_101083701 (1)
 | |  || |||||Prionailurus_viverrinus_MTNR1B_125177173 (1)
 | |  || ||||+Node923 (1)
 | |  || ||| |Felis_catus_x_Prionailurus_bengalensis_MTNR1B_MTNR1B (1)
 | |  || ||+Node912 (1)
 | |  || | ||Panthera_pardus_MTNR1B_109267343 (1)
 | |  || | |+Node914 (1)
 | |  || | ||Panthera_uncia_MTNR1B_125938333 (1)
 | |  || | ||Panthera_leo_MTNR1B_122200340 (1)
 | |  || | |Felis_catus_x_Leopardus_geoffroyi_MTNR1B_MTNR1B (1)
 | |  |||+Node909 (1)
 | |  |||||Canis_lupus_MTNR1B_MTNR1B (1)
 | |  ||||+Node927 (1)
 | |  ||| |Canis_lupus_familiaris_MTNR1B_MTNR1B (3)
 | |  ||+Node908 (1)
 | |  | | |Martes_zibellina_MTNR1B_MTNR1B (1)
 | |  | ||+Node931 (1)
 | |  | |||Mustela_putorius_MTNR1B_MTNR1B (2)
 | |  | |+Node930 (1)
 | |  |  ||Callorhinus_ursinus_MTNR1B_112840514 (1)
 | |  |  |+Node934 (1)
 | |  |   |Zalophus_californianus_MTNR1B_113913700 (1)
 | | |+Node767 (1)
 | | || |Equus_quagga_MTNR1B_124225175 (1)
 | | |||+Node938 (1)
 | | ||||Equus_przewalskii_MTNR1B_103548037 (1)
 | | ||+Node937 (1)
 | | | ||Diceros_bicornis_minor_MTNR1B_131408988 (1)
 | | | |+Node941 (1)
 | | |  |Ceratotherium_simum_cottoni_MTNR1B_MTNR1B (1)
 | ||+Node766 (2)
 | |||    |Hippopotamus_amphibius_MTNR1B_MTNR1B (1)
 | |||   |+Node948 (1)
 | |||   ||Hippopotamus_amphibius_kiboko_MTNR1B_130829040 (1)
 | |||  |+Node947 (1)
 | |||  || |Odocoileus_virginianus_texanus_MTNR1B_110127734 (1)
 | |||  |||+Node952 (1)
 | |||  |||||Cervus_elaphus_MTNR1B_122705797 (1)
 | |||  |||||Cervus_hanglu_yarkandensis_MTNR1B_MTNR1B (1)
 | |||  ||||+Node954 (1)
 | |||  ||| |Cervus_elaphus_hippelaphus_MTNR1B_Celaphus_00013623 (1)
 | |||  ||| |Cervus_canadensis_MTNR1B_122431260 (1)
 | |||  ||+Node951 (2)
 | |||  | |  |Tragelaphus_strepsiceros_MTNR1B_MTNR1B (1)
 | |||  | | |+Node963 (1)
 | |||  | | || |Bos_mutus_MTNR1B_102277187 (1)
 | |||  | | |||+Node966 (1)
 | |||  | | |||||Bos_taurus_MTNR1B_MTNR1B (1)
 | |||  | | |||||Bos_gaurus_MTNR1B_MTNR1B (1)
 | |||  | | ||||+Node968 (1)
 | |||  | | ||| |Bos_indicus_x_Bos_taurus_MTNR1B_113886091 (1)
 | |||  | | ||| |Bison_bison_bison_MTNR1B_104999620 (1)
 | |||  | | ||+Node965 (1)
 | |||  | | | ||Bubalus_bubalis_MTNR1B_102409257 (1)
 | |||  | | | |+Node975 (1)
 | |||  | | |  |Bubalus_kerabau_MTNR1B_129653860 (1)
 | |||  | ||+Node962 (1)
 | |||  | |||Capra_hircus_MTNR1B_102176302 (1)
 | |||  | |+Node961 (1)
 | |||  |  |Moschus_berezovskii_MTNR1B_129542121 (1)
 | ||| |+Node946 (1)
 | ||| ||Phocoena_sinus_MTNR1B_MTNR1B (1)
 | ||||+Node945 (1)
 | |||||Sus_scrofa_MTNR1B_100511397 (1)
 | |||+Node944 (1)
 | || | |Camelus_dromedarius_MTNR1B_105094616 (1)
 | || ||+Node983 (1)
 | || |||Camelus_bactrianus_MTNR1B_105083508 (1)
 | || |||Camelus_ferus_MTNR1B_102518364 (1)
 | || |+Node982 (1)
 | ||  |Vicugna_pacos_huacaya_MTNR1B_MTNR1B (1)
 | |+Node765 (1)
 |  |  |Monodelphis_domestica_MTNR1B_100015466 (1)
 |  | |+Node991 (1)
 |  | ||Gracilinanus_agilis_MTNR1B_123241323 (2)
 |  ||+Node990 (1)
 |  |||Dromiciops_gliroides_MTNR1B_122747863 (1)
 |  |+Node989 (2)
 |   |Trichosurus_vulpecula_MTNR1B_118835450 (1)
|+Node2 (1)
|| |Gekko_japonicus_MTNR1B_107114658 (1)
|||+Node997 (1)
||||Euleptes_europaea_MTNR1B_130484977 (2)
||+Node996 (1)
| |Eublepharis_macularius_MTNR1B_129326075 (1)
|   |Sceloporus_undulatus_MTNR1B_121926302 (2)
|  |+Node1004 (1)
|  ||Anolis_carolinensis_MTNR1B_100560838 (1)
| |+Node1003 (1)
| ||Pogona_vitticeps_MTNR1B_110091096 (2)
||+Node1002 (2)
||| |Zootoca_vivipara_MTNR1B_118085260 (2)
||||+Node1009 (1)
||||| |Podarcis_muralis_MTNR1B_114595621 (1)
||||||+Node1012 (1)
|||||||Podarcis_raffonei_MTNR1B_128412541 (1)
|||||+Node1011 (1)
|||| |Lacerta_agilis_MTNR1B_117045238 (1)
|||+Node1008 (1)
|| |Varanus_komodoensis_MTNR1B_123029361 (2)
|+Node1001 (1)
||  |Pantherophis_guttatus_MTNR1B_117660437 (1)
|| |+Node1019 (1)
|| ||Pantherophis_guttatus_MTNR1B_MTNR1B (1)
|||+Node1018 (1)
|||||Naja_naja_MTNR1B_MTNR1B (2)
||||+Node1022 (1)
||| |Pseudonaja_textilis_MTNR1B_113440456 (2)
||+Node1017 (2)
| ||Thamnophis_elegans_MTNR1B_116510552 (1)
| |+Node1025 (1)
|  |Thamnophis_sirtalis_MTNR1B_106545428 (1)
|Hemicordylus_capensis_MTNR1B_128350275 (1)
```


### Improving parameter estimates of the adaptive rate class model
* Log(L) = -73700.64, AIC-c = 151518.51 (2056 estimated parameters)

### Testing selected branches for selection

|              Branch               |  Rates   |     Max. dN/dS     | Sites @ EBF>=100 |      Test LRT      |Uncorrected p-value |
|-----------------------------------|----------|--------------------|------------------|--------------------|--------------------|
|              Node760              |     2    |   21.09 ( 7.73%)   |          6       |        8.08        |       0.00617      |
|Turdus_rufiventris_MTNR1B_TURU_1...|     2    |    0.99 (13.90%)   |       N/A        |        0.00        |       1.00000      |
|              Node758              |     2    |   >1000 (14.75%)   |         10       |       16.48        |       0.00009      |
|              Node766              |     2    |   32.24 ( 3.63%)   |          3       |        0.34        |       0.36470      |
|Spea_bombifrons_MTNR1B_128474251...|     2    |    2.63 ( 2.28%)   |          2       |        0.79        |       0.27698      |
|Bombina_bombina_MTNR1B_128654617...|     3    |  791.86 ( 2.01%)   |          4       |        3.26        |       0.07308      |
|              Node757              |     1    |   0.10 (100.00%)   |       N/A        |        0.00        |       1.00000      |
|             Node1017              |     2    |    6.02 ( 1.47%)   |          2       |        0.55        |       0.31939      |
|              Node11               |     2    |    1.46 ( 7.29%)   |         11       |        0.11        |       0.43365      |
|              Node29               |     1    |   0.04 (100.00%)   |       N/A        |        0.00        |       1.00000      |
|Jaculus_jaculus_MTNR1B_101615359...|     1    |   0.13 (100.00%)   |       N/A        |        0.00        |       1.00000      |
|              Node989              |     2    |   >1000 ( 3.02%)   |          1       |        2.63        |       0.10172      |
|Leptobrachium_leishanense_MTNR1B...|     1    |   0.04 (100.00%)   |       N/A        |        0.00        |       1.00000      |
|Pogona_vitticeps_MTNR1B_11009109...|     2    |   25.39 ( 1.65%)   |          4       |        7.05        |       0.01043      |
|Perognathus_longimembris_pacific...|     2    |   26.52 ( 1.42%)   |          2       |        4.08        |       0.04774      |
|              Node894              |     1    |   0.94 (100.00%)   |       N/A        |        0.00        |       1.00000      |
|Castor_canadensis_MTNR1B_1097017...|     2    |   >1000 ( 4.40%)   |          5       |        8.67        |       0.00458      |
|              Node19               |     1    |   0.05 (100.00%)   |       N/A        |        0.00        |       1.00000      |
|              Node846              |     2    |  126.16 ( 0.95%)   |          2       |        6.99        |       0.01076      |
|Elephas_maximus_indicus_MTNR1B_1...|     1    |   0.42 (100.00%)   |       N/A        |        0.00        |       1.00000      |
|Tupaia_chinensis_MTNR1B_10249511...|     1    |   0.23 (100.00%)   |       N/A        |        0.00        |       1.00000      |
|Hemicordylus_capensis_MTNR1B_128...|     1    |   0.04 (100.00%)   |       N/A        |        0.00        |       1.00000      |
|              Node828              |     1    |   0.22 (100.00%)   |       N/A        |        0.00        |       1.00000      |
|Euleptes_europaea_MTNR1B_1304849...|     2    |   50.98 ( 4.03%)   |          9       |       16.54        |       0.00009      |
|               Node5               |     2    |   40.75 ( 1.85%)   |          2       |        1.59        |       0.17671      |
|              Node951              |     2    |    2.44 (10.50%)   |          3       |        0.25        |       0.38825      |
|Varanus_komodoensis_MTNR1B_12302...|     2    |  111.01 ( 2.38%)   |          5       |        3.92        |       0.05176      |
|    Sus_scrofa_MTNR1B_100511397    |     1    |   0.44 (100.00%)   |       N/A        |        0.00        |       1.00000      |
|Sceloporus_undulatus_MTNR1B_1219...|     2    |   >1000 ( 2.57%)   |          5       |       10.89        |       0.00149      |
|              Node26               |     1    |   0.03 (100.00%)   |       N/A        |        0.00        |       1.00000      |
|              Node898              |     1    |   0.28 (100.00%)   |       N/A        |        0.00        |       1.00000      |
|Gekko_japonicus_MTNR1B_107114658...|     1    |   0.11 (100.00%)   |       N/A        |        0.00        |       1.00000      |
|              Node848              |     2    |   >1000 ( 0.62%)   |          2       |        2.06        |       0.13731      |
|              Node18               |     1    |   0.02 (100.00%)   |       N/A        |        0.00        |       1.00000      |
|               Node8               |     2    |    2.29 ( 6.44%)   |          1       |        0.45        |       0.34009      |
|              Node63               |     2    |   >1000 ( 0.74%)   |          1       |        5.69        |       0.02086      |
|   Phocoena_sinus_MTNR1B_MTNR1B    |     1    |   0.84 (100.00%)   |       N/A        |        0.00        |       1.00000      |
|               Node4               |     2    |    6.03 ( 0.40%)   |          1       |        1.45        |       0.19132      |
|             Node1009              |     1    |   0.13 (100.00%)   |       N/A        |        0.00        |       1.00000      |
|Miniopterus_natalensis_MTNR1B_10...|     1    |   0.55 (100.00%)   |       N/A        |        0.00        |       1.00000      |
|Fukomys_damarensis_MTNR1B_104868...|     1    |   0.34 (100.00%)   |       N/A        |        0.00        |       1.00000      |
|Eublepharis_macularius_MTNR1B_12...|     1    |   0.13 (100.00%)   |       N/A        |        0.00        |       1.00000      |
|Rhinopomastus_cyanomelas_MTNR1B_...|     2    |    2.03 ( 6.13%)   |         11       |        0.79        |       0.27722      |
|Molossus_molossus_MTNR1B_1186278...|     1    |   0.46 (100.00%)   |       N/A        |        0.00        |       1.00000      |
|   Tyto_alba_alba_MTNR1B_MTNR1B    |     1    |   0.08 (100.00%)   |       N/A        |        0.00        |       1.00000      |
|              Node822              |     1    |   0.18 (100.00%)   |       N/A        |        0.00        |       1.00000      |
|Galbula_dea_MTNR1B_GALDEA_R09863...|     1    |   0.02 (100.00%)   |       N/A        |        0.00        |       1.00000      |
|Rhinatrema_bivittatum_MTNR1B_115...|     2    |    1.95 (15.79%)   |         15       |        0.65        |       0.29992      |
|              Node934              |     1    |   0.42 (100.00%)   |       N/A        |        0.00        |       1.00000      |
|Anolis_carolinensis_MTNR1B_10056...|     1    |   0.16 (100.00%)   |       N/A        |        0.00        |       1.00000      |
|Pteropus_giganteus_MTNR1B_120590...|     1    |   0.39 (100.00%)   |       N/A        |        0.00        |       1.00000      |
|              Node821              |     1    |   0.26 (100.00%)   |       N/A        |        0.00        |       1.00000      |
|              Node14               |     1    |   0.04 (100.00%)   |       N/A        |        0.00        |       1.00000      |
|              Node927              |     1    |   0.41 (100.00%)   |       N/A        |        0.00        |       1.00000      |
|Chinchilla_lanigera_MTNR1B_10200...|     2    |    3.51 ( 8.55%)   |         12       |        3.43        |       0.06662      |
|              Node23               |     1    |   0.15 (100.00%)   |       N/A        |        0.00        |       1.00000      |
|Geotrypetes_seraphini_MTNR1B_117...|     1    |   0.22 (100.00%)   |       N/A        |        0.00        |       1.00000      |
|Meriones_unguiculatus_MTNR1B_110...|     1    |   0.22 (100.00%)   |       N/A        |        0.00        |       1.00000      |
|              Node834              |     1    |   0.11 (100.00%)   |       N/A        |        0.00        |       1.00000      |
|Microcebus_murinus_MTNR1B_105857...|     1    |   0.34 (100.00%)   |       N/A        |        0.00        |       1.00000      |
|Dromiciops_gliroides_MTNR1B_1227...|     1    |   0.19 (100.00%)   |       N/A        |        0.00        |       1.00000      |
|              Node991              |     1    |   0.24 (100.00%)   |       N/A        |        0.00        |       1.00000      |
|  Mustela_putorius_MTNR1B_MTNR1B   |     2    |   >1000 ( 1.69%)   |          4       |       23.37        |       0.00000      |
|              Node20               |     2    |    2.22 (11.77%)   |         13       |        0.74        |       0.28533      |
|Microcaecilia_unicolor_MTNR1B_11...|     2    |    2.92 ( 8.04%)   |         10       |        1.41        |       0.19549      |
|              Node829              |     2    |   49.83 ( 2.30%)   |          3       |        5.81        |       0.01962      |
|              Node901              |     1    |   0.25 (100.00%)   |       N/A        |        0.00        |       1.00000      |
|              Node70               |     1    |   0.07 (100.00%)   |       N/A        |        0.00        |       1.00000      |
|   Crocuta_crocuta_MTNR1B_MTNR1B   |     1    |   0.41 (100.00%)   |       N/A        |        0.00        |       1.00000      |
|Trichosurus_vulpecula_MTNR1B_118...|     1    |   0.16 (100.00%)   |       N/A        |        0.00        |       1.00000      |
|              Node887              |     2    |    1.75 (15.84%)   |         15       |        0.41        |       0.34872      |
|              Node938              |     1    |   0.23 (100.00%)   |       N/A        |        0.00        |       1.00000      |
|Steatornis_caripensis_MTNR1B_STE...|     1    |   0.37 (100.00%)   |       N/A        |        0.00        |       1.00000      |
|              Node996              |     1    |   0.19 (100.00%)   |       N/A        |        0.00        |       1.00000      |
|Apodemus_sylvaticus_MTNR1B_12769...|     1    |   0.36 (100.00%)   |       N/A        |        0.00        |       1.00000      |
|             Node1022              |     1    |   0.10 (100.00%)   |       N/A        |        0.00        |       1.00000      |
|              Node982              |     1    |   0.39 (100.00%)   |       N/A        |        0.00        |       1.00000      |
|              Node786              |     1    |   0.29 (100.00%)   |       N/A        |        0.00        |       1.00000      |
|Nycticebus_coucang_MTNR1B_128564...|     1    |   0.21 (100.00%)   |       N/A        |        0.00        |       1.00000      |
|              Node794              |     2    |    6.94 ( 2.72%)   |          2       |        1.02        |       0.24279      |
|              Node912              |     1    |   0.31 (100.00%)   |       N/A        |        0.00        |       1.00000      |
|             Node1004              |     1    |   0.06 (100.00%)   |       N/A        |        0.00        |       1.00000      |
|Bucco_capensis_MTNR1B_BUCCAP_R05...|     1    |   0.08 (100.00%)   |       N/A        |        0.00        |       1.00000      |
|              Node900              |     1    |   0.41 (100.00%)   |       N/A        |        0.00        |       1.00000      |
|              Node845              |     1    |   0.21 (100.00%)   |       N/A        |        0.00        |       1.00000      |
|               Node6               |     1    |   0.20 (100.00%)   |       N/A        |        0.00        |       1.00000      |
|Oryctolagus_cuniculus_MTNR1B_100...|     1    |   0.23 (100.00%)   |       N/A        |        0.00        |       1.00000      |
|Dryobates_pubescens_MTNR1B_10430...|     1    |   0.02 (100.00%)   |       N/A        |        0.00        |       1.00000      |
|Rana_temporaria_MTNR1B_120928981...|     1    |   0.19 (100.00%)   |       N/A        |        0.00        |       1.00000      |
|  Xenopus_laevis_MTNR1B_108710014  |     1    |   0.10 (100.00%)   |       N/A        |        0.00        |       1.00000      |
|Arvicola_amphibius_MTNR1B_119809...|     2    |  518.58 ( 0.54%)   |          2       |        3.05        |       0.08137      |
|              Node931              |     1    |   0.51 (100.00%)   |       N/A        |        0.00        |       1.00000      |
|              Node765              |     1    |  >1000 (100.00%)   |       N/A        |        1.38        |       0.19894      |
|              Node161              |     1    |   0.16 (100.00%)   |       N/A        |        0.00        |       1.00000      |
|Arvicanthis_niloticus_MTNR1B_117...|     1    |   0.27 (100.00%)   |       N/A        |        0.00        |       1.00000      |
|              Node835              |     1    |   0.32 (100.00%)   |       N/A        |        0.00        |       1.00000      |
|Coturnix_japonica_MTNR1B_1073084...|     1    |   0.06 (100.00%)   |       N/A        |        0.00        |       1.00000      |
|Daubentonia_madagascariensis_MTN...|     1    |   0.20 (100.00%)   |       N/A        |        0.00        |       1.00000      |
|Propithecus_coquereli_MTNR1B_105...|     1    |   0.52 (100.00%)   |       N/A        |        0.00        |       1.00000      |
|Elachura_formosa_MTNR1B_ELAFOR_R...|     1    |   0.03 (100.00%)   |       N/A        |        0.00        |       1.00000      |
|              Node930              |     1    |   0.87 (100.00%)   |       N/A        |        0.00        |       1.00000      |
|Turnix_velox_MTNR1B_TURVEL_R0868...|     1    |   0.09 (100.00%)   |       N/A        |        0.00        |       1.00000      |
|              Node944              |     1    |   0.32 (100.00%)   |       N/A        |        0.00        |       1.00000      |
|              Node654              |     1    |   0.01 (100.00%)   |       N/A        |        0.00        |       1.00000      |
|Myodes_glareolus_MTNR1B_12540070...|     1    |   0.74 (100.00%)   |       N/A        |        0.00        |       1.00000      |
|               Node3               |     2    |    5.49 ( 3.49%)   |          5       |       -0.12        |       0.50000      |
|              Node908              |     1    |   0.27 (100.00%)   |       N/A        |        0.00        |       1.00000      |
|Hydrochoerus_hydrochaeris_MTNR1B...|     1    |   0.49 (100.00%)   |       N/A        |        0.00        |       1.00000      |
|  Martes_zibellina_MTNR1B_MTNR1B   |     1    |   0.68 (100.00%)   |       N/A        |        0.00        |       1.00000      |
|              Node941              |     1    |   0.52 (100.00%)   |       N/A        |        0.00        |       1.00000      |
|Aegotheles_bennettii_MTNR1B_AEGB...|     1    |   0.11 (100.00%)   |       N/A        |        0.00        |       1.00000      |
|    Mus_pahari_MTNR1B_110328523    |     1    |   0.28 (100.00%)   |       N/A        |        0.00        |       1.00000      |
|              Node842              |     1    |   0.23 (100.00%)   |       N/A        |        0.00        |       1.00000      |
|Trogon_melanurus_MTNR1B_TROMEL_R...|     1    |   0.06 (100.00%)   |       N/A        |        0.00        |       1.00000      |
|Gracilinanus_agilis_MTNR1B_12324...|     2    |   29.63 ( 1.96%)   |          4       |        6.77        |       0.01205      |
|Otolemur_garnettii_MTNR1B_100957...|     1    |   0.22 (100.00%)   |       N/A        |        0.00        |       1.00000      |
|    Apus_apus_MTNR1B_127385623     |     1    |   0.09 (100.00%)   |       N/A        |        0.00        |       1.00000      |
|Urocolius_indicus_MTNR1B_UROIND_...|     1    |   0.07 (100.00%)   |       N/A        |        0.00        |       1.00000      |
|              Node772              |     1    |   0.36 (100.00%)   |       N/A        |        0.00        |       1.00000      |
|              Node948              |     1    |   0.32 (100.00%)   |       N/A        |        0.00        |       1.00000      |
|Podargus_strigoides_MTNR1B_PODST...|     1    |   0.14 (100.00%)   |       N/A        |        0.00        |       1.00000      |
|              Node997              |     1    |   0.08 (100.00%)   |       N/A        |        0.00        |       1.00000      |
|              Node865              |     1    |   0.24 (100.00%)   |       N/A        |        0.00        |       1.00000      |
|              Node775              |     1    |   0.65 (100.00%)   |       N/A        |        0.00        |       1.00000      |
|Tricholaema_leucomelas_MTNR1B_TR...|     1    |   0.12 (100.00%)   |       N/A        |        0.00        |       1.00000      |
|             Node1008              |     1    |   0.07 (100.00%)   |       N/A        |        0.00        |       1.00000      |
|Pelodiscus_sinensis_MTNR1B_10244...|     1    |   0.02 (100.00%)   |       N/A        |        0.00        |       1.00000      |
|Baryphthengus_martii_MTNR1B_BARM...|     1    |   0.09 (100.00%)   |       N/A        |        0.00        |       1.00000      |
|Notiomystis_cincta_MTNR1B_NOTCIN...|     1    |   0.04 (100.00%)   |       N/A        |        0.00        |       1.00000      |
|Peucedramus_taeniatus_MTNR1B_PEU...|     2    |   71.35 ( 1.51%)   |          3       |        8.94        |       0.00399      |
|Pseudonaja_textilis_MTNR1B_11344...|     2    |    8.21 ( 7.29%)   |         12       |        5.44        |       0.02373      |
|Moschus_berezovskii_MTNR1B_12954...|     1    |   0.38 (100.00%)   |       N/A        |        0.00        |       1.00000      |
|             Node1019              |     1    |   0.09 (100.00%)   |       N/A        |        0.00        |       1.00000      |
|Alectura_lathami_MTNR1B_ALELAT_R...|     1    |   0.10 (100.00%)   |       N/A        |        0.00        |       1.00000      |
|Nanorana_parkeri_MTNR1B_10878877...|     1    |   0.17 (100.00%)   |       N/A        |        0.00        |       1.00000      |
|              Node737              |     1    |   0.19 (100.00%)   |       N/A        |        0.00        |       1.00000      |
|               Node2               |     1    |   0.06 (100.00%)   |       N/A        |        0.00        |       1.00000      |
|Zootoca_vivipara_MTNR1B_11808526...|     2    |    5.60 ( 3.28%)   |          6       |        1.58        |       0.17818      |
|Onychomys_torridus_MTNR1B_118586...|     1    |   0.56 (100.00%)   |       N/A        |        0.00        |       1.00000      |
|   Mus_minutoides_MTNR1B_MTNR1B    |     1    |   0.56 (100.00%)   |       N/A        |        0.00        |       1.00000      |
|  Xenopus_laevis_MTNR1B_108708755  |     1    |   0.20 (100.00%)   |       N/A        |        0.00        |       1.00000      |
|              Node184              |     1    |   0.00 (100.00%)   |       N/A        |        0.00        |       1.00000      |
|              Node785              |     1    |   0.32 (100.00%)   |       N/A        |        0.00        |       1.00000      |
|Geococcyx_californianus_MTNR1B_G...|     1    |   0.14 (100.00%)   |       N/A        |        0.00        |       1.00000      |
|Drymodes_brunneopygia_MTNR1B_DRY...|     1    |   0.00 (100.00%)   |       N/A        |        0.00        |       1.00000      |
|  Eudyptes_sclateri_MTNR1B_MTNR1B  |     1    |   0.07 (100.00%)   |       N/A        |        0.00        |       1.00000      |
|              Node708              |     2    |   54.88 ( 1.19%)   |          2       |        5.31        |       0.02534      |
|Penelope_pileata_MTNR1B_PENPIL_R...|     1    |   0.09 (100.00%)   |       N/A        |        0.00        |       1.00000      |
|Anseranas_semipalmata_MTNR1B_ANS...|     1    |   0.25 (100.00%)   |       N/A        |        0.00        |       1.00000      |
|Monodelphis_domestica_MTNR1B_100...|     1    |   0.55 (100.00%)   |       N/A        |        0.00        |       1.00000      |
|Mesitornis_unicolor_MTNR1B_10453...|     1    |   0.10 (100.00%)   |       N/A        |        0.00        |       1.00000      |
|Thinocorus_orbignyianus_MTNR1B_T...|     1    |   0.17 (100.00%)   |       N/A        |        0.00        |       1.00000      |
|Heliornis_fulica_MTNR1B_HELFUL_R...|     1    |   0.03 (100.00%)   |       N/A        |        0.00        |       1.00000      |
|Horornis_vulcanius_MTNR1B_HORVUL...|     1    |   0.04 (100.00%)   |       N/A        |        0.00        |       1.00000      |
|              Node581              |     1    |   0.04 (100.00%)   |       N/A        |        0.00        |       1.00000      |
|              Node791              |     1    |   0.38 (100.00%)   |       N/A        |        0.00        |       1.00000      |
|Tragelaphus_strepsiceros_MTNR1B_...|     1    |   0.39 (100.00%)   |       N/A        |        0.00        |       1.00000      |
|Rhynochetos_jubatus_MTNR1B_RHYJU...|     1    |   0.12 (100.00%)   |       N/A        |        0.00        |       1.00000      |
|Irena_cyanogastra_MTNR1B_IRECYA_...|     1    |   0.15 (100.00%)   |       N/A        |        0.00        |       1.00000      |
|Regulus_satrapa_MTNR1B_REGSAT_R1...|     1    |   0.09 (100.00%)   |       N/A        |        0.00        |       1.00000      |
|Chloroceryle_aenea_MTNR1B_CHLAEN...|     1    |   0.08 (100.00%)   |       N/A        |        0.00        |       1.00000      |
|Cisticola_juncidis_MTNR1B_CISJUN...|     1    |   0.07 (100.00%)   |       N/A        |        0.00        |       1.00000      |
|Scopus_umbretta_MTNR1B_SCOUMB_R0...|     1    |   0.02 (100.00%)   |       N/A        |        0.00        |       1.00000      |
|             Node1025              |     1    |   0.65 (100.00%)   |       N/A        |        0.00        |       1.00000      |
|              Node302              |     1    |   0.20 (100.00%)   |       N/A        |        0.00        |       1.00000      |
|              Node847              |     1    |   0.06 (100.00%)   |       N/A        |        0.00        |       1.00000      |
|Cinclus_mexicanus_MTNR1B_CINMEX_...|     1    |   0.02 (100.00%)   |       N/A        |        0.00        |       1.00000      |
|              Node868              |     2    |  381.12 ( 0.72%)   |          2       |        7.07        |       0.01033      |
|Chunga_burmeisteri_MTNR1B_CHUBUR...|     2    |  126.04 ( 0.49%)   |          2       |        9.15        |       0.00360      |
|              Node92               |     1    |   0.49 (100.00%)   |       N/A        |        0.00        |       1.00000      |
|Pandion_haliaetus_MTNR1B_PANHAL_...|     1    |   0.09 (100.00%)   |       N/A        |        0.00        |       1.00000      |
|Crotophaga_sulcirostris_MTNR1B_C...|     1    |   0.07 (100.00%)   |       N/A        |        0.00        |       1.00000      |
|Pedionomus_torquatus_MTNR1B_PEDT...|     1    |   0.07 (100.00%)   |       N/A        |        0.00        |       1.00000      |
|Charadrius_vociferus_MTNR1B_1042...|     2    |    8.49 ( 2.04%)   |          4       |        2.32        |       0.11936      |
|              Node32               |     1    |   0.15 (100.00%)   |       N/A        |        0.00        |       1.00000      |
|Oceanodroma_tethys_MTNR1B_HYDTET...|     1    |   0.14 (100.00%)   |       N/A        |        0.00        |       1.00000      |
|Glaucidium_brasilianum_MTNR1B_GL...|     1    |   0.14 (100.00%)   |       N/A        |        0.00        |       1.00000      |
|              Node119              |     1    |   0.08 (100.00%)   |       N/A        |        0.00        |       1.00000      |
|Piaya_cayana_MTNR1B_PIACAY_R0215...|     1    |   0.14 (100.00%)   |       N/A        |        0.00        |       1.00000      |
|              Node665              |     2    |   18.66 ( 0.73%)   |          2       |        4.01        |       0.04945      |
|              Node673              |     1    |   0.29 (100.00%)   |       N/A        |        0.00        |       1.00000      |
|Odontophorus_gujanensis_MTNR1B_O...|     1    |   0.08 (100.00%)   |       N/A        |        0.00        |       1.00000      |
|Serilophus_lunatus_MTNR1B_SERLUN...|     1    |   0.11 (100.00%)   |       N/A        |        0.00        |       1.00000      |
|              Node312              |     1    |   0.25 (100.00%)   |       N/A        |        0.00        |       1.00000      |
|              Node910              |     1    |   0.44 (100.00%)   |       N/A        |        0.00        |       1.00000      |
|      Naja_naja_MTNR1B_MTNR1B      |     2    |  173.26 ( 0.75%)   |          2       |       15.14        |       0.00017      |
|              Node187              |     1    |   0.23 (100.00%)   |       N/A        |        0.00        |       1.00000      |
|              Node937              |     1    |   0.14 (100.00%)   |       N/A        |        0.00        |       1.00000      |
|Struthio_camelus_australis_MTNR1...|     1    |   0.02 (100.00%)   |       N/A        |        0.00        |       1.00000      |
|Chordeiles_acutipennis_MTNR1B_CH...|     1    |   0.40 (100.00%)   |       N/A        |        0.00        |       1.00000      |
|              Node213              |     1    |   0.37 (100.00%)   |       N/A        |        0.00        |       1.00000      |
|Pelecanus_crispus_MTNR1B_1040277...|     2    |   >1000 ( 1.08%)   |          3       |       11.54        |       0.00107      |
|              Node77               |     1    |   0.12 (100.00%)   |       N/A        |        0.00        |       1.00000      |
|Gavialis_gangeticus_MTNR1B_10930...|     2    |  117.96 ( 1.46%)   |          4       |       20.59        |       0.00001      |
|              Node946              |     1    |   0.50 (100.00%)   |       N/A        |        0.00        |       1.00000      |
|              Node784              |     1    |   0.35 (100.00%)   |       N/A        |        0.00        |       1.00000      |
|              Node62               |     1    |   0.13 (100.00%)   |       N/A        |        0.00        |       1.00000      |
|Pomatostomus_ruficeps_MTNR1B_POS...|     1    |   0.00 (100.00%)   |       N/A        |        0.00        |       1.00000      |
|             Node1012              |     1    |   0.15 (100.00%)   |       N/A        |        0.00        |       1.00000      |
|              Node753              |     1    |   0.14 (100.00%)   |       N/A        |        0.00        |       1.00000      |
|Oriolus_oriolus_MTNR1B_ORIORI_R1...|     1    |   0.16 (100.00%)   |       N/A        |        0.00        |       1.00000      |
|Burhinus_bistriatus_MTNR1B_BURBI...|     1    |   0.03 (100.00%)   |       N/A        |        0.00        |       1.00000      |
|              Node826              |     1    |   0.00 (100.00%)   |       N/A        |        0.00        |       1.00000      |
|Fulmarus_glacialis_MTNR1B_104071...|     1    |   0.16 (100.00%)   |       N/A        |        0.00        |       1.00000      |
|              Node795              |     1    |   0.23 (100.00%)   |       N/A        |        0.00        |       1.00000      |
|Peromyscus_maniculatus_bairdii_M...|     2    |   11.79 ( 2.46%)   |          5       |        2.90        |       0.08797      |
|Melanocharis_versteri_MTNR1B_MEL...|     2    |  466.23 ( 0.75%)   |          2       |       14.87        |       0.00020      |
|Myotis_brandtii_MTNR1B_102260326...|     1    |   0.19 (100.00%)   |       N/A        |        0.00        |       1.00000      |
|Eubucco_bourcierii_MTNR1B_EUBBOU...|     1    |   0.00 (100.00%)   |       N/A        |        0.00        |       1.00000      |
|Sapayoa_aenigma_MTNR1B_SAPAEN_R0...|     1    |   0.00 (100.00%)   |       N/A        |        0.00        |       1.00000      |
|              Node770              |     1    |   0.30 (100.00%)   |       N/A        |        0.00        |       1.00000      |
|Pezoporus_wallicus_MTNR1B_130606...|     1    |   0.17 (100.00%)   |       N/A        |        0.00        |       1.00000      |
|              Node711              |     1    |   0.16 (100.00%)   |       N/A        |        0.00        |       1.00000      |
|Vicugna_pacos_huacaya_MTNR1B_MTN...|     1    |   0.17 (100.00%)   |       N/A        |        0.00        |       1.00000      |
|Cephalopterus_ornatus_MTNR1B_CEP...|     1    |   0.06 (100.00%)   |       N/A        |        0.00        |       1.00000      |
|  Myotis_myotis_MTNR1B_118662708   |     1    |   0.41 (100.00%)   |       N/A        |        0.00        |       1.00000      |
|Mystacornis_crossleyi_MTNR1B_MYS...|     1    |   0.00 (100.00%)   |       N/A        |        0.00        |       1.00000      |
|Ceyx_cyanopectus_MTNR1B_CEYCYA_R...|     1    |   0.03 (100.00%)   |       N/A        |        0.00        |       1.00000      |
|Polioptila_caerulea_MTNR1B_POLCA...|     1    |   0.03 (100.00%)   |       N/A        |        0.00        |       1.00000      |
|Chaetops_frenatus_MTNR1B_CHAFRE_...|     1    |   0.03 (100.00%)   |       N/A        |        0.00        |       1.00000      |
|Anhinga_rufa_MTNR1B_ANHRUF_R0280...|     1    |   0.07 (100.00%)   |       N/A        |        0.00        |       1.00000      |
|Phaethon_lepturus_MTNR1B_1046205...|     1    |   0.03 (100.00%)   |       N/A        |        0.00        |       1.00000      |
|              Node782              |     1    |   0.11 (100.00%)   |       N/A        |        0.00        |       1.00000      |
|Sagittarius_serpentarius_MTNR1B_...|     1    |   0.25 (100.00%)   |       N/A        |        0.00        |       1.00000      |
|Onychorhynchus_coronatus_MTNR1B_...|     1    |   0.06 (100.00%)   |       N/A        |        0.00        |       1.00000      |
|Smithornis_capensis_MTNR1B_SMICA...|     1    |   0.00 (100.00%)   |       N/A        |        0.00        |       1.00000      |
|Psophia_crepitans_MTNR1B_PSOCRE_...|     1    |   0.08 (100.00%)   |       N/A        |        0.00        |       1.00000      |
|              Node730              |     1    |   0.14 (100.00%)   |       N/A        |        0.00        |       1.00000      |
|Nicator_chloris_MTNR1B_NICCHL_R1...|     1    |   0.06 (100.00%)   |       N/A        |        0.00        |       1.00000      |
|Alaudala_cheleensis_MTNR1B_ALACH...|     1    |   0.00 (100.00%)   |       N/A        |        0.00        |       1.00000      |
|              Node171              |     1    |   0.09 (100.00%)   |       N/A        |        0.00        |       1.00000      |
|Jacana_jacana_MTNR1B_JACJAC_R077...|     1    |   0.11 (100.00%)   |       N/A        |        0.00        |       1.00000      |
|Nesospiza_acunhae_MTNR1B_NESACU_...|     1    |   0.08 (100.00%)   |       N/A        |        0.00        |       1.00000      |
|Corythaeola_cristata_MTNR1B_CORC...|     2    |   35.32 ( 0.72%)   |          1       |        3.69        |       0.05833      |
|Eurypyga_helias_MTNR1B_104511074...|     1    |   0.03 (100.00%)   |       N/A        |        0.00        |       1.00000      |
|Microtus_fortis_MTNR1B_126487668...|     1    |   0.22 (100.00%)   |       N/A        |        0.00        |       1.00000      |
|              Node857              |     1    |   0.19 (100.00%)   |       N/A        |        0.00        |       1.00000      |
|Neopipo_cinnamomea_MTNR1B_NEOCIN...|     1    |   0.03 (100.00%)   |       N/A        |        0.00        |       1.00000      |
|Dicrurus_megarhynchus_MTNR1B_DIC...|     2    |  303.35 ( 0.41%)   |          1       |       11.20        |       0.00127      |
|Formicarius_rufipectus_MTNR1B_FO...|     1    |   0.03 (100.00%)   |       N/A        |        0.00        |       1.00000      |
|             Node1003              |     1    |   0.64 (100.00%)   |       N/A        |        0.00        |       1.00000      |
|              Node33               |     1    |   0.43 (100.00%)   |       N/A        |        0.00        |       1.00000      |
|Machaerirhynchus_nigripectus_MTN...|     1    |   0.06 (100.00%)   |       N/A        |        0.00        |       1.00000      |
|Ochotona_curzoniae_MTNR1B_121154...|     1    |   0.26 (100.00%)   |       N/A        |        0.00        |       1.00000      |
|Ceuthmochares_aereus_MTNR1B_CEUA...|     2    |   21.00 ( 0.37%)   |          1       |        2.66        |       0.10010      |
|Thamnophis_elegans_MTNR1B_116510...|     1    |   0.15 (100.00%)   |       N/A        |        0.00        |       1.00000      |
|              Node650              |     1    |   0.16 (100.00%)   |       N/A        |        0.00        |       1.00000      |
|Psilopogon_haemacephalus_MTNR1B_...|     1    |   0.00 (100.00%)   |       N/A        |        0.00        |       1.00000      |
|Rostratula_benghalensis_MTNR1B_R...|     1    |   0.17 (100.00%)   |       N/A        |        0.00        |       1.00000      |
|Microtus_oregoni_MTNR1B_12145124...|     1    |   0.28 (100.00%)   |       N/A        |        0.00        |       1.00000      |
|Nestor_notabilis_MTNR1B_10441113...|     1    |   0.04 (100.00%)   |       N/A        |        0.00        |       1.00000      |
|Chauna_torquata_MTNR1B_CHATOR_R0...|     1    |   0.15 (100.00%)   |       N/A        |        0.00        |       1.00000      |
|Microtus_ochrogaster_MTNR1B_1019...|     1    |   0.60 (100.00%)   |       N/A        |        0.00        |       1.00000      |
|Thryothorus_ludovicianus_MTNR1B_...|     1    |   0.03 (100.00%)   |       N/A        |        0.00        |       1.00000      |
|Arenaria_interpres_MTNR1B_AREINT...|     1    |   0.12 (100.00%)   |       N/A        |        0.00        |       1.00000      |
|Ptilorrhoa_leucosticta_MTNR1B_PT...|     1    |   0.03 (100.00%)   |       N/A        |        0.00        |       1.00000      |
|Mionectes_macconnelli_MTNR1B_MIO...|     1    |   0.16 (100.00%)   |       N/A        |        0.00        |       1.00000      |
|Odocoileus_virginianus_texanus_M...|     1    |   0.35 (100.00%)   |       N/A        |        0.00        |       1.00000      |
|Setophaga_kirtlandii_MTNR1B_SETK...|     1    |   0.07 (100.00%)   |       N/A        |        0.00        |       1.00000      |
|Pteruthius_melanotis_MTNR1B_PTEM...|     1    |   0.04 (100.00%)   |       N/A        |        0.00        |       1.00000      |
|              Node818              |     1    |   0.33 (100.00%)   |       N/A        |        0.00        |       1.00000      |
|Bombycilla_garrulus_MTNR1B_BOMGA...|     1    |   0.11 (100.00%)   |       N/A        |        0.00        |       1.00000      |
|Calyptomena_viridis_MTNR1B_CALVI...|     1    |   0.03 (100.00%)   |       N/A        |        0.00        |       1.00000      |
|Cuculus_canorus_MTNR1B_104064196...|     2    |   22.23 ( 1.18%)   |          3       |        3.05        |       0.08122      |
|              Node71               |     1    |   0.00 (100.00%)   |       N/A        |        0.00        |       1.00000      |
|Melopsittacus_undulatus_MTNR1B_1...|     1    |   0.03 (100.00%)   |       N/A        |        0.00        |       1.00000      |
|    Mus_caroli_MTNR1B_110302494    |     1    |   0.35 (100.00%)   |       N/A        |        0.00        |       1.00000      |
|Lanius_ludovicianus_MTNR1B_LANLU...|     1    |   0.08 (100.00%)   |       N/A        |        0.00        |       1.00000      |
|Sinosuthora_webbiana_MTNR1B_SINW...|     1    |   0.09 (100.00%)   |       N/A        |        0.00        |       1.00000      |
|Oxyura_jamaicensis_MTNR1B_118168...|     1    |   0.12 (100.00%)   |       N/A        |        0.00        |       1.00000      |
|Nyctibius_bracteatus_MTNR1B_NYCB...|     1    |   0.13 (100.00%)   |       N/A        |        0.00        |       1.00000      |
|Grantiella_picta_MTNR1B_GRAPIC_R...|     1    |   0.12 (100.00%)   |       N/A        |        0.00        |       1.00000      |
|              Node872              |     1    |   0.54 (100.00%)   |       N/A        |        0.00        |       1.00000      |
|Sclerurus_mexicanus_MTNR1B_SCLME...|     1    |   0.03 (100.00%)   |       N/A        |        0.00        |       1.00000      |
|   Capra_hircus_MTNR1B_102176302   |     1    |   0.32 (100.00%)   |       N/A        |        0.00        |       1.00000      |
|Calcarius_ornatus_MTNR1B_CALORN_...|     1    |   0.00 (100.00%)   |       N/A        |        0.00        |       1.00000      |
|Dipodomys_spectabilis_MTNR1B_122...|     2    |    9.64 ( 3.40%)   |          4       |        2.35        |       0.11749      |
|Halcyon_senegalensis_MTNR1B_HALS...|     1    |   0.00 (100.00%)   |       N/A        |        0.00        |       1.00000      |
|Ochotona_princeps_MTNR1B_1015259...|     1    |   0.11 (100.00%)   |       N/A        |        0.00        |       1.00000      |
|Ciconia_maguari_MTNR1B_CICMAG_R0...|     1    |   0.10 (100.00%)   |       N/A        |        0.00        |       1.00000      |
|              Node808              |     1    |   0.64 (100.00%)   |       N/A        |        0.00        |       1.00000      |
|Eurystomus_gularis_MTNR1B_EURGUL...|     1    |   0.00 (100.00%)   |       N/A        |        0.00        |       1.00000      |
|Nipponia_nippon_MTNR1B_104017384...|     2    |   25.75 ( 0.95%)   |          2       |        3.12        |       0.07837      |
|Sitta_europaea_MTNR1B_SITEUR_R12...|     1    |   0.08 (100.00%)   |       N/A        |        0.00        |       1.00000      |
|Atrichornis_clamosus_MTNR1B_ATRC...|     1    |   0.13 (100.00%)   |       N/A        |        0.00        |       1.00000      |
|Brachypodius_atriceps_MTNR1B_BRA...|     1    |   0.03 (100.00%)   |       N/A        |        0.00        |       1.00000      |
|Tachuris_rubrigastra_MTNR1B_TACR...|     1    |   0.00 (100.00%)   |       N/A        |        0.00        |       1.00000      |
|              Node899              |     1    |   0.09 (100.00%)   |       N/A        |        0.00        |       1.00000      |
|Antrostomus_carolinensis_MTNR1B_...|     1    |   0.90 (100.00%)   |       N/A        |        0.00        |       1.00000      |
|Cochlearius_cochlearius_MTNR1B_C...|     1    |   0.19 (100.00%)   |       N/A        |        0.00        |       1.00000      |
|              Node216              |     1    |   0.00 (100.00%)   |       N/A        |        0.00        |       1.00000      |
|              Node229              |     1    |   0.00 (100.00%)   |       N/A        |        0.00        |       1.00000      |
|Orthonyx_spaldingii_MTNR1B_ORTSP...|     1    |   0.08 (100.00%)   |       N/A        |        0.00        |       1.00000      |
|Aleadryas_rufinucha_MTNR1B_ALERU...|     1    |   0.04 (100.00%)   |       N/A        |        0.00        |       1.00000      |
|Climacteris_rufus_MTNR1B_CLIRUF_...|     1    |   0.13 (100.00%)   |       N/A        |        0.00        |       1.00000      |
|Origma_solitaria_MTNR1B_ORISOL_R...|     1    |   0.00 (100.00%)   |       N/A        |        0.00        |       1.00000      |
|Mohoua_ochrocephala_MTNR1B_MOHOC...|     1    |   0.00 (100.00%)   |       N/A        |        0.00        |       1.00000      |
|              Node96               |     1    |   0.16 (100.00%)   |       N/A        |        0.00        |       1.00000      |
|     Otus_sunia_MTNR1B_MTNR1B      |     1    |   0.20 (100.00%)   |       N/A        |        0.00        |       1.00000      |
|Promerops_cafer_MTNR1B_PROCAF_R0...|     1    |   0.08 (100.00%)   |       N/A        |        0.00        |       1.00000      |
|Dasyornis_broadbenti_MTNR1B_DASB...|     1    |   0.04 (100.00%)   |       N/A        |        0.00        |       1.00000      |
|Grallaria_varia_MTNR1B_GRAVAR_R1...|     1    |   0.13 (100.00%)   |       N/A        |        0.00        |       1.00000      |
|              Node814              |     1    |   0.08 (100.00%)   |       N/A        |        0.00        |       1.00000      |
|Nycticryphes_semicollaris_MTNR1B...|     1    |   0.16 (100.00%)   |       N/A        |        0.00        |       1.00000      |
|              Node662              |     1    |   0.04 (100.00%)   |       N/A        |        0.00        |       1.00000      |
|              Node703              |     1    |   0.06 (100.00%)   |       N/A        |        0.00        |       1.00000      |
|              Node849              |     1    |   1.80 (100.00%)   |       N/A        |        0.41        |       0.34919      |
|              Node892              |     1    |   1.58 (100.00%)   |       N/A        |        0.14        |       0.42129      |
|Cnemophilus_loriae_MTNR1B_CNELOR...|     1    |   0.23 (100.00%)   |       N/A        |        0.00        |       1.00000      |
|Herpetotheres_cachinnans_MTNR1B_...|     1    |   0.00 (100.00%)   |       N/A        |        0.00        |       1.00000      |
|              Node170              |     1    |   0.14 (100.00%)   |       N/A        |        0.00        |       1.00000      |
|              Node851              |     1    |   0.72 (100.00%)   |       N/A        |        0.00        |       1.00000      |
|Pomatorhinus_ruficollis_MTNR1B_P...|     1    |   0.00 (100.00%)   |       N/A        |        0.00        |       1.00000      |
|Strigops_habroptila_MTNR1B_11560...|     1    |   0.42 (100.00%)   |       N/A        |        0.00        |       1.00000      |
|              Node209              |     2    |   28.20 ( 1.14%)   |          3       |        4.49        |       0.03866      |
|Canis_lupus_familiaris_MTNR1B_MT...|     3    |   >1000 ( 0.82%)   |          2       |       18.00        |       0.00004      |
|Ficedula_albicollis_MTNR1B_10181...|     1    |   0.00 (100.00%)   |       N/A        |        0.00        |       1.00000      |
|              Node965              |     1    |   0.18 (100.00%)   |       N/A        |        0.00        |       1.00000      |
|Menura_novaehollandiae_MTNR1B_ME...|     1    |   0.04 (100.00%)   |       N/A        |        0.00        |       1.00000      |
|              Node952              |     1    |   0.27 (100.00%)   |       N/A        |        0.00        |       1.00000      |
|Dicaeum_eximium_MTNR1B_DICEXI_R1...|     1    |   0.00 (100.00%)   |       N/A        |        0.00        |       1.00000      |
|              Node235              |     1    |   0.43 (100.00%)   |       N/A        |        0.00        |       1.00000      |
|              Node833              |     1    |   0.06 (100.00%)   |       N/A        |        0.00        |       1.00000      |
|Peromyscus_californicus_insignis...|     1    |   0.30 (100.00%)   |       N/A        |        0.00        |       1.00000      |
|              Node637              |     1    |   0.09 (100.00%)   |       N/A        |        0.00        |       1.00000      |
|Erpornis_zantholeuca_MTNR1B_ERPZ...|     1    |   0.00 (100.00%)   |       N/A        |        0.00        |       1.00000      |
|Dromas_ardeola_MTNR1B_DROARD_R02...|     1    |   0.11 (100.00%)   |       N/A        |        0.00        |       1.00000      |
|Leptocoma_aspasia_MTNR1B_LEPASP_...|     1    |   0.04 (100.00%)   |       N/A        |        0.00        |       1.00000      |
|Spizella_passerina_MTNR1B_SPIPAS...|     1    |   0.00 (100.00%)   |       N/A        |        0.00        |       1.00000      |
|Gymnogyps_californianus_MTNR1B_1...|     1    |   0.15 (100.00%)   |       N/A        |        0.00        |       1.00000      |
|              Node888              |     1    |   0.80 (100.00%)   |       N/A        |        0.00        |       1.00000      |
|Edolisoma_coerulescens_MTNR1B_ED...|     1    |   0.04 (100.00%)   |       N/A        |        0.00        |       1.00000      |
|  Columba_livia_MTNR1B_102095424   |     2    |   25.46 ( 0.89%)   |          2       |        4.39        |       0.04057      |
|Stercorarius_parasiticus_MTNR1B_...|     1    |   0.09 (100.00%)   |       N/A        |        0.00        |       1.00000      |
|Empidonax_traillii_MTNR1B_114070...|     1    |   0.04 (100.00%)   |       N/A        |        0.00        |       1.00000      |
|Felis_catus_x_Leopardus_geoffroy...|     1    |   1.66 (100.00%)   |       N/A        |        0.41        |       0.34792      |
|Oxyruncus_cristatus_MTNR1B_OXYCR...|     1    |   0.23 (100.00%)   |       N/A        |        0.00        |       1.00000      |
|              Node870              |     1    |   1.77 (100.00%)   |       N/A        |        0.47        |       0.33610      |
|Anthoscopus_minutus_MTNR1B_ANTMI...|     1    |   0.10 (100.00%)   |       N/A        |        0.00        |       1.00000      |
|Dermochelys_coriacea_MTNR1B_1198...|     1    |   2.13 (100.00%)   |       N/A        |        0.65        |       0.30117      |
|Rhinoptilus_africanus_MTNR1B_RHI...|     2    |   30.01 ( 1.40%)   |          3       |        3.14        |       0.07773      |
|Ibidorhyncha_struthersii_MTNR1B_...|     1    |   0.08 (100.00%)   |       N/A        |        0.00        |       1.00000      |
|              Node286              |     1    |   0.09 (100.00%)   |       N/A        |        0.00        |       1.00000      |
|Numida_meleagris_MTNR1B_11039073...|     1    |   0.04 (100.00%)   |       N/A        |        0.00        |       1.00000      |
|              Node811              |     1    |   0.27 (100.00%)   |       N/A        |        0.00        |       1.00000      |
|Daphoenositta_chrysoptera_MTNR1B...|     1    |   0.00 (100.00%)   |       N/A        |        0.00        |       1.00000      |
|Erithacus_rubecula_MTNR1B_ERIRUB...|     1    |   0.00 (100.00%)   |       N/A        |        0.00        |       1.00000      |
|              Node670              |     1    |   0.17 (100.00%)   |       N/A        |        0.00        |       1.00000      |
|Aramus_guarauna_MTNR1B_ARAGUA_R0...|     1    |   0.10 (100.00%)   |       N/A        |        0.00        |       1.00000      |
|Crypturellus_undulatus_MTNR1B_CR...|     1    |   0.04 (100.00%)   |       N/A        |        0.00        |       1.00000      |
|              Node273              |     1    |   0.41 (100.00%)   |       N/A        |        0.00        |       1.00000      |
|Glareola_pratincola_MTNR1B_GLAPR...|     1    |   0.04 (100.00%)   |       N/A        |        0.00        |       1.00000      |
|Panurus_biarmicus_MTNR1B_PANBIA_...|     1    |   0.00 (100.00%)   |       N/A        |        0.00        |       1.00000      |
|Fregata_magnificens_MTNR1B_FREMA...|     1    |   0.17 (100.00%)   |       N/A        |        0.00        |       1.00000      |
|              Node98               |     1    |   0.04 (100.00%)   |       N/A        |        0.00        |       1.00000      |
|Hemiprocne_comata_MTNR1B_HEMCOM_...|     1    |   0.08 (100.00%)   |       N/A        |        0.00        |       1.00000      |
|Emberiza_fucata_MTNR1B_EMBFUC_R1...|     1    |   0.17 (100.00%)   |       N/A        |        0.00        |       1.00000      |
|Chelonoidis_abingdonii_MTNR1B_11...|     1    |   0.05 (100.00%)   |       N/A        |        0.00        |       1.00000      |
|             Node1001              |     1    |   0.25 (100.00%)   |       N/A        |        0.00        |       1.00000      |
|              Node475              |     1    |   0.10 (100.00%)   |       N/A        |        0.00        |       1.00000      |
|Myiagra_hebetior_MTNR1B_MYIHEB_R...|     1    |   0.11 (100.00%)   |       N/A        |        0.00        |       1.00000      |
|Limosa_lapponica_baueri_MTNR1B_l...|     1    |   0.00 (100.00%)   |       N/A        |        0.00        |       1.00000      |
|              Node947              |     1    |   0.52 (100.00%)   |       N/A        |        0.00        |       1.00000      |
|              Node281              |     1    |   0.71 (100.00%)   |       N/A        |        0.00        |       1.00000      |
|              Node745              |     1    |   0.17 (100.00%)   |       N/A        |        0.00        |       1.00000      |
|              Node267              |     1    |   0.26 (100.00%)   |       N/A        |        0.00        |       1.00000      |
|Callorhinus_ursinus_MTNR1B_11284...|     1    |   0.20 (100.00%)   |       N/A        |        0.00        |       1.00000      |
|Columbina_picui_MTNR1B_COLPIC_R0...|     1    |   0.05 (100.00%)   |       N/A        |        0.00        |       1.00000      |
|Chaetorhynchus_papuensis_MTNR1B_...|     1    |   0.00 (100.00%)   |       N/A        |        0.00        |       1.00000      |
|   Apteryx_rowi_MTNR1B_112969060   |     1    |   0.06 (100.00%)   |       N/A        |        0.00        |       1.00000      |
|Bucorvus_abyssinicus_MTNR1B_BUCA...|     1    |   0.00 (100.00%)   |       N/A        |        0.00        |       1.00000      |
|              Node395              |     1    |   0.05 (100.00%)   |       N/A        |        0.00        |       1.00000      |
|Leiothrix_lutea_MTNR1B_LEILUT_R0...|     1    |   0.11 (100.00%)   |       N/A        |        0.00        |       1.00000      |
|              Node81               |     1    |   0.00 (100.00%)   |       N/A        |        0.00        |       1.00000      |
|Erythrocercus_mccallii_MTNR1B_ER...|     1    |   0.00 (100.00%)   |       N/A        |        0.00        |       1.00000      |
|Platysteira_castanea_MTNR1B_DYAC...|     1    |   0.00 (100.00%)   |       N/A        |        0.00        |       1.00000      |
|              Node196              |     1    |   0.11 (100.00%)   |       N/A        |        0.00        |       1.00000      |
|Eudromia_elegans_MTNR1B_EUDELE_R...|     1    |   0.05 (100.00%)   |       N/A        |        0.00        |       1.00000      |
|Pelecanoides_urinatrix_MTNR1B_PE...|     1    |   0.80 (100.00%)   |       N/A        |        0.00        |       1.00000      |
|Zapornia_atra_MTNR1B_ZAPATR_R093...|     1    |   0.00 (100.00%)   |       N/A        |        0.00        |       1.00000      |
|Cepphus_grylle_MTNR1B_CEPGRY_R04...|     1    |   0.00 (100.00%)   |       N/A        |        0.00        |       1.00000      |
|Indicator_maculatus_MTNR1B_INDMA...|     1    |   0.05 (100.00%)   |       N/A        |        0.00        |       1.00000      |
|             Node1018              |     1    |   0.14 (100.00%)   |       N/A        |        0.00        |       1.00000      |
|              Node781              |     1    |   0.28 (100.00%)   |       N/A        |        0.00        |       1.00000      |
|Chionis_minor_MTNR1B_CHIMIN_R127...|     2    |  791.22 ( 1.15%)   |          4       |        9.34        |       0.00326      |
|Corythaixoides_concolor_MTNR1B_C...|     1    |   0.15 (100.00%)   |       N/A        |        0.00        |       1.00000      |
|Meleagris_gallopavo_MTNR1B_10490...|     1    |   0.16 (100.00%)   |       N/A        |        0.00        |       1.00000      |
|Semnornis_frantzii_MTNR1B_SEMFRA...|     1    |   0.15 (100.00%)   |       N/A        |        0.00        |       1.00000      |
|Callaeas_wilsoni_MTNR1B_CALWIL_R...|     1    |   0.00 (100.00%)   |       N/A        |        0.00        |       1.00000      |
|Eudyptes_chrysocome_MTNR1B_MTNR1...|     1    |   0.00 (100.00%)   |       N/A        |        0.00        |       1.00000      |
|Aegithalos_caudatus_MTNR1B_AEGCA...|     1    |   0.00 (100.00%)   |       N/A        |        0.00        |       1.00000      |
|Sylvia_borin_MTNR1B_SYLBOR_R0459...|     1    |   0.00 (100.00%)   |       N/A        |        0.00        |       1.00000      |
|Pycnonotus_jocosus_MTNR1B_PYCJOC...|     1    |   0.00 (100.00%)   |       N/A        |        0.00        |       1.00000      |
|              Node34               |     1    |   0.21 (100.00%)   |       N/A        |        0.00        |       1.00000      |
|              Node93               |     1    |   0.24 (100.00%)   |       N/A        |        0.00        |       1.00000      |
|Rhagologus_leucostigma_MTNR1B_RH...|     1    |   0.06 (100.00%)   |       N/A        |        0.00        |       1.00000      |
|              Node17               |     1    |   0.11 (100.00%)   |       N/A        |        0.00        |       1.00000      |
|Oreotrochilus_melanogaster_MTNR1...|     1    |   0.00 (100.00%)   |       N/A        |        0.00        |       1.00000      |
|              Node651              |     1    |   0.05 (100.00%)   |       N/A        |        0.00        |       1.00000      |
|Aptenodytes_patagonicus_MTNR1B_M...|     1    |   0.93 (100.00%)   |       N/A        |        0.00        |       1.00000      |
|              Node214              |     1    |   0.14 (100.00%)   |       N/A        |        0.00        |       1.00000      |
|  Grus_americana_MTNR1B_129214676  |     1    |   0.00 (100.00%)   |       N/A        |        0.00        |       1.00000      |
|Malurus_cyaneus_samueli_MTNR1B_M...|     1    |   0.00 (100.00%)   |       N/A        |        0.00        |       1.00000      |
|              Node234              |     1    |   0.00 (100.00%)   |       N/A        |        0.00        |       1.00000      |
|              Node521              |     1    |   0.00 (100.00%)   |       N/A        |        0.00        |       1.00000      |
|              Node261              |     1    |   0.05 (100.00%)   |       N/A        |        0.00        |       1.00000      |
|              Node85               |     1    |   0.05 (100.00%)   |       N/A        |        0.00        |       1.00000      |
|Podilymbus_podiceps_MTNR1B_PODPO...|     1    |   0.13 (100.00%)   |       N/A        |        0.00        |       1.00000      |
|              Node975              |     1    |   0.00 (100.00%)   |       N/A        |        0.00        |       1.00000      |
|Vireo_altiloquus_MTNR1B_VIRALT_R...|     1    |   0.00 (100.00%)   |       N/A        |        0.00        |       1.00000      |
|Lophotis_ruficrista_MTNR1B_LOPRU...|     1    |   0.06 (100.00%)   |       N/A        |        0.00        |       1.00000      |
|Alopecoenas_beccarii_MTNR1B_ALOB...|     1    |   0.00 (100.00%)   |       N/A        |        0.00        |       1.00000      |
|              Node157              |     1    |   0.17 (100.00%)   |       N/A        |        0.00        |       1.00000      |
|Rhadina_sibilatrix_MTNR1B_RHASIB...|     1    |   0.00 (100.00%)   |       N/A        |        0.00        |       1.00000      |
|              Node773              |     1    |   0.08 (100.00%)   |       N/A        |        0.00        |       1.00000      |
|              Node807              |     1    |   0.18 (100.00%)   |       N/A        |        0.00        |       1.00000      |
|Hirundo_rustica_MTNR1B_120748807...|     1    |   0.06 (100.00%)   |       N/A        |        0.00        |       1.00000      |
|Mauremys_reevesii_MTNR1B_1203907...|     1    |   0.25 (100.00%)   |       N/A        |        0.00        |       1.00000      |
|Furnarius_figulus_MTNR1B_FURFIG_...|     1    |   0.13 (100.00%)   |       N/A        |        0.00        |       1.00000      |
|Probosciger_aterrimus_MTNR1B_PRO...|     1    |   0.24 (100.00%)   |       N/A        |        0.00        |       1.00000      |
|Pterocles_gutturalis_MTNR1B_1044...|     2    |  911.45 ( 0.36%)   |          1       |        7.57        |       0.00800      |
|              Node275              |     1    |   0.12 (100.00%)   |       N/A        |        0.00        |       1.00000      |
|  Sciurus_vulgaris_MTNR1B_MTNR1B   |     1    |   0.24 (100.00%)   |       N/A        |        0.00        |       1.00000      |
|Pygoscelis_papua_MTNR1B_KCX85_00...|     1    |   0.14 (100.00%)   |       N/A        |        0.00        |       1.00000      |
|              Node590              |     1    |   0.00 (100.00%)   |       N/A        |        0.00        |       1.00000      |
|              Node280              |     1    |   0.06 (100.00%)   |       N/A        |        0.00        |       1.00000      |
|              Node496              |     1    |   0.16 (100.00%)   |       N/A        |        0.00        |       1.00000      |
|              Node228              |     1    |   1.53 (100.00%)   |       N/A        |        0.01        |       0.48763      |
|Dryoscopus_gambensis_MTNR1B_DRYG...|     1    |   0.00 (100.00%)   |       N/A        |        0.00        |       1.00000      |
|Donacobius_atricapilla_MTNR1B_DO...|     1    |   0.07 (100.00%)   |       N/A        |        0.00        |       1.00000      |
|              Node257              |     1    |   0.19 (100.00%)   |       N/A        |        0.00        |       1.00000      |
|  Pongo_pygmaeus_MTNR1B_129008229  |     1    |   1.12 (100.00%)   |       N/A        |       -0.02        |       0.50000      |
|              Node12               |     1    |   0.31 (100.00%)   |       N/A        |        0.00        |       1.00000      |
|              Node64               |     1    |   0.08 (100.00%)   |       N/A        |        0.00        |       1.00000      |
|   Panthera_leo_MTNR1B_122200340   |     1    |   0.38 (100.00%)   |       N/A        |        0.00        |       1.00000      |
|Illadopsis_cleaveri_MTNR1B_ILLCL...|     1    |   0.00 (100.00%)   |       N/A        |        0.00        |       1.00000      |
|Chloropsis_cyanopogon_MTNR1B_CHL...|     1    |   0.07 (100.00%)   |       N/A        |        0.00        |       1.00000      |
|Gymnorhina_tibicen_MTNR1B_GYMTIB...|     1    |   0.15 (100.00%)   |       N/A        |        0.00        |       1.00000      |
|  Lacerta_agilis_MTNR1B_117045238  |     1    |   0.06 (100.00%)   |       N/A        |        0.00        |       1.00000      |
|Falcunculus_frontatus_MTNR1B_FAL...|     1    |   0.00 (100.00%)   |       N/A        |        0.00        |       1.00000      |
|              Node867              |     1    |   0.08 (100.00%)   |       N/A        |        0.00        |       1.00000      |
|Peromyscus_eremicus_MTNR1B_13191...|     1    |   0.26 (100.00%)   |       N/A        |        0.00        |       1.00000      |
|Nyctibius_grandis_MTNR1B_NYCGRA_...|     1    |   2.22 (100.00%)   |       N/A        |        0.46        |       0.33801      |
|              Node864              |     1    |   0.07 (100.00%)   |       N/A        |        0.00        |       1.00000      |
|              Node592              |     1    |   0.06 (100.00%)   |       N/A        |        0.00        |       1.00000      |
|Zonotrichia_albicollis_MTNR1B_10...|     1    |   0.00 (100.00%)   |       N/A        |        0.00        |       1.00000      |
|              Node652              |     1    |   0.06 (100.00%)   |       N/A        |        0.00        |       1.00000      |
|Caloenas_nicobarica_MTNR1B_CALNI...|     1    |   0.15 (100.00%)   |       N/A        |        0.00        |       1.00000      |
|              Node72               |     1    |   0.08 (100.00%)   |       N/A        |        0.00        |       1.00000      |
|              Node640              |     1    |   0.06 (100.00%)   |       N/A        |        0.00        |       1.00000      |
|Phasianus_colchicus_MTNR1B_11624...|     1    |   0.00 (100.00%)   |       N/A        |        0.00        |       1.00000      |
|              Node52               |     1    |   0.07 (100.00%)   |       N/A        |        0.00        |       1.00000      |
|Ptilonorhynchus_violaceus_MTNR1B...|     1    |   0.07 (100.00%)   |       N/A        |        0.00        |       1.00000      |
|Pachycephala_philippinensis_MTNR...|     1    |   0.16 (100.00%)   |       N/A        |        0.00        |       1.00000      |
|              Node126              |     1    |   0.16 (100.00%)   |       N/A        |        0.00        |       1.00000      |
|              Node294              |     1    |   0.97 (100.00%)   |       N/A        |        0.00        |       1.00000      |
|Serinus_canaria_MTNR1B_103827257...|     1    |   0.00 (100.00%)   |       N/A        |        0.00        |       1.00000      |
|Cyanistes_caeruleus_MTNR1B_11192...|     1    |   0.39 (100.00%)   |       N/A        |        0.00        |       1.00000      |
|              Node542              |     1    |   0.00 (100.00%)   |       N/A        |        0.00        |       1.00000      |
|              Node966              |     1    |   0.15 (100.00%)   |       N/A        |        0.00        |       1.00000      |
|Malaclemys_terrapin_pileata_MTNR...|     1    |   0.07 (100.00%)   |       N/A        |        0.00        |       1.00000      |
|Phaetusa_simplex_MTNR1B_PHASIM_R...|     1    |   0.07 (100.00%)   |       N/A        |        0.00        |       1.00000      |
|Centrocercus_urophasianus_MTNR1B...|     1    |   0.00 (100.00%)   |       N/A        |        0.00        |       1.00000      |
|Pardalotus_punctatus_MTNR1B_PARP...|     1    |   0.07 (100.00%)   |       N/A        |        0.00        |       1.00000      |
|              Node454              |     1    |   0.16 (100.00%)   |       N/A        |        0.00        |       1.00000      |
|    Bufo_bufo_MTNR1B_120994190     |     1    |   0.18 (100.00%)   |       N/A        |        0.00        |       1.00000      |
|Equus_przewalskii_MTNR1B_1035480...|     1    |   0.46 (100.00%)   |       N/A        |        0.00        |       1.00000      |
|  Myotis_davidii_MTNR1B_102751740  |     1    |   0.33 (100.00%)   |       N/A        |        0.00        |       1.00000      |
|Passer_montanus_MTNR1B_120506782...|     1    |   0.07 (100.00%)   |       N/A        |        0.00        |       1.00000      |
|Hypocryptadius_cinnamomeus_MTNR1...|     1    |   0.07 (100.00%)   |       N/A        |        0.00        |       1.00000      |
|Rynchops_niger_MTNR1B_RYNNIG_R10...|     1    |   0.30 (100.00%)   |       N/A        |        0.00        |       1.00000      |
|              Node768              |     1    |   0.18 (100.00%)   |       N/A        |        0.00        |       1.00000      |
|Ploceus_nigricollis_MTNR1B_PLONI...|     1    |   0.07 (100.00%)   |       N/A        |        0.00        |       1.00000      |
|              Node468              |     1    |   0.16 (100.00%)   |       N/A        |        0.00        |       1.00000      |
|              Node945              |     1    |   0.54 (100.00%)   |       N/A        |        0.00        |       1.00000      |
|             Node1002              |     2    |  739.45 ( 0.50%)   |          2       |        8.13        |       0.00603      |
|Pterocles_burchelli_MTNR1B_PTEBU...|     1    |   0.00 (100.00%)   |       N/A        |        0.00        |       1.00000      |
|              Node729              |     1    |   0.56 (100.00%)   |       N/A        |        0.00        |       1.00000      |
|              Node803              |     1    |   0.00 (100.00%)   |       N/A        |        0.00        |       1.00000      |
|Dromaius_novaehollandiae_MTNR1B_...|     1    |   0.00 (100.00%)   |       N/A        |        0.00        |       1.00000      |
|Bos_indicus_x_Bos_taurus_MTNR1B_...|     1    |   0.16 (100.00%)   |       N/A        |        0.00        |       1.00000      |
|              Node74               |     1    |   0.44 (100.00%)   |       N/A        |        0.00        |       1.00000      |
|              Node798              |     1    |   0.34 (100.00%)   |       N/A        |        0.00        |       1.00000      |
|Buceros_rhinoceros_silvestris_MT...|     1    |   0.10 (100.00%)   |       N/A        |        0.00        |       1.00000      |
|  Rattus_rattus_MTNR1B_116908057   |     1    |   0.09 (100.00%)   |       N/A        |        0.00        |       1.00000      |
|Syrrhaptes_paradoxus_MTNR1B_SYRP...|     1    |   0.07 (100.00%)   |       N/A        |        0.00        |       1.00000      |
|              Node749              |     1    |   0.18 (100.00%)   |       N/A        |        0.00        |       1.00000      |
|              Node67               |     1    |   0.11 (100.00%)   |       N/A        |        0.00        |       1.00000      |
|              Node858              |     1    |   0.19 (100.00%)   |       N/A        |        0.00        |       1.00000      |
|   Pongo_abelii_MTNR1B_100431297   |     1    |   0.86 (100.00%)   |       N/A        |        0.00        |       1.00000      |
|Ramphastos_sulfuratus_MTNR1B_RAM...|     1    |   0.00 (100.00%)   |       N/A        |        0.00        |       1.00000      |
|   Equus_quagga_MTNR1B_124225175   |     1    |   0.62 (100.00%)   |       N/A        |        0.00        |       1.00000      |
|Fregetta_grallaria_MTNR1B_FREGRA...|     1    |   0.08 (100.00%)   |       N/A        |        0.00        |       1.00000      |
|              Node396              |     1    |   0.00 (100.00%)   |       N/A        |        0.00        |       1.00000      |
|              Node57               |     1    |   0.40 (100.00%)   |       N/A        |        0.00        |       1.00000      |
|  Harpia_harpyja_MTNR1B_128153488  |     1    |   0.08 (100.00%)   |       N/A        |        0.00        |       1.00000      |
|Oceanites_oceanicus_MTNR1B_OCEOC...|     1    |   0.20 (100.00%)   |       N/A        |        0.00        |       1.00000      |
|Haemorhous_mexicanus_MTNR1B_MTNR...|     1    |   0.00 (100.00%)   |       N/A        |        0.00        |       1.00000      |
|              Node53               |     1    |   0.83 (100.00%)   |       N/A        |        0.00        |       1.00000      |
|Marmota_flaviventris_MTNR1B_1141...|     1    |   0.19 (100.00%)   |       N/A        |        0.00        |       1.00000      |
|              Node438              |     1    |   0.08 (100.00%)   |       N/A        |        0.00        |       1.00000      |
|  Uria_aalge_MTNR1B_URIAAL_R14161  |     1    |   0.78 (100.00%)   |       N/A        |        0.00        |       1.00000      |
|Piprites_chloris_MTNR1B_PIPCHL_R...|     1    |   0.00 (100.00%)   |       N/A        |        0.00        |       1.00000      |
|Catharus_fuscescens_MTNR1B_CATFU...|     1    |   0.00 (100.00%)   |       N/A        |        0.00        |       1.00000      |
|Turdus_rufiventris_MTNR1B_TURU_0...|     1    |   0.20 (100.00%)   |       N/A        |        0.00        |       1.00000      |
|              Node560              |     1    |   0.20 (100.00%)   |       N/A        |        0.00        |       1.00000      |
|              Node259              |     1    |   0.14 (100.00%)   |       N/A        |        0.00        |       1.00000      |
|              Node94               |     1    |   0.18 (100.00%)   |       N/A        |        0.00        |       1.00000      |
|Podarcis_raffonei_MTNR1B_1284125...|     1    |   0.08 (100.00%)   |       N/A        |        0.00        |       1.00000      |
|Malurus_elegans_MTNR1B_MALELE_R0...|     1    |   0.08 (100.00%)   |       N/A        |        0.00        |       1.00000      |
|Camarhynchus_parvulus_MTNR1B_115...|     1    |   0.00 (100.00%)   |       N/A        |        0.00        |       1.00000      |
|              Node156              |     1    |   0.84 (100.00%)   |       N/A        |        0.00        |       1.00000      |
|              Node100              |     1    |   0.21 (100.00%)   |       N/A        |        0.00        |       1.00000      |
|              Node852              |     1    |   0.12 (100.00%)   |       N/A        |        0.00        |       1.00000      |
|Podarcis_muralis_MTNR1B_11459562...|     1    |   0.20 (100.00%)   |       N/A        |        0.00        |       1.00000      |
|              Node158              |     1    |   0.14 (100.00%)   |       N/A        |        0.00        |       1.00000      |
|              Node683              |     1    |   0.10 (100.00%)   |       N/A        |        0.00        |       1.00000      |
|Hippopotamus_amphibius_MTNR1B_MT...|     1    |   0.70 (100.00%)   |       N/A        |        0.00        |       1.00000      |
|              Node587              |     1    |   0.00 (100.00%)   |       N/A        |        0.00        |       1.00000      |
|              Node316              |     1    |   0.09 (100.00%)   |       N/A        |        0.00        |       1.00000      |
|              Node748              |     1    |   0.35 (100.00%)   |       N/A        |        0.00        |       1.00000      |
|              Node789              |     1    |   1.35 (100.00%)   |       N/A        |       -0.02        |       0.50000      |
|Thamnophis_sirtalis_MTNR1B_10654...|     1    |   0.00 (100.00%)   |       N/A        |        0.00        |       1.00000      |
|Zalophus_californianus_MTNR1B_11...|     1    |   0.59 (100.00%)   |       N/A        |        0.00        |       1.00000      |
|    Gallus_gallus_MTNR1B_Mel1BR    |     1    |   0.00 (100.00%)   |       N/A        |        0.00        |       1.00000      |
|Bufo_gargarizans_MTNR1B_12293269...|     1    |   0.09 (100.00%)   |       N/A        |        0.00        |       1.00000      |
|              Node529              |     1    |   0.00 (100.00%)   |       N/A        |        0.00        |       1.00000      |
|              Node747              |     1    |   0.00 (100.00%)   |       N/A        |        0.00        |       1.00000      |
|              Node869              |     1    |   0.31 (100.00%)   |       N/A        |        0.00        |       1.00000      |
|              Node629              |     1    |   0.00 (100.00%)   |       N/A        |        0.00        |       1.00000      |
|              Node313              |     1    |   0.00 (100.00%)   |       N/A        |        0.00        |       1.00000      |
|Oreocharis_arfaki_MTNR1B_OREARF_...|     1    |   0.00 (100.00%)   |       N/A        |        0.00        |       1.00000      |
|              Node656              |     1    |   0.00 (100.00%)   |       N/A        |        0.00        |       1.00000      |
|              Node341              |     1    |   0.10 (100.00%)   |       N/A        |        0.00        |       1.00000      |
|   Cygnus_olor_MTNR1B_121063641    |     1    |   0.00 (100.00%)   |       N/A        |        0.00        |       1.00000      |
|              Node147              |     1    |   0.10 (100.00%)   |       N/A        |        0.00        |       1.00000      |
|Buphagus_erythrorhynchus_MTNR1B_...|     1    |   0.00 (100.00%)   |       N/A        |        0.00        |       1.00000      |
|Zosterops_hypoxanthus_MTNR1B_ZOS...|     1    |   0.00 (100.00%)   |       N/A        |        0.00        |       1.00000      |
|Prunella_himalayana_MTNR1B_PRUHI...|     1    |   0.00 (100.00%)   |       N/A        |        0.00        |       1.00000      |
|              Node222              |     1    |   0.26 (100.00%)   |       N/A        |        0.00        |       1.00000      |
|Pyrgilauda_ruficollis_MTNR1B_121...|     1    |   0.00 (100.00%)   |       N/A        |        0.00        |       1.00000      |
|Neopelma_chrysocephalum_MTNR1B_1...|     1    |   0.00 (100.00%)   |       N/A        |        0.00        |       1.00000      |
|              Node148              |     1    |   0.27 (100.00%)   |       N/A        |        0.00        |       1.00000      |
|              Node238              |     1    |   1.56 (100.00%)   |       N/A        |        0.12        |       0.42730      |
|Rhabdornis_inornatus_MTNR1B_RHAI...|     1    |   0.10 (100.00%)   |       N/A        |        0.00        |       1.00000      |
|Tyrannus_savana_MTNR1B_TYRSAV_R0...|     1    |   0.00 (100.00%)   |       N/A        |        0.00        |       1.00000      |
|              Node264              |     1    |   0.26 (100.00%)   |       N/A        |        0.00        |       1.00000      |
|              Node244              |     1    |   0.00 (100.00%)   |       N/A        |        0.00        |       1.00000      |
|              Node696              |     1    |   0.13 (100.00%)   |       N/A        |        0.00        |       1.00000      |
|Brachypteracias_leptosomus_MTNR1...|     1    |   0.40 (100.00%)   |       N/A        |        0.00        |       1.00000      |
|              Node983              |     1    |   0.26 (100.00%)   |       N/A        |        0.00        |       1.00000      |
|              Node796              |     1    |   0.63 (100.00%)   |       N/A        |        0.00        |       1.00000      |
|              Node36               |     1    |   0.11 (100.00%)   |       N/A        |        0.00        |       1.00000      |
|              Node485              |     1    |   0.00 (100.00%)   |       N/A        |        0.00        |       1.00000      |
|              Node783              |     1    |   0.56 (100.00%)   |       N/A        |        0.00        |       1.00000      |
|              Node225              |     1    |   0.00 (100.00%)   |       N/A        |        0.00        |       1.00000      |
|Ifrita_kowaldi_MTNR1B_IFRKOW_R00...|     1    |   0.00 (100.00%)   |       N/A        |        0.00        |       1.00000      |
|              Node914              |     1    |   0.51 (100.00%)   |       N/A        |        0.00        |       1.00000      |
|Dipodomys_ordii_MTNR1B_105995145...|     1    |   0.15 (100.00%)   |       N/A        |        0.00        |       1.00000      |
|              Node124              |     1    |   0.00 (100.00%)   |       N/A        |        0.00        |       1.00000      |
|   Calypte_anna_MTNR1B_103534562   |     1    |   0.00 (100.00%)   |       N/A        |        0.00        |       1.00000      |
|              Node695              |     1    |   0.00 (100.00%)   |       N/A        |        0.00        |       1.00000      |
|Passerina_amoena_MTNR1B_PASAMO_R...|     1    |   0.00 (100.00%)   |       N/A        |        0.00        |       1.00000      |
|              Node642              |     1    |   0.00 (100.00%)   |       N/A        |        0.00        |       1.00000      |
|Indicator_indicator_MTNR1B_12896...|     1    |   0.00 (100.00%)   |       N/A        |        0.00        |       1.00000      |
|    Bos_mutus_MTNR1B_102277187     |     1    |   0.13 (100.00%)   |       N/A        |        0.00        |       1.00000      |
|Accipiter_gentilis_MTNR1B_126048...|     1    |   0.00 (100.00%)   |       N/A        |        0.00        |       1.00000      |
|              Node614              |     1    |   0.00 (100.00%)   |       N/A        |        0.00        |       1.00000      |
|Calonectris_borealis_MTNR1B_CALB...|     1    |   0.00 (100.00%)   |       N/A        |        0.00        |       1.00000      |
|              Node398              |     1    |   0.00 (100.00%)   |       N/A        |        0.00        |       1.00000      |
|              Node205              |     1    |   0.13 (100.00%)   |       N/A        |        0.00        |       1.00000      |
|Strix_occidentalis_caurina_MTNR1...|     1    |   0.00 (100.00%)   |       N/A        |        0.00        |       1.00000      |
|              Node441              |     1    |   0.00 (100.00%)   |       N/A        |        0.00        |       1.00000      |
|Melozone_crissalis_MTNR1B_128933...|     1    |   0.00 (100.00%)   |       N/A        |        0.00        |       1.00000      |
|Cettia_cetti_MTNR1B_CETCET_R1105...|     1    |   0.13 (100.00%)   |       N/A        |        0.00        |       1.00000      |
|Eolophus_roseicapilla_MTNR1B_EOL...|     1    |   0.00 (100.00%)   |       N/A        |        0.00        |       1.00000      |
|              Node87               |     1    |   0.00 (100.00%)   |       N/A        |        0.00        |       1.00000      |
|  Cygnus_atratus_MTNR1B_118245936  |     1    |   0.13 (100.00%)   |       N/A        |        0.00        |       1.00000      |
|Corapipo_altera_MTNR1B_113950069...|     1    |   0.00 (100.00%)   |       N/A        |        0.00        |       1.00000      |
|Ceratotherium_simum_cottoni_MTNR...|     1    |   0.39 (100.00%)   |       N/A        |        0.00        |       1.00000      |
|              Node462              |     1    |   0.00 (100.00%)   |       N/A        |        0.00        |       1.00000      |
|              Node343              |     1    |   0.13 (100.00%)   |       N/A        |        0.00        |       1.00000      |
|Nothoprocta_ornata_MTNR1B_NOTORN...|     1    |   0.00 (100.00%)   |       N/A        |        0.00        |       1.00000      |
|Pitangus_sulphuratus_MTNR1B_BTVI...|     1    |   0.00 (100.00%)   |       N/A        |        0.00        |       1.00000      |
|  Manacus_candei_MTNR1B_127467550  |     1    |   0.00 (100.00%)   |       N/A        |        0.00        |       1.00000      |
|Rhodinocichla_rosea_MTNR1B_RHORO...|     1    |   0.00 (100.00%)   |       N/A        |        0.00        |       1.00000      |
|Chiroxiphia_lanceolata_MTNR1B_11...|     1    |   0.00 (100.00%)   |       N/A        |        0.00        |       1.00000      |
|              Node820              |     1    |   0.67 (100.00%)   |       N/A        |        0.00        |       1.00000      |
|Melospiza_georgiana_MTNR1B_13108...|     1    |   0.00 (100.00%)   |       N/A        |        0.00        |       1.00000      |
|              Node360              |     1    |   0.00 (100.00%)   |       N/A        |        0.00        |       1.00000      |
|              Node573              |     1    |   0.00 (100.00%)   |       N/A        |        0.00        |       1.00000      |
|              Node382              |     1    |   0.00 (100.00%)   |       N/A        |        0.00        |       1.00000      |
|Hylobates_pileatus_MTNR1B_MTNR1B...|     1    |   1.20 (100.00%)   |       N/A        |       -0.01        |       0.50000      |
|Sakesphorus_luctuosus_MTNR1B_SAK...|     1    |   0.00 (100.00%)   |       N/A        |        0.00        |       1.00000      |
|Ardeotis_kori_MTNR1B_ARDKOR_R084...|     1    |   0.13 (100.00%)   |       N/A        |        0.00        |       1.00000      |
|              Node451              |     1    |   0.00 (100.00%)   |       N/A        |        0.00        |       1.00000      |
|Felis_catus_x_Prionailurus_benga...|     1    |   0.13 (100.00%)   |       N/A        |        0.00        |       1.00000      |
|Mus_musculus_molossinus_MTNR1B_M...|     1    |   0.13 (100.00%)   |       N/A        |        0.00        |       1.00000      |
|Mus_musculus_musculus_MTNR1B_MTN...|     1    |   1.19 (100.00%)   |       N/A        |       -0.02        |       0.50000      |
|Willisornis_vidua_MTNR1B_WISP_01...|     1    |   0.00 (100.00%)   |       N/A        |        0.00        |       1.00000      |
|Diceros_bicornis_minor_MTNR1B_13...|     1    |   0.13 (100.00%)   |       N/A        |        0.00        |       1.00000      |
|Bison_bison_bison_MTNR1B_1049996...|     1    |   0.00 (100.00%)   |       N/A        |        0.00        |       1.00000      |
|Sciurus_carolinensis_MTNR1B_1249...|     1    |   0.42 (100.00%)   |       N/A        |        0.00        |       1.00000      |
|              Node923              |     1    |   0.40 (100.00%)   |       N/A        |        0.00        |       1.00000      |
|              Node558              |     1    |   0.00 (100.00%)   |       N/A        |        0.00        |       1.00000      |
|              Node630              |     1    |   0.00 (100.00%)   |       N/A        |        0.00        |       1.00000      |
|              Node406              |     1    |   0.00 (100.00%)   |       N/A        |        0.00        |       1.00000      |
|Nothocercus_julius_MTNR1B_NOTJUL...|     1    |   0.00 (100.00%)   |       N/A        |        0.00        |       1.00000      |
|              Node390              |     1    |   0.00 (100.00%)   |       N/A        |        0.00        |       1.00000      |
|              Node428              |     1    |   0.00 (100.00%)   |       N/A        |        0.00        |       1.00000      |
|              Node954              |     1    |   0.40 (100.00%)   |       N/A        |        0.00        |       1.00000      |
|Locustella_ochotensis_MTNR1B_LOC...|     1    |   0.15 (100.00%)   |       N/A        |        0.00        |       1.00000      |
|              Node121              |     1    |   0.00 (100.00%)   |       N/A        |        0.00        |       1.00000      |
|              Node381              |     1    |   0.25 (100.00%)   |       N/A        |        0.00        |       1.00000      |
|              Node268              |     1    |   0.00 (100.00%)   |       N/A        |        0.00        |       1.00000      |
|              Node806              |     1    |   0.00 (100.00%)   |       N/A        |        0.00        |       1.00000      |
|              Node909              |     1    |   0.51 (100.00%)   |       N/A        |        0.00        |       1.00000      |
|              Node35               |     1    |   0.17 (100.00%)   |       N/A        |        0.00        |       1.00000      |
|              Node653              |     1    |   0.00 (100.00%)   |       N/A        |        0.00        |       1.00000      |
|  Chelonia_mydas_MTNR1B_102947942  |     1    |   0.16 (100.00%)   |       N/A        |        0.00        |       1.00000      |
|              Node564              |     1    |   0.11 (100.00%)   |       N/A        |        0.00        |       1.00000      |
|Sylvia_atricapilla_MTNR1B_SYLATR...|     1    |   0.00 (100.00%)   |       N/A        |        0.00        |       1.00000      |
|              Node42               |     1    |   0.00 (100.00%)   |       N/A        |        0.00        |       1.00000      |
|              Node140              |     1    |   0.21 (100.00%)   |       N/A        |        0.00        |       1.00000      |
|Sterrhoptilus_dennistouni_MTNR1B...|     1    |   0.00 (100.00%)   |       N/A        |        0.00        |       1.00000      |
|              Node337              |     1    |   0.00 (100.00%)   |       N/A        |        0.00        |       1.00000      |
|              Node43               |     1    |   0.65 (100.00%)   |       N/A        |        0.00        |       1.00000      |
|              Node528              |     1    |   0.00 (100.00%)   |       N/A        |        0.00        |       1.00000      |
|              Node731              |     1    |  >1000 (100.00%)   |       N/A        |        1.94        |       0.14658      |
|              Node535              |     1    |   0.00 (100.00%)   |       N/A        |        0.00        |       1.00000      |
|              Node236              |     1    |   0.00 (100.00%)   |       N/A        |        0.00        |       1.00000      |
|Centropus_unirufus_MTNR1B_CENUNI...|     1    |   0.00 (100.00%)   |       N/A        |        0.00        |       1.00000      |
|              Node576              |     1    |   0.00 (100.00%)   |       N/A        |        0.00        |       1.00000      |
|Oxylabes_madagascariensis_MTNR1B...|     1    |   0.00 (100.00%)   |       N/A        |        0.00        |       1.00000      |
|              Node613              |     1    |   0.20 (100.00%)   |       N/A        |        0.00        |       1.00000      |
|              Node990              |     1    |   0.00 (100.00%)   |       N/A        |        0.00        |       1.00000      |
|Aptenodytes_forsteri_MTNR1B_1039...|     1    |   0.81 (100.00%)   |       N/A        |        0.00        |       1.00000      |
|Poecile_atricapillus_MTNR1B_1315...|     1    |   0.00 (100.00%)   |       N/A        |        0.00        |       1.00000      |
|Circaetus_pectoralis_MTNR1B_CIRP...|     1    |   0.00 (100.00%)   |       N/A        |        0.00        |       1.00000      |
|Aythya_fuligula_MTNR1B_116502149...|     1    |   0.00 (100.00%)   |       N/A        |        0.00        |       1.00000      |
|              Node45               |     1    |   0.81 (100.00%)   |       N/A        |        0.00        |       1.00000      |
|Eudyptes_pachyrhynchus_MTNR1B_MT...|     1    |   0.20 (100.00%)   |       N/A        |        0.00        |       1.00000      |
|              Node446              |     1    |   0.20 (100.00%)   |       N/A        |        0.00        |       1.00000      |
|              Node103              |     1    |   0.00 (100.00%)   |       N/A        |        0.00        |       1.00000      |
|              Node200              |     1    |   0.20 (100.00%)   |       N/A        |        0.00        |       1.00000      |
|  Panthera_uncia_MTNR1B_125938333  |     1    |   0.84 (100.00%)   |       N/A        |        0.00        |       1.00000      |
|              Node80               |     1    |  >1000 (100.00%)   |       N/A        |        1.51        |       0.18463      |
|              Node490              |     1    |   0.00 (100.00%)   |       N/A        |        0.00        |       1.00000      |
|Campylorhamphus_procurvoides_MTN...|     1    |   0.00 (100.00%)   |       N/A        |        0.00        |       1.00000      |
|              Node740              |     1    |   0.00 (100.00%)   |       N/A        |        0.00        |       1.00000      |
|Aphelocoma_coerulescens_MTNR1B_A...|     1    |   0.00 (100.00%)   |       N/A        |        0.00        |       1.00000      |
|Myiozetetes_cayanensis_MTNR1B_12...|     1    |   0.00 (100.00%)   |       N/A        |        0.00        |       1.00000      |
|              Node609              |     1    |   0.20 (100.00%)   |       N/A        |        0.00        |       1.00000      |
|Acrocephalus_arundinaceus_MTNR1B...|     1    |   0.20 (100.00%)   |       N/A        |        0.00        |       1.00000      |
|Taeniopygia_guttata_MTNR1B_75158...|     1    |   0.00 (100.00%)   |       N/A        |        0.00        |       1.00000      |
|              Node595              |     1    |   0.20 (100.00%)   |       N/A        |        0.00        |       1.00000      |
|              Node591              |     1    |   0.00 (100.00%)   |       N/A        |        0.00        |       1.00000      |
|Lonchura_striata_domestica_MTNR1...|     2    |   >1000 ( 0.29%)   |          1       |       12.49        |       0.00066      |
|   Felis_catus_MTNR1B_101083701    |     1    |   0.80 (100.00%)   |       N/A        |        0.00        |       1.00000      |
|Catharus_ustulatus_MTNR1B_116993...|     1    |   0.00 (100.00%)   |       N/A        |        0.00        |       1.00000      |
|              Node878              |     1    |  >1000 (100.00%)   |       N/A        |        1.94        |       0.14612      |
|Vidua_chalybeata_MTNR1B_12878400...|     1    |   0.00 (100.00%)   |       N/A        |        0.00        |       1.00000      |
|              Node284              |     1    |   0.21 (100.00%)   |       N/A        |        0.00        |       1.00000      |
|              Node716              |     1    |   1.45 (100.00%)   |       N/A        |       -0.01        |       0.50000      |
|Mus_musculus_castaneus_MTNR1B_MT...|     1    |   0.79 (100.00%)   |       N/A        |        0.00        |       1.00000      |
|              Node625              |     1    |   0.00 (100.00%)   |       N/A        |        0.00        |       1.00000      |
|              Node776              |     1    |   0.26 (100.00%)   |       N/A        |        0.00        |       1.00000      |
|  Falco_naumanni_MTNR1B_121083468  |     1    |   0.00 (100.00%)   |       N/A        |        0.00        |       1.00000      |
|              Node962              |     1    |   0.21 (100.00%)   |       N/A        |        0.00        |       1.00000      |
|              Node524              |     1    |   0.00 (100.00%)   |       N/A        |        0.00        |       1.00000      |
|              Node574              |     1    |   0.22 (100.00%)   |       N/A        |        0.00        |       1.00000      |
|              Node117              |     1    |   0.25 (100.00%)   |       N/A        |        0.00        |       1.00000      |
|              Node641              |     1    |   0.00 (100.00%)   |       N/A        |        0.00        |       1.00000      |
|              Node859              |     1    |   0.23 (100.00%)   |       N/A        |        0.00        |       1.00000      |
|              Node320              |     1    |   0.00 (100.00%)   |       N/A        |        0.00        |       1.00000      |
|              Node422              |     1    |   0.00 (100.00%)   |       N/A        |        0.00        |       1.00000      |
|Patagioenas_fasciata_monilis_MTN...|     1    |   0.00 (100.00%)   |       N/A        |        0.00        |       1.00000      |
|              Node340              |     1    |   0.00 (100.00%)   |       N/A        |        0.00        |       1.00000      |
|              Node649              |     2    |   >1000 ( 0.31%)   |          1       |        6.86        |       0.01149      |
|              Node402              |     1    |  >1000 (100.00%)   |       N/A        |       49.04        |       0.00000      |
|              Node118              |     1    |   0.00 (100.00%)   |       N/A        |        0.00        |       1.00000      |
|              Node506              |     1    |   0.00 (100.00%)   |       N/A        |        0.00        |       1.00000      |
|              Node37               |     1    |   0.00 (100.00%)   |       N/A        |        0.00        |       1.00000      |
|              Node366              |     1    |   0.00 (100.00%)   |       N/A        |        0.00        |       1.00000      |
|              Node326              |     1    |   0.00 (100.00%)   |       N/A        |        0.00        |       1.00000      |
|Crocodylus_porosus_MTNR1B_109305...|     1    |   0.00 (100.00%)   |       N/A        |        0.00        |       1.00000      |
|Mandrillus_leucophaeus_MTNR1B_10...|     1    |   0.00 (100.00%)   |       N/A        |        0.00        |       1.00000      |
|              Node701              |     1    |   0.00 (100.00%)   |       N/A        |        0.00        |       1.00000      |
|              Node311              |     1    |   0.00 (100.00%)   |       N/A        |        0.00        |       1.00000      |
|              Node365              |     1    |  >1000 (100.00%)   |       N/A        |       55.71        |       0.00000      |
|              Node866              |     1    |   2.64 (100.00%)   |       N/A        |        0.08        |       0.44561      |
|Atlantisia_rogersi_MTNR1B_ATLROG...|     1    |   0.00 (100.00%)   |       N/A        |        0.00        |       1.00000      |
|              Node317              |     1    |   0.00 (100.00%)   |       N/A        |        0.00        |       1.00000      |
|              Node688              |     1    |   0.00 (100.00%)   |       N/A        |        0.00        |       1.00000      |
|              Node961              |     1    |   0.00 (100.00%)   |       N/A        |        0.00        |       1.00000      |
|              Node303              |     1    |   0.30 (100.00%)   |       N/A        |        0.00        |       1.00000      |
|              Node155              |     1    |  >1000 (100.00%)   |       N/A        |        1.06        |       0.23678      |
|              Node681              |     1    |   0.00 (100.00%)   |       N/A        |        0.00        |       1.00000      |
|              Node693              |     1    |   0.00 (100.00%)   |       N/A        |        0.00        |       1.00000      |
|              Node484              |     1    |   0.00 (100.00%)   |       N/A        |        0.00        |       1.00000      |
|Pheucticus_melanocephalus_MTNR1B...|     1    |   0.00 (100.00%)   |       N/A        |        0.00        |       1.00000      |
|              Node55               |     1    |   0.34 (100.00%)   |       N/A        |        0.00        |       1.00000      |
|              Node920              |     1    |  >1000 (100.00%)   |       N/A        |        1.47        |       0.18929      |
|              Node172              |     1    |   0.00 (100.00%)   |       N/A        |        0.00        |       1.00000      |
|  Falco_tinnunculus_MTNR1B_MTNR1B  |     1    |   0.00 (100.00%)   |       N/A        |        0.00        |       1.00000      |
|              Node109              |     1    |   0.34 (100.00%)   |       N/A        |        0.00        |       1.00000      |
|              Node142              |     1    |   0.47 (100.00%)   |       N/A        |        0.00        |       1.00000      |
|              Node258              |     1    |   0.39 (100.00%)   |       N/A        |        0.00        |       1.00000      |
|              Node732              |     1    |   0.37 (100.00%)   |       N/A        |        0.00        |       1.00000      |
|              Node252              |     1    |   0.00 (100.00%)   |       N/A        |        0.00        |       1.00000      |
|Prunella_fulvescens_MTNR1B_PRUFU...|     1    |   0.00 (100.00%)   |       N/A        |        0.00        |       1.00000      |
|              Node99               |     1    |   0.00 (100.00%)   |       N/A        |        0.00        |       1.00000      |
|Calidris_pugnax_MTNR1B_106897608...|     1    |   0.00 (100.00%)   |       N/A        |        0.00        |       1.00000      |
|Ciccaba_nigrolineata_MTNR1B_CICN...|     1    |  >1000 (100.00%)   |       N/A        |       29.55        |       0.00000      |
|Himantopus_himantopus_MTNR1B_HIM...|     1    |   0.39 (100.00%)   |       N/A        |        0.00        |       1.00000      |
|              Node537              |     1    |   0.00 (100.00%)   |       N/A        |        0.00        |       1.00000      |
|              Node648              |     1    |   0.81 (100.00%)   |       N/A        |        0.00        |       1.00000      |
|Asarcornis_scutulata_MTNR1B_ASAS...|     1    |   0.00 (100.00%)   |       N/A        |        0.00        |       1.00000      |
|              Node251              |     1    |   0.39 (100.00%)   |       N/A        |        0.00        |       1.00000      |
|Aquila_chrysaetos_chrysaetos_MTN...|     1    |   0.40 (100.00%)   |       N/A        |        0.00        |       1.00000      |
|              Node212              |     1    |   0.00 (100.00%)   |       N/A        |        0.00        |       1.00000      |
|              Node571              |     1    |   0.00 (100.00%)   |       N/A        |        0.00        |       1.00000      |
|Anser_cygnoides_MTNR1B_106034133...|     1    |   0.00 (100.00%)   |       N/A        |        0.00        |       1.00000      |
|              Node377              |     1    |   0.00 (100.00%)   |       N/A        |        0.00        |       1.00000      |
|Oenanthe_oenanthe_MTNR1B_OENOEN_...|     1    |   0.00 (100.00%)   |       N/A        |        0.00        |       1.00000      |
|   Parus_major_MTNR1B_107213109    |     1    |   0.00 (100.00%)   |       N/A        |        0.00        |       1.00000      |
|              Node198              |     1    |   0.40 (100.00%)   |       N/A        |        0.00        |       1.00000      |
|              Node631              |     1    |   0.40 (100.00%)   |       N/A        |        0.00        |       1.00000      |
|              Node444              |     1    |   0.00 (100.00%)   |       N/A        |        0.00        |       1.00000      |
|Rhinopithecus_roxellana_MTNR1B_1...|     1    |   0.00 (100.00%)   |       N/A        |        0.00        |       1.00000      |
|Rissa_tridactyla_MTNR1B_12891505...|     1    |   0.40 (100.00%)   |       N/A        |        0.00        |       1.00000      |
|              Node486              |     1    |   0.00 (100.00%)   |       N/A        |        0.00        |       1.00000      |
|              Node597              |     1    |   0.00 (100.00%)   |       N/A        |        0.00        |       1.00000      |
|Xiphorhynchus_elegans_MTNR1B_XIP...|     1    |   0.00 (100.00%)   |       N/A        |        0.00        |       1.00000      |
|Tympanuchus_pallidicinctus_MTNR1...|     1    |   0.40 (100.00%)   |       N/A        |        0.00        |       1.00000      |
|              Node514              |     1    |   0.00 (100.00%)   |       N/A        |        0.00        |       1.00000      |
|Loxia_leucoptera_MTNR1B_LOXLEU_R...|     1    |   0.00 (100.00%)   |       N/A        |        0.00        |       1.00000      |
|Cercotrichas_coryphoeus_MTNR1B_C...|     1    |   0.00 (100.00%)   |       N/A        |        0.00        |       1.00000      |
|Corvus_moneduloides_MTNR1B_11643...|     1    |   0.00 (100.00%)   |       N/A        |        0.00        |       1.00000      |
|Pseudopodoces_humilis_MTNR1B_102...|     1    |   0.00 (100.00%)   |       N/A        |        0.00        |       1.00000      |
|              Node612              |     1    |   0.00 (100.00%)   |       N/A        |        0.00        |       1.00000      |
|Marmota_marmota_marmota_MTNR1B_1...|     1    |  >1000 (100.00%)   |       N/A        |       22.36        |       0.00000      |
|              Node551              |     1    |   0.00 (100.00%)   |       N/A        |        0.00        |       1.00000      |
|Camelus_dromedarius_MTNR1B_10509...|     1    |   0.38 (100.00%)   |       N/A        |        0.00        |       1.00000      |
|Centropus_bengalensis_MTNR1B_CEN...|     1    |   0.00 (100.00%)   |       N/A        |        0.00        |       1.00000      |
|              Node166              |     1    |   0.00 (100.00%)   |       N/A        |        0.00        |       1.00000      |
|              Node502              |     1    |   0.00 (100.00%)   |       N/A        |        0.00        |       1.00000      |
|              Node183              |     1    |   0.48 (100.00%)   |       N/A        |        0.00        |       1.00000      |
|              Node324              |     1    |   0.00 (100.00%)   |       N/A        |        0.00        |       1.00000      |
|              Node429              |     1    |   0.00 (100.00%)   |       N/A        |        0.00        |       1.00000      |
|              Node242              |     1    |   0.00 (100.00%)   |       N/A        |        0.00        |       1.00000      |
|Mus_musculus_domesticus_MTNR1B_M...|     1    |   0.40 (100.00%)   |       N/A        |        0.00        |       1.00000      |
|              Node874              |     1    |  >1000 (100.00%)   |       N/A        |        1.30        |       0.20782      |
|Lynx_canadensis_MTNR1B_115525595...|     1    |   0.00 (100.00%)   |       N/A        |        0.00        |       1.00000      |
|Camelus_bactrianus_MTNR1B_105083...|     1    |  >1000 (100.00%)   |       N/A        |       12.71        |       0.00060      |
|              Node873              |     1    |   0.39 (100.00%)   |       N/A        |        0.00        |       1.00000      |
|Prionailurus_viverrinus_MTNR1B_1...|     1    |  >1000 (100.00%)   |       N/A        |        1.29        |       0.20860      |
|              Node125              |     1    |   0.00 (100.00%)   |       N/A        |        0.00        |       1.00000      |
|              Node499              |     1    |   0.00 (100.00%)   |       N/A        |        0.00        |       1.00000      |
|              Node135              |     1    |   0.50 (100.00%)   |       N/A        |        0.00        |       1.00000      |
|Crypturellus_soui_MTNR1B_CRYSOU_...|     1    |   0.00 (100.00%)   |       N/A        |        0.00        |       1.00000      |
|              Node314              |     1    |   0.00 (100.00%)   |       N/A        |        0.00        |       1.00000      |
|              Node356              |     1    |   0.00 (100.00%)   |       N/A        |        0.00        |       1.00000      |
|Cervus_canadensis_MTNR1B_1224312...|     1    |   0.41 (100.00%)   |       N/A        |        0.00        |       1.00000      |
|              Node761              |     1    |  >1000 (100.00%)   |       N/A        |       -0.04        |       0.50000      |
|  Molothrus_ater_MTNR1B_118692886  |     1    |   0.00 (100.00%)   |       N/A        |        0.00        |       1.00000      |
|              Node195              |     1    |  >1000 (100.00%)   |       N/A        |        0.61        |       0.30770      |
|              Node219              |     1    |   0.59 (100.00%)   |       N/A        |        0.00        |       1.00000      |
|              Node151              |     1    |  >1000 (100.00%)   |       N/A        |        0.71        |       0.29031      |
|              Node819              |     1    |  >1000 (100.00%)   |       N/A        |        0.03        |       0.47069      |
|              Node95               |     1    |   0.00 (100.00%)   |       N/A        |        0.00        |       1.00000      |
|Quiscalus_mexicanus_MTNR1B_QUIME...|     1    |   0.00 (100.00%)   |       N/A        |        0.00        |       1.00000      |
|              Node188              |     1    |   0.00 (100.00%)   |       N/A        |        0.00        |       1.00000      |
|              Node336              |     1    |   0.00 (100.00%)   |       N/A        |        0.00        |       1.00000      |
|              Node536              |     1    |   0.00 (100.00%)   |       N/A        |        0.00        |       1.00000      |
|              Node256              |     1    |  >1000 (100.00%)   |       N/A        |        0.74        |       0.28580      |
|              Node370              |     1    |   0.00 (100.00%)   |       N/A        |        0.00        |       1.00000      |
|             Node1011              |     1    |   0.00 (100.00%)   |       N/A        |        0.00        |       1.00000      |
|              Node547              |     1    |   0.00 (100.00%)   |       N/A        |        0.00        |       1.00000      |
|              Node715              |     1    |   0.00 (100.00%)   |       N/A        |        0.00        |       1.00000      |
|              Node689              |     1    |   0.00 (100.00%)   |       N/A        |        0.00        |       1.00000      |
|Aix_galericulata_MTNR1B_LUU34_00...|     1    |   0.00 (100.00%)   |       N/A        |        0.00        |       1.00000      |
|Cairina_moschata_domestica_MTNR1...|     1    |   0.00 (100.00%)   |       N/A        |        0.00        |       1.00000      |
|Casuarius_casuarius_MTNR1B_CASCA...|     1    |  >1000 (100.00%)   |       N/A        |       52.14        |       0.00000      |
|              Node315              |     1    |   0.00 (100.00%)   |       N/A        |        0.00        |       1.00000      |
|Pluvianellus_socialis_MTNR1B_PLU...|     1    |   0.00 (100.00%)   |       N/A        |        0.00        |       1.00000      |
|              Node233              |     1    |  >1000 (100.00%)   |       N/A        |        0.68        |       0.29562      |
|              Node690              |     1    |  >1000 (100.00%)   |       N/A        |        0.54        |       0.32232      |
|              Node567              |     1    |   0.00 (100.00%)   |       N/A        |        0.00        |       1.00000      |
|Cervus_elaphus_hippelaphus_MTNR1...|     1    |  >1000 (100.00%)   |       N/A        |        9.50        |       0.00300      |
|              Node306              |     1    |   0.00 (100.00%)   |       N/A        |        0.00        |       1.00000      |
|              Node702              |     1    |   0.00 (100.00%)   |       N/A        |        0.00        |       1.00000      |
|Agelaius_phoeniceus_MTNR1B_12911...|     1    |   0.00 (100.00%)   |       N/A        |        0.00        |       1.00000      |
|Alligator_sinensis_MTNR1B_102367...|     1    |   0.00 (100.00%)   |       N/A        |        0.00        |       1.00000      |
|              Node647              |     1    |  12.55 (100.00%)   |       N/A        |       -0.01        |       0.50000      |
|              Node325              |     1    |   0.00 (100.00%)   |       N/A        |        0.00        |       1.00000      |
|              Node628              |     1    |   0.00 (100.00%)   |       N/A        |        0.00        |       1.00000      |
|Panthera_pardus_MTNR1B_109267343...|     1    |  >1000 (100.00%)   |       N/A        |        0.69        |       0.29349      |
|Certhia_familiaris_MTNR1B_CERFAM...|     1    |   0.00 (100.00%)   |       N/A        |        0.00        |       1.00000      |
|              Node450              |     1    |   0.00 (100.00%)   |       N/A        |        0.00        |       1.00000      |
|Hippopotamus_amphibius_kiboko_MT...|     1    |   0.00 (100.00%)   |       N/A        |        0.00        |       1.00000      |
|   Cavia_tschudii_MTNR1B_MTNR1B    |     1    |   0.00 (100.00%)   |       N/A        |        0.00        |       1.00000      |
|              Node460              |     1    |   0.00 (100.00%)   |       N/A        |        0.00        |       1.00000      |
|Amazona_guildingii_MTNR1B_AMAGUI...|     1    |  >1000 (100.00%)   |       N/A        |       43.21        |       0.00000      |
|              Node318              |     1    |   0.00 (100.00%)   |       N/A        |        0.00        |       1.00000      |
|              Node416              |     1    |   0.00 (100.00%)   |       N/A        |        0.00        |       1.00000      |
|              Node707              |     1    |   0.00 (100.00%)   |       N/A        |        0.00        |       1.00000      |
|  Vidua_macroura_MTNR1B_128803599  |     1    |   0.00 (100.00%)   |       N/A        |        0.00        |       1.00000      |
|              Node516              |     1    |   0.00 (100.00%)   |       N/A        |        0.00        |       1.00000      |
|              Node194              |     1    |   0.00 (100.00%)   |       N/A        |        0.00        |       1.00000      |
|Gopherus_flavomarginatus_MTNR1B_...|     1    |  >1000 (100.00%)   |       N/A        |        0.63        |       0.30400      |
|              Node674              |     1    |  >1000 (100.00%)   |       N/A        |        0.43        |       0.34510      |
|Falco_biarmicus_MTNR1B_130144704...|     1    |  >1000 (100.00%)   |       N/A        |       36.75        |       0.00000      |
|              Node299              |     1    |  >1000 (100.00%)   |       N/A        |        0.61        |       0.30843      |
|Chrysemys_picta_bellii_MTNR1B_10...|     1    |   0.00 (100.00%)   |       N/A        |        0.00        |       1.00000      |
|              Node127              |     1    |   0.00 (100.00%)   |       N/A        |        0.00        |       1.00000      |
|              Node608              |     1    |  >1000 (100.00%)   |       N/A        |        0.62        |       0.30566      |
|Eudyptes_chrysocome_MTNR1B_MTNR1...|     1    |   0.00 (100.00%)   |       N/A        |        0.00        |       1.00000      |
|              Node110              |     1    |  >1000 (100.00%)   |       N/A        |       63.16        |       0.00000      |
|              Node197              |     1    |  >1000 (100.00%)   |       N/A        |        0.62        |       0.30616      |
|Terrapene_carolina_triunguis_MTN...|     1    |   0.00 (100.00%)   |       N/A        |        0.00        |       1.00000      |
|              Node418              |     1    |  >1000 (100.00%)   |       N/A        |       47.92        |       0.00000      |
|  Anas_zonorhyncha_MTNR1B_MTNR1B   |     1    |  >1000 (100.00%)   |       N/A        |       54.45        |       0.00000      |
|Haliaeetus_leucocephalus_MTNR1B_...|     1    |  >1000 (100.00%)   |       N/A        |       40.72        |       0.00000      |
|              Node493              |     1    |  >1000 (100.00%)   |       N/A        |       53.83        |       0.00000      |
|Trachemys_scripta_elegans_MTNR1B...|     1    |   0.00 (100.00%)   |       N/A        |        0.00        |       1.00000      |
|              Node744              |     1    |  >1000 (100.00%)   |       N/A        |        0.58        |       0.31392      |
|              Node519              |     1    |   0.00 (100.00%)   |       N/A        |        0.00        |       1.00000      |
|              Node331              |     1    |  >1000 (100.00%)   |       N/A        |       54.90        |       0.00000      |
|  Falco_cherrug_MTNR1B_102058996   |     1    |   0.00 (100.00%)   |       N/A        |        0.00        |       1.00000      |
|Lagopus_leucura_MTNR1B_122175133...|     1    |   0.00 (100.00%)   |       N/A        |        0.00        |       1.00000      |
|Oenanthe_melanoleuca_MTNR1B_1302...|     1    |   0.00 (100.00%)   |       N/A        |        0.00        |       1.00000      |
|              Node616              |     1    |   0.00 (100.00%)   |       N/A        |        0.00        |       1.00000      |
|   Lagopus_muta_MTNR1B_125695144   |     1    |   0.00 (100.00%)   |       N/A        |        0.00        |       1.00000      |
|              Node601              |     1    |   0.00 (100.00%)   |       N/A        |        0.00        |       1.00000      |
|              Node322              |     1    |   0.00 (100.00%)   |       N/A        |        0.00        |       1.00000      |
|Aptenodytes_patagonicus_MTNR1B_M...|     1    |  >1000 (100.00%)   |       N/A        |        0.61        |       0.30744      |
|              Node215              |     1    |  >1000 (100.00%)   |       N/A        |        0.36        |       0.36019      |
|              Node458              |     1    |  >1000 (100.00%)   |       N/A        |       58.86        |       0.00000      |
|              Node335              |     1    |   0.00 (100.00%)   |       N/A        |        0.00        |       1.00000      |
|Nomascus_leucogenys_MTNR1B_10117...|     1    |  >1000 (100.00%)   |       N/A        |        0.62        |       0.30696      |
|              Node477              |     1    |   0.00 (100.00%)   |       N/A        |        0.00        |       1.00000      |
|Rhinopithecus_bieti_MTNR1B_10851...|     1    |   0.00 (100.00%)   |       N/A        |        0.00        |       1.00000      |
|              Node141              |     1    |   0.00 (100.00%)   |       N/A        |        0.00        |       1.00000      |
|Lepidothrix_coronata_MTNR1B_1084...|     1    |   0.00 (100.00%)   |       N/A        |        0.00        |       1.00000      |
|Copsychus_sechellarum_MTNR1B_COP...|     1    |   0.00 (100.00%)   |       N/A        |        0.00        |       1.00000      |
|Corvus_cornix_cornix_MTNR1B_1046...|     1    |   0.00 (100.00%)   |       N/A        |        0.00        |       1.00000      |
|Corvus_hawaiiensis_MTNR1B_125321...|     1    |   0.00 (100.00%)   |       N/A        |        0.00        |       1.00000      |
|              Node300              |     1    |   0.00 (100.00%)   |       N/A        |        0.00        |       1.00000      |
|              Node387              |     1    |   0.00 (100.00%)   |       N/A        |        0.00        |       1.00000      |
|              Node145              |     1    |   0.00 (100.00%)   |       N/A        |        0.00        |       1.00000      |
|              Node546              |     1    |   0.00 (100.00%)   |       N/A        |        0.00        |       1.00000      |
|              Node408              |     1    |   0.00 (100.00%)   |       N/A        |        0.00        |       1.00000      |
|Loxia_curvirostra_MTNR1B_LOXCUR_...|     1    |   0.00 (100.00%)   |       N/A        |        0.00        |       1.00000      |
|              Node457              |     1    |   0.00 (100.00%)   |       N/A        |        0.00        |       1.00000      |
|              Node880              |     1    |   0.00 (100.00%)   |       N/A        |        0.00        |       1.00000      |
|              Node168              |     1    |   0.00 (100.00%)   |       N/A        |        0.00        |       1.00000      |
|              Node383              |     1    |   0.00 (100.00%)   |       N/A        |        0.00        |       1.00000      |
|              Node384              |     1    |   0.00 (100.00%)   |       N/A        |        0.00        |       1.00000      |
|              Node179              |     1    |   0.00 (100.00%)   |       N/A        |        0.00        |       1.00000      |
|              Node483              |     1    |   0.00 (100.00%)   |       N/A        |        0.00        |       1.00000      |
|              Node437              |     1    |   0.00 (100.00%)   |       N/A        |        0.00        |       1.00000      |
|              Node403              |     1    |   0.00 (100.00%)   |       N/A        |        0.00        |       1.00000      |
|              Node293              |     1    |   0.00 (100.00%)   |       N/A        |        0.00        |       1.00000      |
|Nothoprocta_perdicaria_MTNR1B_11...|     1    |   0.00 (100.00%)   |       N/A        |        0.00        |       1.00000      |
|              Node376              |     1    |   0.00 (100.00%)   |       N/A        |        0.00        |       1.00000      |
|Onychostruthus_taczanowskii_MTNR...|     1    |   0.00 (100.00%)   |       N/A        |        0.00        |       1.00000      |
|              Node389              |     1    |   0.00 (100.00%)   |       N/A        |        0.00        |       1.00000      |
|     Bos_gaurus_MTNR1B_MTNR1B      |     1    |   0.00 (100.00%)   |       N/A        |        0.00        |       1.00000      |
|              Node404              |     1    |   0.00 (100.00%)   |       N/A        |        0.00        |       1.00000      |
|              Node388              |     1    |   0.00 (100.00%)   |       N/A        |        0.00        |       1.00000      |
|              Node319              |     1    |   0.00 (100.00%)   |       N/A        |        0.00        |       1.00000      |
|              Node298              |     1    |   0.00 (100.00%)   |       N/A        |        0.00        |       1.00000      |
|              Node393              |     1    |   0.00 (100.00%)   |       N/A        |        0.00        |       1.00000      |
|              Node423              |     1    |   0.00 (100.00%)   |       N/A        |        0.00        |       1.00000      |
|              Node678              |     1    |   0.00 (100.00%)   |       N/A        |        0.00        |       1.00000      |
|Bubalus_kerabau_MTNR1B_129653860...|     1    |  >1000 (100.00%)   |       N/A        |       18.07        |       0.00004      |
|              Node405              |     1    |   0.00 (100.00%)   |       N/A        |        0.00        |       1.00000      |
|              Node308              |     1    |   0.00 (100.00%)   |       N/A        |        0.00        |       1.00000      |
|     Bos_taurus_MTNR1B_MTNR1B      |     1    |  >1000 (100.00%)   |       N/A        |        9.53        |       0.00296      |
|              Node461              |     1    |   0.00 (100.00%)   |       N/A        |        0.00        |       1.00000      |
|              Node144              |     1    |   0.00 (100.00%)   |       N/A        |        0.00        |       1.00000      |
|              Node769              |     1    |  >1000 (100.00%)   |       N/A        |        0.28        |       0.37999      |
|              Node392              |     1    |   0.00 (100.00%)   |       N/A        |        0.00        |       1.00000      |
|              Node394              |     1    |   0.00 (100.00%)   |       N/A        |        0.00        |       1.00000      |
|              Node412              |     1    |   0.00 (100.00%)   |       N/A        |        0.00        |       1.00000      |
|              Node476              |     1    |   0.00 (100.00%)   |       N/A        |        0.00        |       1.00000      |
|  Cervus_elaphus_MTNR1B_122705797  |     1    |   0.00 (100.00%)   |       N/A        |        0.00        |       1.00000      |
|              Node459              |     1    |   0.00 (100.00%)   |       N/A        |        0.00        |       1.00000      |
|              Node968              |     1    |   0.00 (100.00%)   |       N/A        |        0.00        |       1.00000      |
|              Node413              |     1    |   0.00 (100.00%)   |       N/A        |        0.00        |       1.00000      |
|              Node594              |     1    |   0.00 (100.00%)   |       N/A        |        0.00        |       1.00000      |
|              Node78               |     1    |   0.00 (100.00%)   |       N/A        |        0.00        |       1.00000      |
|Cavia_porcellus_MTNR1B_100724092...|     1    |   0.00 (100.00%)   |       N/A        |        0.00        |       1.00000      |
|              Node301              |     1    |   0.00 (100.00%)   |       N/A        |        0.00        |       1.00000      |
|              Node97               |     1    |   0.00 (100.00%)   |       N/A        |        0.00        |       1.00000      |
|              Node963              |     1    |   0.00 (100.00%)   |       N/A        |        0.00        |       1.00000      |
|              Node474              |     1    |   0.00 (100.00%)   |       N/A        |        0.00        |       1.00000      |
|              Node511              |     1    |   0.00 (100.00%)   |       N/A        |        0.00        |       1.00000      |
|              Node836              |     1    |   0.00 (100.00%)   |       N/A        |        0.00        |       1.00000      |
|              Node541              |     1    |   0.00 (100.00%)   |       N/A        |        0.00        |       1.00000      |
|              Node621              |     1    |   0.00 (100.00%)   |       N/A        |        0.00        |       1.00000      |
|              Node487              |     1    |   0.00 (100.00%)   |       N/A        |        0.00        |       1.00000      |
|Chloropsis_hardwickii_MTNR1B_CHL...|     1    |   0.00 (100.00%)   |       N/A        |        0.00        |       1.00000      |
|Macaca_thibetana_thibetana_MTNR1...|     1    |   1.00 (100.00%)   |       N/A        |        0.00        |       1.00000      |
|Marmota_himalayana_MTNR1B_MTNR1B...|     1    |   1.00 (100.00%)   |       N/A        |        0.00        |       1.00000      |
|Motacilla_alba_alba_MTNR1B_11970...|     1    |   1.00 (100.00%)   |       N/A        |        0.00        |       1.00000      |
|  Marmota_monax_MTNR1B_124105260   |     1    |   1.00 (100.00%)   |       N/A        |        0.00        |       1.00000      |
|Anas_platyrhynchos_MTNR1B_101805...|     1    |   1.00 (100.00%)   |       N/A        |        0.00        |       1.00000      |
|Amazona_aestiva_MTNR1B_AAES_1070...|     1    |   1.00 (100.00%)   |       N/A        |        0.00        |       1.00000      |
|  Acomys_dimidiatus_MTNR1B_MTNR1B  |     1    |   1.00 (100.00%)   |       N/A        |        0.00        |       1.00000      |
|Motacilla_alba_MTNR1B_MOTALB_R11...|     1    |   1.00 (100.00%)   |       N/A        |        0.00        |       1.00000      |
|Ammospiza_nelsoni_MTNR1B_1320697...|     1    |   1.00 (100.00%)   |       N/A        |        0.00        |       1.00000      |
|Alligator_mississippiensis_MTNR1...|     1    |   1.00 (100.00%)   |       N/A        |        0.00        |       1.00000      |
|  Acomys_cahirinus_MTNR1B_MTNR1B   |     1    |   1.00 (100.00%)   |       N/A        |        0.00        |       1.00000      |
|    Mus_musculus_MTNR1B_244701     |     1    |   1.00 (100.00%)   |       N/A        |        0.00        |       1.00000      |
|    Mus_musculus_MTNR1B_MTNR1B     |     1    |   1.00 (100.00%)   |       N/A        |        0.00        |       1.00000      |
|Ammospiza_caudacuta_MTNR1B_13155...|     1    |   1.00 (100.00%)   |       N/A        |        0.00        |       1.00000      |
|     Canis_lupus_MTNR1B_MTNR1B     |     1    |   1.00 (100.00%)   |       N/A        |        0.00        |       1.00000      |
|   Chrysemys_picta_MTNR1B_MTNR1B   |     1    |   1.00 (100.00%)   |       N/A        |        0.00        |       1.00000      |
|   Caretta_caretta_MTNR1B_MTNR1B   |     1    |   1.00 (100.00%)   |       N/A        |        0.00        |       1.00000      |
|Caretta_caretta_MTNR1B_125633428...|     1    |   1.00 (100.00%)   |       N/A        |        0.00        |       1.00000      |
|Chroicocephalus_maculipennis_MTN...|     1    |   1.00 (100.00%)   |       N/A        |        0.00        |       1.00000      |
|  Eudyptes_filholi_MTNR1B_MTNR1B   |     1    |   1.00 (100.00%)   |       N/A        |        0.00        |       1.00000      |
|Cervus_hanglu_yarkandensis_MTNR1...|     1    |   1.00 (100.00%)   |       N/A        |        0.00        |       1.00000      |
|Larus_smithsonianus_MTNR1B_LARSM...|     1    |   1.00 (100.00%)   |       N/A        |        0.00        |       1.00000      |
|  Corvus_kubaryi_MTNR1B_121662638  |     1    |   1.00 (100.00%)   |       N/A        |        0.00        |       1.00000      |
|Corvus_brachyrhynchos_MTNR1B_103...|     1    |   1.00 (100.00%)   |       N/A        |        0.00        |       1.00000      |
|Certhia_brachydactyla_MTNR1B_CER...|     1    |   1.00 (100.00%)   |       N/A        |        0.00        |       1.00000      |
|    Hyla_sarda_MTNR1B_130358331    |     1    |   1.00 (100.00%)   |       N/A        |        0.00        |       1.00000      |
|  Gopherus_evgoodei_MTNR1B_MTNR1B  |     1    |   1.00 (100.00%)   |       N/A        |        0.00        |       1.00000      |
|    Hyla_sarda_MTNR1B_130358330    |     1    |   1.00 (100.00%)   |       N/A        |        0.00        |       1.00000      |
|Haliaeetus_albicilla_MTNR1B_HALA...|     1    |   1.00 (100.00%)   |       N/A        |        0.00        |       1.00000      |
|Spizaetus_tyrannus_MTNR1B_SPITYR...|     1    |   1.00 (100.00%)   |       N/A        |        0.00        |       1.00000      |
|   Homo_sapiens_MTNR1B_Mel1BR_2    |     1    |   1.00 (100.00%)   |       N/A        |        0.00        |       1.00000      |
|Gopherus_evgoodei_MTNR1B_1156457...|     1    |   1.00 (100.00%)   |       N/A        |        0.00        |       1.00000      |
|    Homo_sapiens_MTNR1B_Mel1BR     |     1    |   1.00 (100.00%)   |       N/A        |        0.00        |       1.00000      |
|Sturnus_vulgaris_MTNR1B_10685395...|     1    |   1.00 (100.00%)   |       N/A        |        0.00        |       1.00000      |
|  Camelus_ferus_MTNR1B_102518364   |     1    |   1.00 (100.00%)   |       N/A        |        0.00        |       1.00000      |
|    Tyto_alba_MTNR1B_104362096     |     1    |   1.00 (100.00%)   |       N/A        |        0.00        |       1.00000      |
|Bubalus_bubalis_MTNR1B_102409257...|     1    |   1.00 (100.00%)   |       N/A        |        0.00        |       1.00000      |
|              Node575              |     1    |   1.00 (100.00%)   |       N/A        |        0.00        |       1.00000      |
|  Tyto_alba_alba_MTNR1B_MTNR1B_2   |     1    |   1.00 (100.00%)   |       N/A        |        0.00        |       1.00000      |
|              Node767              |     1    |   1.00 (100.00%)   |       N/A        |        0.00        |       1.00000      |
|Falco_rusticolus_MTNR1B_11914324...|     1    |   1.00 (100.00%)   |       N/A        |        0.00        |       1.00000      |
|Pantherophis_guttatus_MTNR1B_117...|     1    |   1.00 (100.00%)   |       N/A        |        0.00        |       1.00000      |
|Pipra_filicauda_MTNR1B_114003560...|     1    |   1.00 (100.00%)   |       N/A        |        0.00        |       1.00000      |
|Nothoprocta_pentlandii_MTNR1B_NO...|     1    |   1.00 (100.00%)   |       N/A        |        0.00        |       1.00000      |
|Pantherophis_guttatus_MTNR1B_MTN...|     1    |   1.00 (100.00%)   |       N/A        |        0.00        |       1.00000      |
|Macaca_thibetana_thibetana_MTNR1...|     1    |   1.00 (100.00%)   |       N/A        |        0.00        |       1.00000      |
|Leucopsar_rothschildi_MTNR1B_LEU...|     1    |   1.00 (100.00%)   |       N/A        |        0.00        |       1.00000      |
|Macaca_nemestrina_MTNR1B_1054843...|     1    |   1.00 (100.00%)   |       N/A        |        0.00        |       1.00000      |
|Rattus_norvegicus_MTNR1B_Mel1BR_...|     1    |   1.00 (100.00%)   |       N/A        |        0.00        |       1.00000      |
|Falco_peregrinus_MTNR1B_10191050...|     1    |   1.00 (100.00%)   |       N/A        |        0.00        |       1.00000      |
|  Rattus_norvegicus_MTNR1B_Mel1BR  |     1    |   1.00 (100.00%)   |       N/A        |        0.00        |       1.00000      |
|              Node509              |     1    |   0.00 (100.00%)   |       N/A        |        0.00        |       1.00000      |
|  Eudyptes_moseleyi_MTNR1B_MTNR1B  |     1    |   1.00 (100.00%)   |       N/A        |        0.00        |       1.00000      |
----
### Adaptive branch site random effects likelihood test 
Likelihood ratio test for episodic diversifying positive selection at Holm-Bonferroni corrected _p =   0.0500_ found **18** branches under selection among **957** tested.

* Node110, p-value =  0.00000
* Node458, p-value =  0.00000
* Node365, p-value =  0.00000
* Node331, p-value =  0.00000
* Anas_zonorhyncha_MTNR1B_MTNR1B, p-value =  0.00000
* Node493, p-value =  0.00000
* Casuarius_casuarius_MTNR1B_CASCAS_R11541, p-value =  0.00000
* Node402, p-value =  0.00000
* Node418, p-value =  0.00000
* Amazona_guildingii_MTNR1B_AMAGUI_R01169, p-value =  0.00000
* Haliaeetus_leucocephalus_MTNR1B_104838481, p-value =  0.00000
* Falco_biarmicus_MTNR1B_130144704, p-value =  0.00000
* Ciccaba_nigrolineata_MTNR1B_CICNIG_R10005, p-value =  0.00012
* Mustela_putorius_MTNR1B_MTNR1B, p-value =  0.00263
* Marmota_marmota_marmota_MTNR1B_107145941, p-value =  0.00437
* Gavialis_gangeticus_MTNR1B_109302208, p-value =  0.01062
* Bubalus_kerabau_MTNR1B_129653860, p-value =  0.03763
* Canis_lupus_familiaris_MTNR1B_MTNR1B, p-value =  0.03899

### Annotated Tree
((((((Rhinatrema_bivittatum_MTNR1B_115091496,(Geotrypetes_seraphini_MTNR1B_117362347,Microcaecilia_unicolor_MTNR1B_115468227)Node8)Node6,((Bombina_bombina_MTNR1B_128654617,(Spea_bombifrons_MTNR1B_128474251,Leptobrachium_leishanense_MTNR1B_MTNR1B)Node14)Node12,((((Bufo_bufo_MTNR1B_120994190,Bufo_gargarizans_MTNR1B_122932696)Node20,(Hyla_sarda_MTNR1B_130358331,Hyla_sarda_MTNR1B_130358330)Node23)Node19,(Rana_temporaria_MTNR1B_120928981,Nanorana_parkeri_MTNR1B_108788772)Node26)Node18,(Xenopus_laevis_MTNR1B_108710014,Xenopus_laevis_MTNR1B_108708755)Node29)Node17)Node11)Node5,((((((Caretta_caretta_MTNR1B_125633428,Caretta_caretta_MTNR1B_MTNR1B)Node37,Chelonia_mydas_MTNR1B_102947942)Node36,Dermochelys_coriacea_MTNR1B_119862322)Node35,((Terrapene_carolina_triunguis_MTNR1B_112104539,(Chrysemys_picta_bellii_MTNR1B_101931799,Chrysemys_picta_MTNR1B_MTNR1B)Node45,Trachemys_scripta_elegans_MTNR1B_117871834,Malaclemys_terrapin_pileata_MTNR1B_128830037)Node43,((Chelonoidis_abingdonii_MTNR1B_116818384,(Gopherus_flavomarginatus_MTNR1B_127045711,(Gopherus_evgoodei_MTNR1B_115645789,Gopherus_evgoodei_MTNR1B_MTNR1B)Node57)Node55)Node53,Mauremys_reevesii_MTNR1B_120390701)Node52)Node42)Node34,Pelodiscus_sinensis_MTNR1B_102444642)Node33,(((Alligator_mississippiensis_MTNR1B_102567490,Alligator_sinensis_MTNR1B_102367853)Node64,(Crocodylus_porosus_MTNR1B_109305549,Gavialis_gangeticus_MTNR1B_109302208{0.01061633888018465})Node67)Node63,(((Apteryx_rowi_MTNR1B_112969060,(Casuarius_casuarius_MTNR1B_CASCAS_R11541{1.454342146711696e-09},Dromaius_novaehollandiae_MTNR1B_112988551)Node74,((Eudromia_elegans_MTNR1B_EUDELE_R09478,((Crypturellus_undulatus_MTNR1B_CRYUND_R10727,Crypturellus_soui_MTNR1B_CRYSOU_R04982)Node81,Nothocercus_julius_MTNR1B_NOTJUL_R00765)Node80)Node78,(Nothoprocta_perdicaria_MTNR1B_112958995,(Nothoprocta_ornata_MTNR1B_NOTORN_R10826,Nothoprocta_pentlandii_MTNR1B_NOTPEN_R01114)Node87)Node85)Node77)Node72,Struthio_camelus_australis_MTNR1B_104151773)Node71,(((((((((Aix_galericulata_MTNR1B_LUU34_00726000,Cairina_moschata_domestica_MTNR1B_MTNR1B)Node100,(Anas_platyrhynchos_MTNR1B_101805311,Anas_zonorhyncha_MTNR1B_MTNR1B{4.586085400326567e-10})Node103)Node99,Asarcornis_scutulata_MTNR1B_ASASCU_R11932,Aythya_fuligula_MTNR1B_116502149)Node98,((Cygnus_atratus_MTNR1B_118245936,Cygnus_olor_MTNR1B_121063641)Node110{5.896783061842825e-12},Anser_cygnoides_MTNR1B_106034133)Node109)Node97,Oxyura_jamaicensis_MTNR1B_118168457)Node96,Anseranas_semipalmata_MTNR1B_ANSSEM_R10934)Node95,Chauna_torquata_MTNR1B_CHATOR_R06605)Node94,((((Gallus_gallus_MTNR1B_Mel1BR,Coturnix_japonica_MTNR1B_107308448)Node135,(Numida_meleagris_MTNR1B_110390737,Odontophorus_gujanensis_MTNR1B_ODOGUJ_R01019)Node121,((((Centrocercus_urophasianus_MTNR1B_122171423,Tympanuchus_pallidicinctus_MTNR1B_128074465)Node127,Lagopus_leucura_MTNR1B_122175133,Lagopus_muta_MTNR1B_125695144)Node126,Meleagris_gallopavo_MTNR1B_104909381)Node125,Phasianus_colchicus_MTNR1B_116244432)Node124)Node119,Penelope_pileata_MTNR1B_PENPIL_R12386)Node118,Alectura_lathami_MTNR1B_ALELAT_R11136)Node117)Node93,(((((((((Columba_livia_MTNR1B_102095424,Patagioenas_fasciata_monilis_MTNR1B_AV530_011159)Node303,(Columbina_picui_MTNR1B_COLPIC_R02418,(Caloenas_nicobarica_MTNR1B_CALNIC_R07478,Alopecoenas_beccarii_MTNR1B_ALOBEC_R10269)Node308)Node306)Node302,((((((((((((Oriolus_oriolus_MTNR1B_ORIORI_R12176,Pachycephala_philippinensis_MTNR1B_PACPHI_R09388)Node377,Aleadryas_rufinucha_MTNR1B_ALERUF_R12557)Node376,((((Platysteira_castanea_MTNR1B_DYACAS_R08704,Gymnorhina_tibicen_MTNR1B_GYMTIB_R13840,Rhagologus_leucostigma_MTNR1B_RHALEU_R04220)Node326,(Chaetorhynchus_papuensis_MTNR1B_CHAPAP_R00712,Machaerirhynchus_nigripectus_MTNR1B_MACNIG_R11425)Node331{3.67049390881391e-10})Node325,Edolisoma_coerulescens_MTNR1B_EDOCOE_R13482)Node324,(((Lanius_ludovicianus_MTNR1B_LANLUD_R09599,Ifrita_kowaldi_MTNR1B_IFRKOW_R00350)Node337,((Aphelocoma_coerulescens_MTNR1B_APHCOE_R07191,(Corvus_cornix_cornix_MTNR1B_104690350,Corvus_brachyrhynchos_MTNR1B_103616752,Corvus_kubaryi_MTNR1B_121662638,Corvus_hawaiiensis_MTNR1B_125321827,Corvus_moneduloides_MTNR1B_116439512)Node343)Node341,Myiagra_hebetior_MTNR1B_MYIHEB_R02341)Node340)Node336,Dicrurus_megarhynchus_MTNR1B_DICMEG_R00486)Node335,Ptilorrhoa_leucosticta_MTNR1B_PTILEU_R09153,(Mohoua_ochrocephala_MTNR1B_MOHOCH_R13693,Oreocharis_arfaki_MTNR1B_OREARF_R06727)Node356)Node322,(Vireo_altiloquus_MTNR1B_VIRALT_R12332,Erpornis_zantholeuca_MTNR1B_ERPZAN_R03896)Node360,Cnemophilus_loriae_MTNR1B_CNELOR_R01660,((Dryoscopus_gambensis_MTNR1B_DRYGAM_R13331,Daphoenositta_chrysoptera_MTNR1B_DAPCHR_R13145)Node366,Falcunculus_frontatus_MTNR1B_FALFRO_R10892)Node365{2.453448555428395e-10},(Horornis_vulcanius_MTNR1B_HORVUL_R09800,Mystacornis_crossleyi_MTNR1B_MYSCRO_R04002,Pteruthius_melanotis_MTNR1B_PTEMEL_R03781)Node370)Node320,(((((((Certhia_brachydactyla_MTNR1B_CERBRA_R07180,Certhia_familiaris_MTNR1B_CERFAM_R01509)Node529,Bombycilla_garrulus_MTNR1B_BOMGAR_R04795)Node528,(Regulus_satrapa_MTNR1B_REGSAT_R12255,(Panurus_biarmicus_MTNR1B_PANBIA_R00922,(Brachypodius_atriceps_MTNR1B_BRAATR_R01452,Pycnonotus_jocosus_MTNR1B_PYCJOC_R13337)Node521)Node519,(Dicaeum_eximium_MTNR1B_DICEXI_R12296,Leptocoma_aspasia_MTNR1B_LEPASP_R11482)Node524)Node516,Acrocephalus_arundinaceus_MTNR1B_ACRARU_R05284)Node514,(Hirundo_rustica_MTNR1B_120748807,(Thryothorus_ludovicianus_MTNR1B_THRLUD_R08287,Erythrocercus_mccallii_MTNR1B_ERYMCC_R02436)Node511)Node509,((((((Taeniopygia_guttata_MTNR1B_751588,Lonchura_striata_domestica_MTNR1B_110478410)Node451,(Vidua_chalybeata_MTNR1B_128784004,Vidua_macroura_MTNR1B_128803599)Node454)Node450,(((((Serinus_canaria_MTNR1B_103827257,(Loxia_curvirostra_MTNR1B_LOXCUR_R08617,Loxia_leucoptera_MTNR1B_LOXLEU_R10654)Node398)Node396,Haemorhous_mexicanus_MTNR1B_MTNR1B)Node395,(((((Agelaius_phoeniceus_MTNR1B_129117198,(Quiscalus_mexicanus_MTNR1B_QUIMEX_R05596,Molothrus_ater_MTNR1B_118692886)Node408)Node406,((Melozone_crissalis_MTNR1B_128933142,(Melospiza_georgiana_MTNR1B_131080635,(Ammospiza_nelsoni_MTNR1B_132069773,Ammospiza_caudacuta_MTNR1B_131554448)Node418{1.204472138693902e-08})Node416,((Spizella_passerina_MTNR1B_SPIPAS_R07488,Calcarius_ornatus_MTNR1B_CALORN_R13576)Node423,Nesospiza_acunhae_MTNR1B_NESACU_R05102)Node422,Zonotrichia_albicollis_MTNR1B_102065760)Node413,((Camarhynchus_parvulus_MTNR1B_115905023,Passerina_amoena_MTNR1B_PASAMO_R05827)Node429,Pheucticus_melanocephalus_MTNR1B_PHEMEL_R04285)Node428)Node412,Setophaga_kirtlandii_MTNR1B_SETKIR_R04101)Node405,Emberiza_fucata_MTNR1B_EMBFUC_R10148)Node404,Rhodinocichla_rosea_MTNR1B_RHOROS_R03444)Node403,Ploceus_nigricollis_MTNR1B_PLONIG_R02550)Node402{6.88521184510904e-09})Node394,((Motacilla_alba_MTNR1B_MOTALB_R11945,Motacilla_alba_alba_MTNR1B_119706779)Node438,(Prunella_fulvescens_MTNR1B_PRUFUL_R06059,Prunella_himalayana_MTNR1B_PRUHIM_R09060)Node441)Node437)Node393,(Passer_montanus_MTNR1B_120506782,(Pyrgilauda_ruficollis_MTNR1B_121364207,Onychostruthus_taczanowskii_MTNR1B_121342541)Node446)Node444)Node392,Hypocryptadius_cinnamomeus_MTNR1B_HYPCIN_R00576)Node390,((((((Sturnus_vulgaris_MTNR1B_106853954,Leucopsar_rothschildi_MTNR1B_LEUROT_R08378)Node462,Buphagus_erythrorhynchus_MTNR1B_BUPERY_R02506)Node461,Rhabdornis_inornatus_MTNR1B_RHAINO_R06516)Node460,Elachura_formosa_MTNR1B_ELAFOR_R06954)Node459,(Catharus_ustulatus_MTNR1B_116993023,Catharus_fuscescens_MTNR1B_CATFUS_R08259,Turdus_rufiventris_MTNR1B_TURU_029891)Node468)Node458{5.068057085111377e-11},Peucedramus_taeniatus_MTNR1B_PEUTAE_R05277)Node457)Node389,((((Parus_major_MTNR1B_107213109,Pseudopodoces_humilis_MTNR1B_102105967)Node477,Cyanistes_caeruleus_MTNR1B_111924848)Node476,Poecile_atricapillus_MTNR1B_131585508)Node475,Anthoscopus_minutus_MTNR1B_ANTMIN_R05215)Node474)Node388,(((((Erithacus_rubecula_MTNR1B_ERIRUB_R06532,Ficedula_albicollis_MTNR1B_101813273)Node487,(Oenanthe_oenanthe_MTNR1B_OENOEN_R08455,Oenanthe_melanoleuca_MTNR1B_130258835)Node490)Node486,(Cercotrichas_coryphoeus_MTNR1B_CERCOR_R08584,Copsychus_sechellarum_MTNR1B_COPSEC_R10383)Node493{6.266551721978431e-10})Node485,(Sterrhoptilus_dennistouni_MTNR1B_STEDEN_R13217,Zosterops_hypoxanthus_MTNR1B_ZOSHYP_R10026)Node496)Node484,(Polioptila_caerulea_MTNR1B_POLCAE_R09529,Oxylabes_madagascariensis_MTNR1B_OXYMAD_R04734)Node499)Node483)Node387,((Nicator_chloris_MTNR1B_NICCHL_R10743,Alaudala_cheleensis_MTNR1B_ALACHE_R03865)Node506,Aegithalos_caudatus_MTNR1B_AEGCAU_R13956,Donacobius_atricapilla_MTNR1B_DONATR_R05163)Node502)Node384,(Cettia_cetti_MTNR1B_CETCET_R11050,Rhadina_sibilatrix_MTNR1B_RHASIB_R02241)Node551,(((Leiothrix_lutea_MTNR1B_LEILUT_R06777,Illadopsis_cleaveri_MTNR1B_ILLCLE_R13475)Node537,Pomatorhinus_ruficollis_MTNR1B_PORRUF_R09328)Node536,((Sylvia_atricapilla_MTNR1B_SYLATR_R09233,Sylvia_borin_MTNR1B_SYLBOR_R04594)Node542,Sinosuthora_webbiana_MTNR1B_SINWEB_R01568)Node541)Node535,((Cisticola_juncidis_MTNR1B_CISJUN_R07437,Locustella_ochotensis_MTNR1B_LOCOCH_R12134)Node547,Promerops_cafer_MTNR1B_PROCAF_R02204)Node546)Node383,(Irena_cyanogastra_MTNR1B_IRECYA_R09256,(Chloropsis_hardwickii_MTNR1B_CHLHAR_R10914,Chloropsis_cyanopogon_MTNR1B_CHLCYA_R00847)Node560)Node558,Sitta_europaea_MTNR1B_SITEUR_R12823,Cinclus_mexicanus_MTNR1B_CINMEX_R12406)Node382,(Melanocharis_versteri_MTNR1B_MELVER_R01812,Drymodes_brunneopygia_MTNR1B_DRYBRU_R05518)Node564,(Notiomystis_cincta_MTNR1B_NOTCIN_R05581,Callaeas_wilsoni_MTNR1B_CALWIL_R03285)Node567)Node381)Node319,Chaetops_frenatus_MTNR1B_CHAFRE_R13700)Node318,(Pomatostomus_ruficeps_MTNR1B_POSRUF_R08919,((((Dasyornis_broadbenti_MTNR1B_DASBRO_R15008,Grantiella_picta_MTNR1B_GRAPIC_R06615)Node576,Origma_solitaria_MTNR1B_ORISOL_R10255)Node575,Pardalotus_punctatus_MTNR1B_PARPUN_R10382)Node574,(Malurus_elegans_MTNR1B_MALELE_R02379,Malurus_cyaneus_samueli_MTNR1B_MTNR1B)Node581)Node573)Node571)Node317,Orthonyx_spaldingii_MTNR1B_ORTSPA_R14319)Node316,Ptilonorhynchus_violaceus_MTNR1B_PTIVIO_R00673)Node315,Climacteris_rufus_MTNR1B_CLIRUF_R08601)Node314,(Menura_novaehollandiae_MTNR1B_MENNOV_R08887,Atrichornis_clamosus_MTNR1B_ATRCLA_R00700)Node587)Node313,(((Cephalopterus_ornatus_MTNR1B_CEPORN_R06965,(((Pipra_filicauda_MTNR1B_114003560,Lepidothrix_coronata_MTNR1B_108499599,Manacus_candei_MTNR1B_127467550)Node601,(Neopelma_chrysocephalum_MTNR1B_113964784,Corapipo_altera_MTNR1B_113950069)Node597,Chiroxiphia_lanceolata_MTNR1B_116783329)Node595,Oxyruncus_cristatus_MTNR1B_OXYCRI_R02777,((Piprites_chloris_MTNR1B_PIPCHL_R04172,(((Tyrannus_savana_MTNR1B_TYRSAV_R09930,(Pitangus_sulphuratus_MTNR1B_BTVI_42777,Myiozetetes_cayanensis_MTNR1B_126649490)Node616)Node614,Empidonax_traillii_MTNR1B_114070320)Node613,Mionectes_macconnelli_MTNR1B_MIOMAC_R14617)Node612,(Neopipo_cinnamomea_MTNR1B_NEOCIN_R09906,Tachuris_rubrigastra_MTNR1B_TACRUB_R09013)Node621)Node609,Onychorhynchus_coronatus_MTNR1B_ONYCOR_R11553)Node608)Node594)Node592,(Grallaria_varia_MTNR1B_GRAVAR_R12802,((((Campylorhamphus_procurvoides_MTNR1B_CAMPRO_R02307,Xiphorhynchus_elegans_MTNR1B_XIPELE_R05194)Node631,Furnarius_figulus_MTNR1B_FURFIG_R04304)Node630,Sclerurus_mexicanus_MTNR1B_SCLMEX_R09763)Node629,Formicarius_rufipectus_MTNR1B_FORRUF_R09870)Node628,(Sakesphorus_luctuosus_MTNR1B_SAKLUC_R08662,Willisornis_vidua_MTNR1B_WISP_01921)Node637)Node625)Node591,(((Calyptomena_viridis_MTNR1B_CALVIR_R05258,Smithornis_capensis_MTNR1B_SMICAP_R03568)Node642,Serilophus_lunatus_MTNR1B_SERLUN_R10119)Node641,Sapayoa_aenigma_MTNR1B_SAPAEN_R06463)Node640)Node590)Node312,((((((((Eubucco_bourcierii_MTNR1B_EUBBOU_R02550,(Semnornis_frantzii_MTNR1B_SEMFRA_R03277,Ramphastos_sulfuratus_MTNR1B_RAMSUL_R01382)Node656)Node654,Tricholaema_leucomelas_MTNR1B_TRILEU_R01050)Node653,Psilopogon_haemacephalus_MTNR1B_PSIHAE_R11127)Node652,Dryobates_pubescens_MTNR1B_104305302)Node651,(Indicator_maculatus_MTNR1B_INDMAC_R06052,Indicator_indicator_MTNR1B_128968066)Node662)Node650,(Bucco_capensis_MTNR1B_BUCCAP_R05673,Galbula_dea_MTNR1B_GALDEA_R09863)Node665)Node649,Rhinopomastus_cyanomelas_MTNR1B_RHICYA_R04917)Node648,Urocolius_indicus_MTNR1B_UROIND_R08062)Node647)Node311)Node301,(Fregetta_grallaria_MTNR1B_FREGRA_R02731,Oceanites_oceanicus_MTNR1B_OCEOCE_R11717)Node670)Node300,((Pterocles_gutturalis_MTNR1B_104467363,Pterocles_burchelli_MTNR1B_PTEBUR_R04836)Node674,Syrrhaptes_paradoxus_MTNR1B_SYRPAR_R12847)Node673)Node299,(Chordeiles_acutipennis_MTNR1B_CHOACU_R06477,((Geococcyx_californianus_MTNR1B_GEOCAL_R02561,Trogon_melanurus_MTNR1B_TROMEL_R00484)Node683,(((Fulmarus_glacialis_MTNR1B_104071827,Ciconia_maguari_MTNR1B_CICMAG_R08326)Node690,(Sagittarius_serpentarius_MTNR1B_SAGSER_R06596,((Brachypteracias_leptosomus_MTNR1B_BRALEP_R11182,Eurystomus_gularis_MTNR1B_EURGUL_R14231)Node696,Baryphthengus_martii_MTNR1B_BARMAR_R11306)Node695)Node693)Node689,(((Nyctibius_bracteatus_MTNR1B_NYCBRA_R12945,Nyctibius_grandis_MTNR1B_NYCGRA_R13099)Node703,Antrostomus_carolinensis_MTNR1B_104519303)Node702,((Corythaeola_cristata_MTNR1B_CORCRI_R12271,Corythaixoides_concolor_MTNR1B_CORCON_R13352)Node708,(Atlantisia_rogersi_MTNR1B_ATLROG_R05284,Zapornia_atra_MTNR1B_ZAPATR_R09377)Node711)Node707)Node701,Phaethon_lepturus_MTNR1B_104620551)Node688,((Scopus_umbretta_MTNR1B_SCOUMB_R07336,Mesitornis_unicolor_MTNR1B_104538416)Node716,Anhinga_rufa_MTNR1B_ANHRUF_R02801)Node715,Pandion_haliaetus_MTNR1B_PANHAL_R06504,Eudyptes_sclateri_MTNR1B_MTNR1B,Pelecanus_crispus_MTNR1B_104027724,Eurypyga_helias_MTNR1B_104511074)Node681,Nipponia_nippon_MTNR1B_104017384,((((Strix_occidentalis_caurina_MTNR1B_MTNR1B,Ciccaba_nigrolineata_MTNR1B_CICNIG_R10005{0.0001188606178231799})Node732,Otus_sunia_MTNR1B_MTNR1B)Node731,Glaucidium_brasilianum_MTNR1B_GLABRA_R01006)Node730,(Tyto_alba_MTNR1B_104362096,Tyto_alba_alba_MTNR1B_MTNR1B_2)Node737)Node729,(Cochlearius_cochlearius_MTNR1B_COCCOC_R00526,Podilymbus_podiceps_MTNR1B_PODPOD_R05697)Node740)Node678)Node298,((((((Apus_apus_MTNR1B_127385623,Hemiprocne_comata_MTNR1B_HEMCOM_R00847)Node158,(Calypte_anna_MTNR1B_103534562,Oreotrochilus_melanogaster_MTNR1B_OREMEL_R12895)Node161)Node157,Aegotheles_bennettii_MTNR1B_AEGBEN_R13885)Node156,Podargus_strigoides_MTNR1B_PODSTR_R08020)Node155,((Grus_americana_MTNR1B_129214676,Aramus_guarauna_MTNR1B_ARAGUA_R06810)Node148,(Psophia_crepitans_MTNR1B_PSOCRE_R04301,Heliornis_fulica_MTNR1B_HELFUL_R01094)Node151)Node147,Steatornis_caripensis_MTNR1B_STECAR_R09772)Node145,(Chunga_burmeisteri_MTNR1B_CHUBUR_R03551,(Gymnogyps_californianus_MTNR1B_127024216,(((Falco_biarmicus_MTNR1B_130144704{3.227878520140059e-06},Falco_cherrug_MTNR1B_102058996,Falco_peregrinus_MTNR1B_101910504,Falco_rusticolus_MTNR1B_119143244)Node172,(Falco_tinnunculus_MTNR1B_MTNR1B,Falco_naumanni_MTNR1B_121083468)Node179)Node171,Herpetotheres_cachinnans_MTNR1B_HERCAC_R06577)Node170,((Bucorvus_abyssinicus_MTNR1B_BUCABY_R02486,Buceros_rhinoceros_silvestris_MTNR1B_104501473)Node184,((Chloroceryle_aenea_MTNR1B_CHLAEN_R09243,Ceyx_cyanopectus_MTNR1B_CEYCYA_R06739)Node188,Halcyon_senegalensis_MTNR1B_HALSEN_R14105)Node187)Node183)Node168,(((((Accipiter_gentilis_MTNR1B_126048492,(Haliaeetus_albicilla_MTNR1B_HALALB_R01016,Haliaeetus_leucocephalus_MTNR1B_104838481{4.417502192932687e-07})Node200)Node198,Harpia_harpyja_MTNR1B_128153488)Node197,(Aquila_chrysaetos_chrysaetos_MTNR1B_115353560,Spizaetus_tyrannus_MTNR1B_SPITYR_R09301)Node205,Circaetus_pectoralis_MTNR1B_CIRPEC_R00790)Node196,(Ardeotis_kori_MTNR1B_ARDKOR_R08476,Lophotis_ruficrista_MTNR1B_LOPRUF_R09847)Node209)Node195,(((((Amazona_aestiva_MTNR1B_AAES_107064,Amazona_guildingii_MTNR1B_AMAGUI_R01169{1.268436355950087e-07})Node216,(Melopsittacus_undulatus_MTNR1B_101877508,Pezoporus_wallicus_MTNR1B_130606340)Node219)Node215,(Probosciger_aterrimus_MTNR1B_PROATE_R07922,Eolophus_roseicapilla_MTNR1B_EOLROS_R00926)Node222)Node214,(Nestor_notabilis_MTNR1B_104411137,Strigops_habroptila_MTNR1B_115604221)Node225)Node213,((Chionis_minor_MTNR1B_CHIMIN_R12793,Pluvianellus_socialis_MTNR1B_PLUSOC_R06962)Node229,Burhinus_bistriatus_MTNR1B_BURBIS_R10285)Node228)Node212)Node194,(((((Rynchops_niger_MTNR1B_RYNNIG_R10871,(Chroicocephalus_maculipennis_MTNR1B_CHRMAC_R10564,Rissa_tridactyla_MTNR1B_128915050,Larus_smithsonianus_MTNR1B_LARSMI_R13890)Node244,Phaetusa_simplex_MTNR1B_PHASIM_R01031)Node242,(Uria_aalge_MTNR1B_URIAAL_R14161,Cepphus_grylle_MTNR1B_CEPGRY_R04289)Node238,Stercorarius_parasiticus_MTNR1B_STEPAR_R06862)Node236,((Glareola_pratincola_MTNR1B_GLAPRA_R06677,Rhinoptilus_africanus_MTNR1B_RHIAFR_R05227)Node252,Dromas_ardeola_MTNR1B_DROARD_R02575)Node251)Node235,((((Jacana_jacana_MTNR1B_JACJAC_R07732,(Rostratula_benghalensis_MTNR1B_ROSBEN_R08942,Nycticryphes_semicollaris_MTNR1B_NYCSEM_R01866)Node261)Node259,(Thinocorus_orbignyianus_MTNR1B_THIORB_R10965,Pedionomus_torquatus_MTNR1B_PEDTOR_R13227)Node264)Node258,((Arenaria_interpres_MTNR1B_AREINT_R00927,Calidris_pugnax_MTNR1B_106897608)Node268,Limosa_lapponica_baueri_MTNR1B_llap_19763)Node267)Node257,Turnix_velox_MTNR1B_TURVEL_R08681)Node256)Node234,(Charadrius_vociferus_MTNR1B_104283038,(Himantopus_himantopus_MTNR1B_HIMHIM_R04147,Ibidorhyncha_struthersii_MTNR1B_IBISTR_R08413)Node275)Node273)Node233)Node166)Node144,((Aptenodytes_forsteri_MTNR1B_103904761,Aptenodytes_patagonicus_MTNR1B_MTNR1B_2)Node281,(Pygoscelis_papua_MTNR1B_KCX85_0012992,(Eudyptes_chrysocome_MTNR1B_MTNR1B,Eudyptes_filholi_MTNR1B_MTNR1B,Eudyptes_moseleyi_MTNR1B_MTNR1B,Eudyptes_pachyrhynchus_MTNR1B_MTNR1B)Node286)Node284)Node280,((Pelecanoides_urinatrix_MTNR1B_PELURI_R09688,Calonectris_borealis_MTNR1B_CALBOR_R06471)Node294,Oceanodroma_tethys_MTNR1B_HYDTET_R03865)Node293)Node142,Fregata_magnificens_MTNR1B_FREMAG_R09275)Node141,((Crotophaga_sulcirostris_MTNR1B_CROSUL_R12004,(((Piaya_cayana_MTNR1B_PIACAY_R02150,Ceuthmochares_aereus_MTNR1B_CEUAER_R00500)Node749,Cuculus_canorus_MTNR1B_104064196)Node748,(Centropus_unirufus_MTNR1B_CENUNI_R03451,Centropus_bengalensis_MTNR1B_CENBEN_R00213)Node753)Node747)Node745,Rhynochetos_jubatus_MTNR1B_RHYJUB_R13745)Node744)Node140)Node92)Node70)Node62)Node32)Node4,((Turdus_rufiventris_MTNR1B_TURU_127601,((Aptenodytes_patagonicus_MTNR1B_MTNR1B,Eudyptes_chrysocome_MTNR1B_MTNR1B_2)Node761,Tyto_alba_alba_MTNR1B_MTNR1B)Node760)Node758,((((((Pteropus_giganteus_MTNR1B_120590217,((Miniopterus_natalensis_MTNR1B_107532365,((Myotis_myotis_MTNR1B_118662708,Myotis_davidii_MTNR1B_102751740)Node776,Myotis_brandtii_MTNR1B_102260326)Node775)Node773,Molossus_molossus_MTNR1B_118627852)Node772)Node770,((((((Otolemur_garnettii_MTNR1B_100957049,Nycticebus_coucang_MTNR1B_128564556)Node786,(Daubentonia_madagascariensis_MTNR1B_MTNR1B,(Microcebus_murinus_MTNR1B_105857333,Propithecus_coquereli_MTNR1B_105820691)Node791)Node789)Node785,(((Mandrillus_leucophaeus_MTNR1B_105550119,(Macaca_nemestrina_MTNR1B_105484359,Macaca_thibetana_thibetana_MTNR1B_126936291,Macaca_thibetana_thibetana_MTNR1B_MTNR1B)Node798)Node796,(Rhinopithecus_bieti_MTNR1B_108515031,Rhinopithecus_roxellana_MTNR1B_104657539)Node803)Node795,(((Pongo_pygmaeus_MTNR1B_129008229,Pongo_abelii_MTNR1B_100431297)Node808,(Homo_sapiens_MTNR1B_Mel1BR,Homo_sapiens_MTNR1B_Mel1BR_2)Node811)Node807,(Nomascus_leucogenys_MTNR1B_101179499,Hylobates_pileatus_MTNR1B_MTNR1B)Node814)Node806)Node794)Node784,Tupaia_chinensis_MTNR1B_102495117)Node783,(((((Ochotona_princeps_MTNR1B_101525904,Ochotona_curzoniae_MTNR1B_121154010)Node822,Oryctolagus_cuniculus_MTNR1B_100353746)Node821,(Castor_canadensis_MTNR1B_109701771,((Dipodomys_ordii_MTNR1B_105995145,Dipodomys_spectabilis_MTNR1B_122112335)Node829,Perognathus_longimembris_pacificus_MTNR1B_125350893)Node828)Node826)Node820,((((Marmota_monax_MTNR1B_124105260,Marmota_marmota_marmota_MTNR1B_107145941{0.004370612421064235},Marmota_himalayana_MTNR1B_MTNR1B)Node836,Marmota_flaviventris_MTNR1B_114105026)Node835,(Sciurus_carolinensis_MTNR1B_124958102,Sciurus_vulgaris_MTNR1B_MTNR1B)Node842)Node834,(((((Myodes_glareolus_MTNR1B_125400708,((Microtus_ochrogaster_MTNR1B_101998842,Microtus_oregoni_MTNR1B_121451247)Node852,Microtus_fortis_MTNR1B_126487668)Node851)Node849,Arvicola_amphibius_MTNR1B_119809269)Node848,(((Peromyscus_eremicus_MTNR1B_131914069,Peromyscus_californicus_insignis_MTNR1B_128119602)Node859,Peromyscus_maniculatus_bairdii_MTNR1B_102920355)Node858,Onychomys_torridus_MTNR1B_118586699)Node857)Node847,(((((((Mus_caroli_MTNR1B_110302494,(((Mus_musculus_MTNR1B_244701,Mus_musculus_MTNR1B_MTNR1B)Node874,Mus_musculus_domesticus_MTNR1B_MTNR1B)Node873,(Mus_musculus_castaneus_MTNR1B_MTNR1B,(Mus_musculus_musculus_MTNR1B_MTNR1B,Mus_musculus_molossinus_MTNR1B_MTNR1B)Node880)Node878)Node872)Node870,Mus_pahari_MTNR1B_110328523)Node869,Mus_minutoides_MTNR1B_MTNR1B)Node868,Apodemus_sylvaticus_MTNR1B_127690181)Node867,Arvicanthis_niloticus_MTNR1B_117699934)Node866,((Rattus_norvegicus_MTNR1B_Mel1BR,Rattus_norvegicus_MTNR1B_Mel1BR_2)Node888,Rattus_rattus_MTNR1B_116908057)Node887)Node865,(Meriones_unguiculatus_MTNR1B_110547530,(Acomys_cahirinus_MTNR1B_MTNR1B,Acomys_dimidiatus_MTNR1B_MTNR1B)Node894)Node892)Node864)Node846,Jaculus_jaculus_MTNR1B_101615359)Node845)Node833)Node819,((((Cavia_porcellus_MTNR1B_100724092,Cavia_tschudii_MTNR1B_MTNR1B)Node901,Hydrochoerus_hydrochaeris_MTNR1B_MTNR1B)Node900,Chinchilla_lanigera_MTNR1B_102006023)Node899,Fukomys_damarensis_MTNR1B_104868770)Node898)Node818)Node782,Elephas_maximus_indicus_MTNR1B_126078900)Node781)Node769,(((Crocuta_crocuta_MTNR1B_MTNR1B,((Lynx_canadensis_MTNR1B_115525595,Felis_catus_MTNR1B_101083701,(Prionailurus_viverrinus_MTNR1B_125177173,Felis_catus_x_Prionailurus_bengalensis_MTNR1B_MTNR1B)Node923)Node920,(Panthera_pardus_MTNR1B_109267343,Panthera_uncia_MTNR1B_125938333,Panthera_leo_MTNR1B_122200340)Node914,Felis_catus_x_Leopardus_geoffroyi_MTNR1B_MTNR1B)Node912)Node910,(Canis_lupus_MTNR1B_MTNR1B,Canis_lupus_familiaris_MTNR1B_MTNR1B{0.03898879813880818})Node927)Node909,((Martes_zibellina_MTNR1B_MTNR1B,Mustela_putorius_MTNR1B_MTNR1B{0.002632284878123059})Node931,(Callorhinus_ursinus_MTNR1B_112840514,Zalophus_californianus_MTNR1B_113913700)Node934)Node930)Node908)Node768,((Equus_quagga_MTNR1B_124225175,Equus_przewalskii_MTNR1B_103548037)Node938,(Diceros_bicornis_minor_MTNR1B_131408988,Ceratotherium_simum_cottoni_MTNR1B_MTNR1B)Node941)Node937)Node767,(((((Hippopotamus_amphibius_MTNR1B_MTNR1B,Hippopotamus_amphibius_kiboko_MTNR1B_130829040)Node948,((Odocoileus_virginianus_texanus_MTNR1B_110127734,(Cervus_elaphus_MTNR1B_122705797,Cervus_hanglu_yarkandensis_MTNR1B_MTNR1B,Cervus_elaphus_hippelaphus_MTNR1B_Celaphus_00013623,Cervus_canadensis_MTNR1B_122431260)Node954)Node952,(((Tragelaphus_strepsiceros_MTNR1B_MTNR1B,((Bos_mutus_MTNR1B_102277187,(Bos_taurus_MTNR1B_MTNR1B,Bos_gaurus_MTNR1B_MTNR1B,Bos_indicus_x_Bos_taurus_MTNR1B_113886091,Bison_bison_bison_MTNR1B_104999620)Node968)Node966,(Bubalus_bubalis_MTNR1B_102409257,Bubalus_kerabau_MTNR1B_129653860{0.03762582348456261})Node975)Node965)Node963,Capra_hircus_MTNR1B_102176302)Node962,Moschus_berezovskii_MTNR1B_129542121)Node961)Node951)Node947,Phocoena_sinus_MTNR1B_MTNR1B)Node946,Sus_scrofa_MTNR1B_100511397)Node945,((Camelus_dromedarius_MTNR1B_105094616,Camelus_bactrianus_MTNR1B_105083508,Camelus_ferus_MTNR1B_102518364)Node983,Vicugna_pacos_huacaya_MTNR1B_MTNR1B)Node982)Node944)Node766,(((Monodelphis_domestica_MTNR1B_100015466,Gracilinanus_agilis_MTNR1B_123241323)Node991,Dromiciops_gliroides_MTNR1B_122747863)Node990,Trichosurus_vulpecula_MTNR1B_118835450)Node989)Node765)Node757)Node3,((Gekko_japonicus_MTNR1B_107114658,Euleptes_europaea_MTNR1B_130484977)Node997,Eublepharis_macularius_MTNR1B_129326075)Node996)Node2,((((Sceloporus_undulatus_MTNR1B_121926302,Anolis_carolinensis_MTNR1B_100560838)Node1004,Pogona_vitticeps_MTNR1B_110091096)Node1003,((Zootoca_vivipara_MTNR1B_118085260,((Podarcis_muralis_MTNR1B_114595621,Podarcis_raffonei_MTNR1B_128412541)Node1012,Lacerta_agilis_MTNR1B_117045238)Node1011)Node1009,Varanus_komodoensis_MTNR1B_123029361)Node1008)Node1002,(((Pantherophis_guttatus_MTNR1B_117660437,Pantherophis_guttatus_MTNR1B_MTNR1B)Node1019,(Naja_naja_MTNR1B_MTNR1B,Pseudonaja_textilis_MTNR1B_113440456)Node1022)Node1018,(Thamnophis_elegans_MTNR1B_116510552,Thamnophis_sirtalis_MTNR1B_106545428)Node1025)Node1017)Node1001,Hemicordylus_capensis_MTNR1B_128350275)

----

```
     |Rhinatrema_bivittatum_MTNR1B_115091496 (N.S)
    |+Node6 (N.S)
    |||Geotrypetes_seraphini_MTNR1B_117362347 (N.S)
    ||+Node8 (N.S)
    | |Microcaecilia_unicolor_MTNR1B_115468227 (N.S)
   |+Node5 (N.S)
   || |Bombina_bombina_MTNR1B_128654617 (N.S)
   |||+Node12 (N.S)
   |||||Spea_bombifrons_MTNR1B_128474251 (N.S)
   ||||+Node14 (N.S)
   ||| |Leptobrachium_leishanense_MTNR1B_MTNR1B (N.S)
   ||+Node11 (N.S)
   | |   |Bufo_bufo_MTNR1B_120994190 (N.S)
   | |  |+Node20 (N.S)
   | |  ||Bufo_gargarizans_MTNR1B_122932696 (N.S)
   | | |+Node19 (N.S)
   | | |||Hyla_sarda_MTNR1B_130358331 (N.S)
   | | ||+Node23 (N.S)
   | | | |Hyla_sarda_MTNR1B_130358330 (N.S)
   | ||+Node18 (N.S)
   | ||||Rana_temporaria_MTNR1B_120928981 (N.S)
   | |||+Node26 (N.S)
   | || |Nanorana_parkeri_MTNR1B_108788772 (N.S)
   | |+Node17 (N.S)
   |  ||Xenopus_laevis_MTNR1B_108710014 (N.S)
   |  |+Node29 (N.S)
   |   |Xenopus_laevis_MTNR1B_108708755 (N.S)
  |+Node4 (N.S)
  ||     |Caretta_caretta_MTNR1B_125633428 (N.S)
  ||    |+Node37 (N.S)
  ||    ||Caretta_caretta_MTNR1B_MTNR1B (N.S)
  ||   |+Node36 (N.S)
  ||   ||Chelonia_mydas_MTNR1B_102947942 (N.S)
  ||  |+Node35 (N.S)
  ||  ||Dermochelys_coriacea_MTNR1B_119862322 (N.S)
  || |+Node34 (N.S)
  || || |Terrapene_carolina_triunguis_MTNR1B_112104539 (N.S)
  || || ||Chrysemys_picta_bellii_MTNR1B_101931799 (N.S)
  || || |+Node45 (N.S)
  || || ||Chrysemys_picta_MTNR1B_MTNR1B (N.S)
  || |||+Node43 (N.S)
  || ||||Trachemys_scripta_elegans_MTNR1B_117871834 (N.S)
  || ||||Malaclemys_terrapin_pileata_MTNR1B_128830037 (N.S)
  || ||+Node42 (N.S)
  || | | |Chelonoidis_abingdonii_MTNR1B_116818384 (N.S)
  || | ||+Node53 (N.S)
  || | ||||Gopherus_flavomarginatus_MTNR1B_127045711 (N.S)
  || | |||+Node55 (N.S)
  || | || ||Gopherus_evgoodei_MTNR1B_115645789 (N.S)
  || | || |+Node57 (N.S)
  || | ||  |Gopherus_evgoodei_MTNR1B_MTNR1B (N.S)
  || | |+Node52 (N.S)
  || |  |Mauremys_reevesii_MTNR1B_120390701 (N.S)
  |||+Node33 (N.S)
  ||||Pelodiscus_sinensis_MTNR1B_102444642 (N.S)
  ||+Node32 (N.S)
  | |  |Alligator_mississippiensis_MTNR1B_102567490 (N.S)
  | | |+Node64 (N.S)
  | | ||Alligator_sinensis_MTNR1B_102367853 (N.S)
  | ||+Node63 (N.S)
  | ||||Crocodylus_porosus_MTNR1B_109305549 (N.S)
  | |||+Node67 (N.S)
  | || |Gavialis_gangeticus_MTNR1B_109302208 (0.01061633888018465)
  | |+Node62 (N.S)
  |  |  |Apteryx_rowi_MTNR1B_112969060 (N.S)
  |  | |+Node72 (N.S)
  |  | |||Casuarius_casuarius_MTNR1B_CASCAS_R11541 (1.454342146711696e-09)
  |  | ||+Node74 (N.S)
  |  | |||Dromaius_novaehollandiae_MTNR1B_112988551 (N.S)
  |  | || |Eudromia_elegans_MTNR1B_EUDELE_R09478 (N.S)
  |  | |||+Node78 (N.S)
  |  | |||| |Crypturellus_undulatus_MTNR1B_CRYUND_R10727 (N.S)
  |  | |||||+Node81 (N.S)
  |  | ||||||Crypturellus_soui_MTNR1B_CRYSOU_R04982 (N.S)
  |  | ||||+Node80 (N.S)
  |  | ||| |Nothocercus_julius_MTNR1B_NOTJUL_R00765 (N.S)
  |  | ||+Node77 (N.S)
  |  | | ||Nothoprocta_perdicaria_MTNR1B_112958995 (N.S)
  |  | | |+Node85 (N.S)
  |  | |  ||Nothoprocta_ornata_MTNR1B_NOTORN_R10826 (N.S)
  |  | |  |+Node87 (N.S)
  |  | |   |Nothoprocta_pentlandii_MTNR1B_NOTPEN_R01114 (N.S)
  |  ||+Node71 (N.S)
  |  |||Struthio_camelus_australis_MTNR1B_104151773 (N.S)
  |  |+Node70 (N.S)
  |   |        |Aix_galericulata_MTNR1B_LUU34_00726000 (N.S)
  |   |       |+Node100 (N.S)
  |   |       ||Cairina_moschata_domestica_MTNR1B_MTNR1B (N.S)
  |   |      |+Node99 (N.S)
  |   |      |||Anas_platyrhynchos_MTNR1B_101805311 (N.S)
  |   |      ||+Node103 (N.S)
  |   |      | |Anas_zonorhyncha_MTNR1B_MTNR1B (4.586085400326567e-10)
  |   |     |+Node98 (N.S)
  |   |     ||Asarcornis_scutulata_MTNR1B_ASASCU_R11932 (N.S)
  |   |     ||Aythya_fuligula_MTNR1B_116502149 (N.S)
  |   |    |+Node97 (N.S)
  |   |    || |Cygnus_atratus_MTNR1B_118245936 (N.S)
  |   |    |||+Node110 (5.896783061842825e-12)
  |   |    ||||Cygnus_olor_MTNR1B_121063641 (N.S)
  |   |    ||+Node109 (N.S)
  |   |    | |Anser_cygnoides_MTNR1B_106034133 (N.S)
  |   |   |+Node96 (N.S)
  |   |   ||Oxyura_jamaicensis_MTNR1B_118168457 (N.S)
  |   |  |+Node95 (N.S)
  |   |  ||Anseranas_semipalmata_MTNR1B_ANSSEM_R10934 (N.S)
  |   | |+Node94 (N.S)
  |   | ||Chauna_torquata_MTNR1B_CHATOR_R06605 (N.S)
  |   ||+Node93 (N.S)
  |   |||   |Gallus_gallus_MTNR1B_Mel1BR (N.S)
  |   |||  |+Node135 (N.S)
  |   |||  ||Coturnix_japonica_MTNR1B_107308448 (N.S)
  |   ||| |+Node119 (N.S)
  |   ||| |||Numida_meleagris_MTNR1B_110390737 (N.S)
  |   ||| ||+Node121 (N.S)
  |   ||| |||Odontophorus_gujanensis_MTNR1B_ODOGUJ_R01019 (N.S)
  |   ||| ||   |Centrocercus_urophasianus_MTNR1B_122171423 (N.S)
  |   ||| ||  |+Node127 (N.S)
  |   ||| ||  ||Tympanuchus_pallidicinctus_MTNR1B_128074465 (N.S)
  |   ||| || |+Node126 (N.S)
  |   ||| || ||Lagopus_leucura_MTNR1B_122175133 (N.S)
  |   ||| || ||Lagopus_muta_MTNR1B_125695144 (N.S)
  |   ||| |||+Node125 (N.S)
  |   ||| ||||Meleagris_gallopavo_MTNR1B_104909381 (N.S)
  |   ||| ||+Node124 (N.S)
  |   ||| | |Phasianus_colchicus_MTNR1B_116244432 (N.S)
  |   ||||+Node118 (N.S)
  |   |||||Penelope_pileata_MTNR1B_PENPIL_R12386 (N.S)
  |   |||+Node117 (N.S)
  |   || |Alectura_lathami_MTNR1B_ALELAT_R11136 (N.S)
  |   |+Node92 (N.S)
  |    |        |Columba_livia_MTNR1B_102095424 (N.S)
  |    |       |+Node303 (N.S)
  |    |       ||Patagioenas_fasciata_monilis_MTNR1B_AV530_011159 (N.S)
  |    |      |+Node302 (N.S)
  |    |      |||Columbina_picui_MTNR1B_COLPIC_R02418 (N.S)
  |    |      ||+Node306 (N.S)
  |    |      | ||Caloenas_nicobarica_MTNR1B_CALNIC_R07478 (N.S)
  |    |      | |+Node308 (N.S)
  |    |      |  |Alopecoenas_beccarii_MTNR1B_ALOBEC_R10269 (N.S)
  |    |     |+Node301 (N.S)
  |    |     ||           |Oriolus_oriolus_MTNR1B_ORIORI_R12176 (N.S)
  |    |     ||          |+Node377 (N.S)
  |    |     ||          ||Pachycephala_philippinensis_MTNR1B_PACPHI_R09388 (N.S)
  |    |     ||         |+Node376 (N.S)
  |    |     ||         ||Aleadryas_rufinucha_MTNR1B_ALERUF_R12557 (N.S)
  |    |     ||         |   |Platysteira_castanea_MTNR1B_DYACAS_R08704 (N.S)
  |    |     ||         |  |+Node326 (N.S)
  |    |     ||         |  ||Gymnorhina_tibicen_MTNR1B_GYMTIB_R13840 (N.S)
  |    |     ||         |  ||Rhagologus_leucostigma_MTNR1B_RHALEU_R04220 (N.S)
  |    |     ||         | |+Node325 (N.S)
  |    |     ||         | |||Chaetorhynchus_papuensis_MTNR1B_CHAPAP_R00712 (N.S)
  |    |     ||         | ||+Node331 (3.67049390881391e-10)
  |    |     ||         | | |Machaerirhynchus_nigripectus_MTNR1B_MACNIG_R11425 (N.S)
  |    |     ||         ||+Node324 (N.S)
  |    |     ||         |||Edolisoma_coerulescens_MTNR1B_EDOCOE_R13482 (N.S)
  |    |     ||         ||  |Lanius_ludovicianus_MTNR1B_LANLUD_R09599 (N.S)
  |    |     ||         || |+Node337 (N.S)
  |    |     ||         || ||Ifrita_kowaldi_MTNR1B_IFRKOW_R00350 (N.S)
  |    |     ||         |||+Node336 (N.S)
  |    |     ||         |||| |Aphelocoma_coerulescens_MTNR1B_APHCOE_R07191 (N.S)
  |    |     ||         |||||+Node341 (N.S)
  |    |     ||         |||||||Corvus_cornix_cornix_MTNR1B_104690350 (N.S)
  |    |     ||         |||||||Corvus_brachyrhynchos_MTNR1B_103616752 (N.S)
  |    |     ||         ||||||+Node343 (N.S)
  |    |     ||         ||||| |Corvus_kubaryi_MTNR1B_121662638 (N.S)
  |    |     ||         ||||| |Corvus_hawaiiensis_MTNR1B_125321827 (N.S)
  |    |     ||         ||||| |Corvus_moneduloides_MTNR1B_116439512 (N.S)
  |    |     ||         ||||+Node340 (N.S)
  |    |     ||         ||| |Myiagra_hebetior_MTNR1B_MYIHEB_R02341 (N.S)
  |    |     ||         ||+Node335 (N.S)
  |    |     ||         |||Dicrurus_megarhynchus_MTNR1B_DICMEG_R00486 (N.S)
  |    |     ||         |+Node322 (N.S)
  |    |     ||         ||Ptilorrhoa_leucosticta_MTNR1B_PTILEU_R09153 (N.S)
  |    |     ||         |||Mohoua_ochrocephala_MTNR1B_MOHOCH_R13693 (N.S)
  |    |     ||         ||+Node356 (N.S)
  |    |     ||         | |Oreocharis_arfaki_MTNR1B_OREARF_R06727 (N.S)
  |    |     ||         ||Vireo_altiloquus_MTNR1B_VIRALT_R12332 (N.S)
  |    |     ||         |+Node360 (N.S)
  |    |     ||         ||Erpornis_zantholeuca_MTNR1B_ERPZAN_R03896 (N.S)
  |    |     ||        |+Node320 (N.S)
  |    |     ||        ||Cnemophilus_loriae_MTNR1B_CNELOR_R01660 (N.S)
  |    |     ||        || |Dryoscopus_gambensis_MTNR1B_DRYGAM_R13331 (N.S)
  |    |     ||        |||+Node366 (N.S)
  |    |     ||        ||||Daphoenositta_chrysoptera_MTNR1B_DAPCHR_R13145 (N.S)
  |    |     ||        ||+Node365 (2.453448555428395e-10)
  |    |     ||        |||Falcunculus_frontatus_MTNR1B_FALFRO_R10892 (N.S)
  |    |     ||        |||Horornis_vulcanius_MTNR1B_HORVUL_R09800 (N.S)
  |    |     ||        ||+Node370 (N.S)
  |    |     ||        | |Mystacornis_crossleyi_MTNR1B_MYSCRO_R04002 (N.S)
  |    |     ||        | |Pteruthius_melanotis_MTNR1B_PTEMEL_R03781 (N.S)
  |    |     ||       |+Node319 (N.S)
  |    |     ||       ||      |Certhia_brachydactyla_MTNR1B_CERBRA_R07180 (N.S)
  |    |     ||       ||     |+Node529 (N.S)
  |    |     ||       ||     ||Certhia_familiaris_MTNR1B_CERFAM_R01509 (N.S)
  |    |     ||       ||    |+Node528 (N.S)
  |    |     ||       ||    ||Bombycilla_garrulus_MTNR1B_BOMGAR_R04795 (N.S)
  |    |     ||       ||   |+Node514 (N.S)
  |    |     ||       ||   |||Regulus_satrapa_MTNR1B_REGSAT_R12255 (N.S)
  |    |     ||       ||   ||+Node516 (N.S)
  |    |     ||       ||   ||||Panurus_biarmicus_MTNR1B_PANBIA_R00922 (N.S)
  |    |     ||       ||   |||+Node519 (N.S)
  |    |     ||       ||   |||||Brachypodius_atriceps_MTNR1B_BRAATR_R01452 (N.S)
  |    |     ||       ||   ||||+Node521 (N.S)
  |    |     ||       ||   ||| |Pycnonotus_jocosus_MTNR1B_PYCJOC_R13337 (N.S)
  |    |     ||       ||   ||||Dicaeum_eximium_MTNR1B_DICEXI_R12296 (N.S)
  |    |     ||       ||   |||+Node524 (N.S)
  |    |     ||       ||   || |Leptocoma_aspasia_MTNR1B_LEPASP_R11482 (N.S)
  |    |     ||       ||   ||Acrocephalus_arundinaceus_MTNR1B_ACRARU_R05284 (N.S)
  |    |     ||       ||   ||Hirundo_rustica_MTNR1B_120748807 (N.S)
  |    |     ||       ||   |+Node509 (N.S)
  |    |     ||       ||   |||Thryothorus_ludovicianus_MTNR1B_THRLUD_R08287 (N.S)
  |    |     ||       ||   ||+Node511 (N.S)
  |    |     ||       ||   | |Erythrocercus_mccallii_MTNR1B_ERYMCC_R02436 (N.S)
  |    |     ||       ||  |+Node384 (N.S)
  |    |     ||       ||  ||     |Taeniopygia_guttata_MTNR1B_751588 (N.S)
  |    |     ||       ||  ||    |+Node451 (N.S)
  |    |     ||       ||  ||    ||Lonchura_striata_domestica_MTNR1B_110478410 (N.S)
  |    |     ||       ||  ||   |+Node450 (N.S)
  |    |     ||       ||  ||   |||Vidua_chalybeata_MTNR1B_128784004 (N.S)
  |    |     ||       ||  ||   ||+Node454 (N.S)
  |    |     ||       ||  ||   | |Vidua_macroura_MTNR1B_128803599 (N.S)
  |    |     ||       ||  ||  |+Node390 (N.S)
  |    |     ||       ||  ||  ||    |Serinus_canaria_MTNR1B_103827257 (N.S)
  |    |     ||       ||  ||  ||   |+Node396 (N.S)
  |    |     ||       ||  ||  ||   |||Loxia_curvirostra_MTNR1B_LOXCUR_R08617 (N.S)
  |    |     ||       ||  ||  ||   ||+Node398 (N.S)
  |    |     ||       ||  ||  ||   | |Loxia_leucoptera_MTNR1B_LOXLEU_R10654 (N.S)
  |    |     ||       ||  ||  ||  |+Node395 (N.S)
  |    |     ||       ||  ||  ||  ||Haemorhous_mexicanus_MTNR1B_MTNR1B (N.S)
  |    |     ||       ||  ||  || |+Node394 (N.S)
  |    |     ||       ||  ||  || ||    |Agelaius_phoeniceus_MTNR1B_129117198 (N.S)
  |    |     ||       ||  ||  || ||   |+Node406 (N.S)
  |    |     ||       ||  ||  || ||   |||Quiscalus_mexicanus_MTNR1B_QUIMEX_R05596 (N.S)
  |    |     ||       ||  ||  || ||   ||+Node408 (N.S)
  |    |     ||       ||  ||  || ||   | |Molothrus_ater_MTNR1B_118692886 (N.S)
  |    |     ||       ||  ||  || ||  |+Node405 (N.S)
  |    |     ||       ||  ||  || ||  || |Melozone_crissalis_MTNR1B_128933142 (N.S)
  |    |     ||       ||  ||  || ||  || ||Melospiza_georgiana_MTNR1B_131080635 (N.S)
  |    |     ||       ||  ||  || ||  || |+Node416 (N.S)
  |    |     ||       ||  ||  || ||  || |||Ammospiza_nelsoni_MTNR1B_132069773 (N.S)
  |    |     ||       ||  ||  || ||  || ||+Node418 (1.204472138693902e-08)
  |    |     ||       ||  ||  || ||  || | |Ammospiza_caudacuta_MTNR1B_131554448 (N.S)
  |    |     ||       ||  ||  || ||  |||+Node413 (N.S)
  |    |     ||       ||  ||  || ||  |||| |Spizella_passerina_MTNR1B_SPIPAS_R07488 (N.S)
  |    |     ||       ||  ||  || ||  |||||+Node423 (N.S)
  |    |     ||       ||  ||  || ||  ||||||Calcarius_ornatus_MTNR1B_CALORN_R13576 (N.S)
  |    |     ||       ||  ||  || ||  ||||+Node422 (N.S)
  |    |     ||       ||  ||  || ||  |||||Nesospiza_acunhae_MTNR1B_NESACU_R05102 (N.S)
  |    |     ||       ||  ||  || ||  ||||Zonotrichia_albicollis_MTNR1B_102065760 (N.S)
  |    |     ||       ||  ||  || ||  ||+Node412 (N.S)
  |    |     ||       ||  ||  || ||  ||| |Camarhynchus_parvulus_MTNR1B_115905023 (N.S)
  |    |     ||       ||  ||  || ||  ||||+Node429 (N.S)
  |    |     ||       ||  ||  || ||  |||||Passerina_amoena_MTNR1B_PASAMO_R05827 (N.S)
  |    |     ||       ||  ||  || ||  |||+Node428 (N.S)
  |    |     ||       ||  ||  || ||  || |Pheucticus_melanocephalus_MTNR1B_PHEMEL_R04285 (N.S)
  |    |     ||       ||  ||  || ||  ||Setophaga_kirtlandii_MTNR1B_SETKIR_R04101 (N.S)
  |    |     ||       ||  ||  || || |+Node404 (N.S)
  |    |     ||       ||  ||  || || ||Emberiza_fucata_MTNR1B_EMBFUC_R10148 (N.S)
  |    |     ||       ||  ||  || |||+Node403 (N.S)
  |    |     ||       ||  ||  || ||||Rhodinocichla_rosea_MTNR1B_RHOROS_R03444 (N.S)
  |    |     ||       ||  ||  || ||+Node402 (6.88521184510904e-09)
  |    |     ||       ||  ||  || | |Ploceus_nigricollis_MTNR1B_PLONIG_R02550 (N.S)
  |    |     ||       ||  ||  |||+Node393 (N.S)
  |    |     ||       ||  ||  |||| |Motacilla_alba_MTNR1B_MOTALB_R11945 (N.S)
  |    |     ||       ||  ||  |||||+Node438 (N.S)
  |    |     ||       ||  ||  ||||||Motacilla_alba_alba_MTNR1B_119706779 (N.S)
  |    |     ||       ||  ||  ||||+Node437 (N.S)
  |    |     ||       ||  ||  ||| ||Prunella_fulvescens_MTNR1B_PRUFUL_R06059 (N.S)
  |    |     ||       ||  ||  ||| |+Node441 (N.S)
  |    |     ||       ||  ||  |||  |Prunella_himalayana_MTNR1B_PRUHIM_R09060 (N.S)
  |    |     ||       ||  ||  ||+Node392 (N.S)
  |    |     ||       ||  ||  ||||Passer_montanus_MTNR1B_120506782 (N.S)
  |    |     ||       ||  ||  |||+Node444 (N.S)
  |    |     ||       ||  ||  || ||Pyrgilauda_ruficollis_MTNR1B_121364207 (N.S)
  |    |     ||       ||  ||  || |+Node446 (N.S)
  |    |     ||       ||  ||  ||  |Onychostruthus_taczanowskii_MTNR1B_121342541 (N.S)
  |    |     ||       ||  ||  ||Hypocryptadius_cinnamomeus_MTNR1B_HYPCIN_R00576 (N.S)
  |    |     ||       ||  || |+Node389 (N.S)
  |    |     ||       ||  || ||     |Sturnus_vulgaris_MTNR1B_106853954 (N.S)
  |    |     ||       ||  || ||    |+Node462 (N.S)
  |    |     ||       ||  || ||    ||Leucopsar_rothschildi_MTNR1B_LEUROT_R08378 (N.S)
  |    |     ||       ||  || ||   |+Node461 (N.S)
  |    |     ||       ||  || ||   ||Buphagus_erythrorhynchus_MTNR1B_BUPERY_R02506 (N.S)
  |    |     ||       ||  || ||  |+Node460 (N.S)
  |    |     ||       ||  || ||  ||Rhabdornis_inornatus_MTNR1B_RHAINO_R06516 (N.S)
  |    |     ||       ||  || || |+Node459 (N.S)
  |    |     ||       ||  || || ||Elachura_formosa_MTNR1B_ELAFOR_R06954 (N.S)
  |    |     ||       ||  || |||+Node458 (5.068057085111377e-11)
  |    |     ||       ||  || |||||Catharus_ustulatus_MTNR1B_116993023 (N.S)
  |    |     ||       ||  || ||||+Node468 (N.S)
  |    |     ||       ||  || ||| |Catharus_fuscescens_MTNR1B_CATFUS_R08259 (N.S)
  |    |     ||       ||  || ||| |Turdus_rufiventris_MTNR1B_TURU_029891 (N.S)
  |    |     ||       ||  || ||+Node457 (N.S)
  |    |     ||       ||  || | |Peucedramus_taeniatus_MTNR1B_PEUTAE_R05277 (N.S)
  |    |     ||       ||  |||+Node388 (N.S)
  |    |     ||       ||  ||||   |Parus_major_MTNR1B_107213109 (N.S)
  |    |     ||       ||  ||||  |+Node477 (N.S)
  |    |     ||       ||  ||||  ||Pseudopodoces_humilis_MTNR1B_102105967 (N.S)
  |    |     ||       ||  |||| |+Node476 (N.S)
  |    |     ||       ||  |||| ||Cyanistes_caeruleus_MTNR1B_111924848 (N.S)
  |    |     ||       ||  |||||+Node475 (N.S)
  |    |     ||       ||  ||||||Poecile_atricapillus_MTNR1B_131585508 (N.S)
  |    |     ||       ||  ||||+Node474 (N.S)
  |    |     ||       ||  ||| |Anthoscopus_minutus_MTNR1B_ANTMIN_R05215 (N.S)
  |    |     ||       ||  ||+Node387 (N.S)
  |    |     ||       ||  |||    |Erithacus_rubecula_MTNR1B_ERIRUB_R06532 (N.S)
  |    |     ||       ||  |||   |+Node487 (N.S)
  |    |     ||       ||  |||   ||Ficedula_albicollis_MTNR1B_101813273 (N.S)
  |    |     ||       ||  |||  |+Node486 (N.S)
  |    |     ||       ||  |||  |||Oenanthe_oenanthe_MTNR1B_OENOEN_R08455 (N.S)
  |    |     ||       ||  |||  ||+Node490 (N.S)
  |    |     ||       ||  |||  | |Oenanthe_melanoleuca_MTNR1B_130258835 (N.S)
  |    |     ||       ||  ||| |+Node485 (N.S)
  |    |     ||       ||  ||| |||Cercotrichas_coryphoeus_MTNR1B_CERCOR_R08584 (N.S)
  |    |     ||       ||  ||| ||+Node493 (6.266551721978431e-10)
  |    |     ||       ||  ||| | |Copsychus_sechellarum_MTNR1B_COPSEC_R10383 (N.S)
  |    |     ||       ||  ||||+Node484 (N.S)
  |    |     ||       ||  ||||||Sterrhoptilus_dennistouni_MTNR1B_STEDEN_R13217 (N.S)
  |    |     ||       ||  |||||+Node496 (N.S)
  |    |     ||       ||  |||| |Zosterops_hypoxanthus_MTNR1B_ZOSHYP_R10026 (N.S)
  |    |     ||       ||  |||+Node483 (N.S)
  |    |     ||       ||  || ||Polioptila_caerulea_MTNR1B_POLCAE_R09529 (N.S)
  |    |     ||       ||  || |+Node499 (N.S)
  |    |     ||       ||  ||  |Oxylabes_madagascariensis_MTNR1B_OXYMAD_R04734 (N.S)
  |    |     ||       ||  || |Nicator_chloris_MTNR1B_NICCHL_R10743 (N.S)
  |    |     ||       ||  |||+Node506 (N.S)
  |    |     ||       ||  ||||Alaudala_cheleensis_MTNR1B_ALACHE_R03865 (N.S)
  |    |     ||       ||  ||+Node502 (N.S)
  |    |     ||       ||  | |Aegithalos_caudatus_MTNR1B_AEGCAU_R13956 (N.S)
  |    |     ||       ||  | |Donacobius_atricapilla_MTNR1B_DONATR_R05163 (N.S)
  |    |     ||       ||  ||Cettia_cetti_MTNR1B_CETCET_R11050 (N.S)
  |    |     ||       ||  |+Node551 (N.S)
  |    |     ||       ||  ||Rhadina_sibilatrix_MTNR1B_RHASIB_R02241 (N.S)
  |    |     ||       || |+Node383 (N.S)
  |    |     ||       || ||  |Leiothrix_lutea_MTNR1B_LEILUT_R06777 (N.S)
  |    |     ||       || || |+Node537 (N.S)
  |    |     ||       || || ||Illadopsis_cleaveri_MTNR1B_ILLCLE_R13475 (N.S)
  |    |     ||       || |||+Node536 (N.S)
  |    |     ||       || ||||Pomatorhinus_ruficollis_MTNR1B_PORRUF_R09328 (N.S)
  |    |     ||       || ||+Node535 (N.S)
  |    |     ||       || ||| |Sylvia_atricapilla_MTNR1B_SYLATR_R09233 (N.S)
  |    |     ||       || ||||+Node542 (N.S)
  |    |     ||       || |||||Sylvia_borin_MTNR1B_SYLBOR_R04594 (N.S)
  |    |     ||       || |||+Node541 (N.S)
  |    |     ||       || || |Sinosuthora_webbiana_MTNR1B_SINWEB_R01568 (N.S)
  |    |     ||       || || |Cisticola_juncidis_MTNR1B_CISJUN_R07437 (N.S)
  |    |     ||       || |||+Node547 (N.S)
  |    |     ||       || ||||Locustella_ochotensis_MTNR1B_LOCOCH_R12134 (N.S)
  |    |     ||       || ||+Node546 (N.S)
  |    |     ||       || | |Promerops_cafer_MTNR1B_PROCAF_R02204 (N.S)
  |    |     ||       || ||Irena_cyanogastra_MTNR1B_IRECYA_R09256 (N.S)
  |    |     ||       || |+Node558 (N.S)
  |    |     ||       || |||Chloropsis_hardwickii_MTNR1B_CHLHAR_R10914 (N.S)
  |    |     ||       || ||+Node560 (N.S)
  |    |     ||       || | |Chloropsis_cyanopogon_MTNR1B_CHLCYA_R00847 (N.S)
  |    |     ||       |||+Node382 (N.S)
  |    |     ||       ||||Sitta_europaea_MTNR1B_SITEUR_R12823 (N.S)
  |    |     ||       ||||Cinclus_mexicanus_MTNR1B_CINMEX_R12406 (N.S)
  |    |     ||       ||+Node381 (N.S)
  |    |     ||       | ||Melanocharis_versteri_MTNR1B_MELVER_R01812 (N.S)
  |    |     ||       | |+Node564 (N.S)
  |    |     ||       | ||Drymodes_brunneopygia_MTNR1B_DRYBRU_R05518 (N.S)
  |    |     ||       | ||Notiomystis_cincta_MTNR1B_NOTCIN_R05581 (N.S)
  |    |     ||       | |+Node567 (N.S)
  |    |     ||       |  |Callaeas_wilsoni_MTNR1B_CALWIL_R03285 (N.S)
  |    |     ||      |+Node318 (N.S)
  |    |     ||      ||Chaetops_frenatus_MTNR1B_CHAFRE_R13700 (N.S)
  |    |     ||     |+Node317 (N.S)
  |    |     ||     |||Pomatostomus_ruficeps_MTNR1B_POSRUF_R08919 (N.S)
  |    |     ||     ||+Node571 (N.S)
  |    |     ||     | |   |Dasyornis_broadbenti_MTNR1B_DASBRO_R15008 (N.S)
  |    |     ||     | |  |+Node576 (N.S)
  |    |     ||     | |  ||Grantiella_picta_MTNR1B_GRAPIC_R06615 (N.S)
  |    |     ||     | | |+Node575 (N.S)
  |    |     ||     | | ||Origma_solitaria_MTNR1B_ORISOL_R10255 (N.S)
  |    |     ||     | ||+Node574 (N.S)
  |    |     ||     | |||Pardalotus_punctatus_MTNR1B_PARPUN_R10382 (N.S)
  |    |     ||     | |+Node573 (N.S)
  |    |     ||     |  ||Malurus_elegans_MTNR1B_MALELE_R02379 (N.S)
  |    |     ||     |  |+Node581 (N.S)
  |    |     ||     |   |Malurus_cyaneus_samueli_MTNR1B_MTNR1B (N.S)
  |    |     ||    |+Node316 (N.S)
  |    |     ||    ||Orthonyx_spaldingii_MTNR1B_ORTSPA_R14319 (N.S)
  |    |     ||   |+Node315 (N.S)
  |    |     ||   ||Ptilonorhynchus_violaceus_MTNR1B_PTIVIO_R00673 (N.S)
  |    |     ||  |+Node314 (N.S)
  |    |     ||  ||Climacteris_rufus_MTNR1B_CLIRUF_R08601 (N.S)
  |    |     || |+Node313 (N.S)
  |    |     || |||Menura_novaehollandiae_MTNR1B_MENNOV_R08887 (N.S)
  |    |     || ||+Node587 (N.S)
  |    |     || | |Atrichornis_clamosus_MTNR1B_ATRCLA_R00700 (N.S)
  |    |     |||+Node312 (N.S)
  |    |     ||||  |Cephalopterus_ornatus_MTNR1B_CEPORN_R06965 (N.S)
  |    |     |||| |+Node592 (N.S)
  |    |     |||| ||  |Pipra_filicauda_MTNR1B_114003560 (N.S)
  |    |     |||| || |+Node601 (N.S)
  |    |     |||| || ||Lepidothrix_coronata_MTNR1B_108499599 (N.S)
  |    |     |||| || ||Manacus_candei_MTNR1B_127467550 (N.S)
  |    |     |||| |||+Node595 (N.S)
  |    |     |||| |||||Neopelma_chrysocephalum_MTNR1B_113964784 (N.S)
  |    |     |||| ||||+Node597 (N.S)
  |    |     |||| |||||Corapipo_altera_MTNR1B_113950069 (N.S)
  |    |     |||| ||||Chiroxiphia_lanceolata_MTNR1B_116783329 (N.S)
  |    |     |||| ||+Node594 (N.S)
  |    |     |||| | |Oxyruncus_cristatus_MTNR1B_OXYCRI_R02777 (N.S)
  |    |     |||| | | |Piprites_chloris_MTNR1B_PIPCHL_R04172 (N.S)
  |    |     |||| | ||+Node609 (N.S)
  |    |     |||| | |||  |Tyrannus_savana_MTNR1B_TYRSAV_R09930 (N.S)
  |    |     |||| | ||| |+Node614 (N.S)
  |    |     |||| | ||| |||Pitangus_sulphuratus_MTNR1B_BTVI_42777 (N.S)
  |    |     |||| | ||| ||+Node616 (N.S)
  |    |     |||| | ||| | |Myiozetetes_cayanensis_MTNR1B_126649490 (N.S)
  |    |     |||| | ||||+Node613 (N.S)
  |    |     |||| | |||||Empidonax_traillii_MTNR1B_114070320 (N.S)
  |    |     |||| | |||+Node612 (N.S)
  |    |     |||| | ||||Mionectes_macconnelli_MTNR1B_MIOMAC_R14617 (N.S)
  |    |     |||| | ||||Neopipo_cinnamomea_MTNR1B_NEOCIN_R09906 (N.S)
  |    |     |||| | |||+Node621 (N.S)
  |    |     |||| | || |Tachuris_rubrigastra_MTNR1B_TACRUB_R09013 (N.S)
  |    |     |||| | |+Node608 (N.S)
  |    |     |||| |  |Onychorhynchus_coronatus_MTNR1B_ONYCOR_R11553 (N.S)
  |    |     |||||+Node591 (N.S)
  |    |     |||||||Grallaria_varia_MTNR1B_GRAVAR_R12802 (N.S)
  |    |     ||||||+Node625 (N.S)
  |    |     ||||| |   |Campylorhamphus_procurvoides_MTNR1B_CAMPRO_R02307 (N.S)
  |    |     ||||| |  |+Node631 (N.S)
  |    |     ||||| |  ||Xiphorhynchus_elegans_MTNR1B_XIPELE_R05194 (N.S)
  |    |     ||||| | |+Node630 (N.S)
  |    |     ||||| | ||Furnarius_figulus_MTNR1B_FURFIG_R04304 (N.S)
  |    |     ||||| ||+Node629 (N.S)
  |    |     ||||| |||Sclerurus_mexicanus_MTNR1B_SCLMEX_R09763 (N.S)
  |    |     ||||| |+Node628 (N.S)
  |    |     ||||| ||Formicarius_rufipectus_MTNR1B_FORRUF_R09870 (N.S)
  |    |     ||||| ||Sakesphorus_luctuosus_MTNR1B_SAKLUC_R08662 (N.S)
  |    |     ||||| |+Node637 (N.S)
  |    |     |||||  |Willisornis_vidua_MTNR1B_WISP_01921 (N.S)
  |    |     ||||+Node590 (N.S)
  |    |     ||| |  |Calyptomena_viridis_MTNR1B_CALVIR_R05258 (N.S)
  |    |     ||| | |+Node642 (N.S)
  |    |     ||| | ||Smithornis_capensis_MTNR1B_SMICAP_R03568 (N.S)
  |    |     ||| ||+Node641 (N.S)
  |    |     ||| |||Serilophus_lunatus_MTNR1B_SERLUN_R10119 (N.S)
  |    |     ||| |+Node640 (N.S)
  |    |     |||  |Sapayoa_aenigma_MTNR1B_SAPAEN_R06463 (N.S)
  |    |     ||+Node311 (N.S)
  |    |     | |       |Eubucco_bourcierii_MTNR1B_EUBBOU_R02550 (N.S)
  |    |     | |      |+Node654 (N.S)
  |    |     | |      |||Semnornis_frantzii_MTNR1B_SEMFRA_R03277 (N.S)
  |    |     | |      ||+Node656 (N.S)
  |    |     | |      | |Ramphastos_sulfuratus_MTNR1B_RAMSUL_R01382 (N.S)
  |    |     | |     |+Node653 (N.S)
  |    |     | |     ||Tricholaema_leucomelas_MTNR1B_TRILEU_R01050 (N.S)
  |    |     | |    |+Node652 (N.S)
  |    |     | |    ||Psilopogon_haemacephalus_MTNR1B_PSIHAE_R11127 (N.S)
  |    |     | |   |+Node651 (N.S)
  |    |     | |   ||Dryobates_pubescens_MTNR1B_104305302 (N.S)
  |    |     | |  |+Node650 (N.S)
  |    |     | |  |||Indicator_maculatus_MTNR1B_INDMAC_R06052 (N.S)
  |    |     | |  ||+Node662 (N.S)
  |    |     | |  | |Indicator_indicator_MTNR1B_128968066 (N.S)
  |    |     | | |+Node649 (N.S)
  |    |     | | |||Bucco_capensis_MTNR1B_BUCCAP_R05673 (N.S)
  |    |     | | ||+Node665 (N.S)
  |    |     | | | |Galbula_dea_MTNR1B_GALDEA_R09863 (N.S)
  |    |     | ||+Node648 (N.S)
  |    |     | |||Rhinopomastus_cyanomelas_MTNR1B_RHICYA_R04917 (N.S)
  |    |     | |+Node647 (N.S)
  |    |     |  |Urocolius_indicus_MTNR1B_UROIND_R08062 (N.S)
  |    |    |+Node300 (N.S)
  |    |    |||Fregetta_grallaria_MTNR1B_FREGRA_R02731 (N.S)
  |    |    ||+Node670 (N.S)
  |    |    | |Oceanites_oceanicus_MTNR1B_OCEOCE_R11717 (N.S)
  |    |   |+Node299 (N.S)
  |    |   || |Pterocles_gutturalis_MTNR1B_104467363 (N.S)
  |    |   |||+Node674 (N.S)
  |    |   ||||Pterocles_burchelli_MTNR1B_PTEBUR_R04836 (N.S)
  |    |   ||+Node673 (N.S)
  |    |   | |Syrrhaptes_paradoxus_MTNR1B_SYRPAR_R12847 (N.S)
  |    |  |+Node298 (N.S)
  |    |  |||Chordeiles_acutipennis_MTNR1B_CHOACU_R06477 (N.S)
  |    |  ||| |Geococcyx_californianus_MTNR1B_GEOCAL_R02561 (N.S)
  |    |  ||||+Node683 (N.S)
  |    |  |||||Trogon_melanurus_MTNR1B_TROMEL_R00484 (N.S)
  |    |  ||||  |Fulmarus_glacialis_MTNR1B_104071827 (N.S)
  |    |  |||| |+Node690 (N.S)
  |    |  |||| ||Ciconia_maguari_MTNR1B_CICMAG_R08326 (N.S)
  |    |  |||||+Node689 (N.S)
  |    |  |||||||Sagittarius_serpentarius_MTNR1B_SAGSER_R06596 (N.S)
  |    |  ||||||+Node693 (N.S)
  |    |  ||||| | |Brachypteracias_leptosomus_MTNR1B_BRALEP_R11182 (N.S)
  |    |  ||||| ||+Node696 (N.S)
  |    |  ||||| |||Eurystomus_gularis_MTNR1B_EURGUL_R14231 (N.S)
  |    |  ||||| |+Node695 (N.S)
  |    |  |||||  |Baryphthengus_martii_MTNR1B_BARMAR_R11306 (N.S)
  |    |  ||||+Node688 (N.S)
  |    |  |||||  |Nyctibius_bracteatus_MTNR1B_NYCBRA_R12945 (N.S)
  |    |  ||||| |+Node703 (N.S)
  |    |  ||||| ||Nyctibius_grandis_MTNR1B_NYCGRA_R13099 (N.S)
  |    |  ||||||+Node702 (N.S)
  |    |  |||||||Antrostomus_carolinensis_MTNR1B_104519303 (N.S)
  |    |  |||||+Node701 (N.S)
  |    |  |||||| |Corythaeola_cristata_MTNR1B_CORCRI_R12271 (N.S)
  |    |  |||||||+Node708 (N.S)
  |    |  ||||||||Corythaixoides_concolor_MTNR1B_CORCON_R13352 (N.S)
  |    |  ||||||+Node707 (N.S)
  |    |  ||||| ||Atlantisia_rogersi_MTNR1B_ATLROG_R05284 (N.S)
  |    |  ||||| |+Node711 (N.S)
  |    |  |||||  |Zapornia_atra_MTNR1B_ZAPATR_R09377 (N.S)
  |    |  |||||Phaethon_lepturus_MTNR1B_104620551 (N.S)
  |    |  |||| |Scopus_umbretta_MTNR1B_SCOUMB_R07336 (N.S)
  |    |  |||||+Node716 (N.S)
  |    |  ||||||Mesitornis_unicolor_MTNR1B_104538416 (N.S)
  |    |  ||||+Node715 (N.S)
  |    |  |||||Anhinga_rufa_MTNR1B_ANHRUF_R02801 (N.S)
  |    |  |||+Node681 (N.S)
  |    |  ||||Pandion_haliaetus_MTNR1B_PANHAL_R06504 (N.S)
  |    |  ||||Eudyptes_sclateri_MTNR1B_MTNR1B (N.S)
  |    |  ||||Pelecanus_crispus_MTNR1B_104027724 (N.S)
  |    |  ||||Eurypyga_helias_MTNR1B_104511074 (N.S)
  |    |  ||+Node678 (N.S)
  |    |  | |Nipponia_nippon_MTNR1B_104017384 (N.S)
  |    |  | |   |Strix_occidentalis_caurina_MTNR1B_MTNR1B (N.S)
  |    |  | |  |+Node732 (N.S)
  |    |  | |  ||Ciccaba_nigrolineata_MTNR1B_CICNIG_R10005 (0.0001188606178231799)
  |    |  | | |+Node731 (N.S)
  |    |  | | ||Otus_sunia_MTNR1B_MTNR1B (N.S)
  |    |  | ||+Node730 (N.S)
  |    |  | |||Glaucidium_brasilianum_MTNR1B_GLABRA_R01006 (N.S)
  |    |  | |+Node729 (N.S)
  |    |  | |||Tyto_alba_MTNR1B_104362096 (N.S)
  |    |  | ||+Node737 (N.S)
  |    |  | | |Tyto_alba_alba_MTNR1B_MTNR1B_2 (N.S)
  |    |  | ||Cochlearius_cochlearius_MTNR1B_COCCOC_R00526 (N.S)
  |    |  | |+Node740 (N.S)
  |    |  |  |Podilymbus_podiceps_MTNR1B_PODPOD_R05697 (N.S)
  |    |  |     |Apus_apus_MTNR1B_127385623 (N.S)
  |    |  |    |+Node158 (N.S)
  |    |  |    ||Hemiprocne_comata_MTNR1B_HEMCOM_R00847 (N.S)
  |    |  |   |+Node157 (N.S)
  |    |  |   |||Calypte_anna_MTNR1B_103534562 (N.S)
  |    |  |   ||+Node161 (N.S)
  |    |  |   | |Oreotrochilus_melanogaster_MTNR1B_OREMEL_R12895 (N.S)
  |    |  |  |+Node156 (N.S)
  |    |  |  ||Aegotheles_bennettii_MTNR1B_AEGBEN_R13885 (N.S)
  |    |  | |+Node155 (N.S)
  |    |  | ||Podargus_strigoides_MTNR1B_PODSTR_R08020 (N.S)
  |    |  ||+Node145 (N.S)
  |    |  ||| |Grus_americana_MTNR1B_129214676 (N.S)
  |    |  ||||+Node148 (N.S)
  |    |  |||||Aramus_guarauna_MTNR1B_ARAGUA_R06810 (N.S)
  |    |  |||+Node147 (N.S)
  |    |  |||||Psophia_crepitans_MTNR1B_PSOCRE_R04301 (N.S)
  |    |  ||||+Node151 (N.S)
  |    |  ||| |Heliornis_fulica_MTNR1B_HELFUL_R01094 (N.S)
  |    |  |||Steatornis_caripensis_MTNR1B_STECAR_R09772 (N.S)
  |    |  |+Node144 (N.S)
  |    |  |||Chunga_burmeisteri_MTNR1B_CHUBUR_R03551 (N.S)
  |    |  ||||Gymnogyps_californianus_MTNR1B_127024216 (N.S)
  |    |  |||+Node168 (N.S)
  |    |  ||||  |Falco_biarmicus_MTNR1B_130144704 (3.227878520140059e-06)
  |    |  ||||  |Falco_cherrug_MTNR1B_102058996 (N.S)
  |    |  |||| |+Node172 (N.S)
  |    |  |||| ||Falco_peregrinus_MTNR1B_101910504 (N.S)
  |    |  |||| ||Falco_rusticolus_MTNR1B_119143244 (N.S)
  |    |  |||||+Node171 (N.S)
  |    |  |||||||Falco_tinnunculus_MTNR1B_MTNR1B (N.S)
  |    |  ||||||+Node179 (N.S)
  |    |  ||||| |Falco_naumanni_MTNR1B_121083468 (N.S)
  |    |  ||||+Node170 (N.S)
  |    |  |||||Herpetotheres_cachinnans_MTNR1B_HERCAC_R06577 (N.S)
  |    |  |||| |Bucorvus_abyssinicus_MTNR1B_BUCABY_R02486 (N.S)
  |    |  |||||+Node184 (N.S)
  |    |  ||||||Buceros_rhinoceros_silvestris_MTNR1B_104501473 (N.S)
  |    |  ||||+Node183 (N.S)
  |    |  ||| | |Chloroceryle_aenea_MTNR1B_CHLAEN_R09243 (N.S)
  |    |  ||| ||+Node188 (N.S)
  |    |  ||| |||Ceyx_cyanopectus_MTNR1B_CEYCYA_R06739 (N.S)
  |    |  ||| |+Node187 (N.S)
  |    |  |||  |Halcyon_senegalensis_MTNR1B_HALSEN_R14105 (N.S)
  |    |  ||+Node166 (N.S)
  |    |  | |    |Accipiter_gentilis_MTNR1B_126048492 (N.S)
  |    |  | |   |+Node198 (N.S)
  |    |  | |   |||Haliaeetus_albicilla_MTNR1B_HALALB_R01016 (N.S)
  |    |  | |   ||+Node200 (N.S)
  |    |  | |   | |Haliaeetus_leucocephalus_MTNR1B_104838481 (4.417502192932687e-07)
  |    |  | |  |+Node197 (N.S)
  |    |  | |  ||Harpia_harpyja_MTNR1B_128153488 (N.S)
  |    |  | | |+Node196 (N.S)
  |    |  | | |||Aquila_chrysaetos_chrysaetos_MTNR1B_115353560 (N.S)
  |    |  | | ||+Node205 (N.S)
  |    |  | | |||Spizaetus_tyrannus_MTNR1B_SPITYR_R09301 (N.S)
  |    |  | | ||Circaetus_pectoralis_MTNR1B_CIRPEC_R00790 (N.S)
  |    |  | ||+Node195 (N.S)
  |    |  | ||||Ardeotis_kori_MTNR1B_ARDKOR_R08476 (N.S)
  |    |  | |||+Node209 (N.S)
  |    |  | || |Lophotis_ruficrista_MTNR1B_LOPRUF_R09847 (N.S)
  |    |  | |+Node194 (N.S)
  |    |  | ||    |Amazona_aestiva_MTNR1B_AAES_107064 (N.S)
  |    |  | ||   |+Node216 (N.S)
  |    |  | ||   ||Amazona_guildingii_MTNR1B_AMAGUI_R01169 (1.268436355950087e-07)
  |    |  | ||  |+Node215 (N.S)
  |    |  | ||  |||Melopsittacus_undulatus_MTNR1B_101877508 (N.S)
  |    |  | ||  ||+Node219 (N.S)
  |    |  | ||  | |Pezoporus_wallicus_MTNR1B_130606340 (N.S)
  |    |  | || |+Node214 (N.S)
  |    |  | || |||Probosciger_aterrimus_MTNR1B_PROATE_R07922 (N.S)
  |    |  | || ||+Node222 (N.S)
  |    |  | || | |Eolophus_roseicapilla_MTNR1B_EOLROS_R00926 (N.S)
  |    |  | |||+Node213 (N.S)
  |    |  | |||||Nestor_notabilis_MTNR1B_104411137 (N.S)
  |    |  | ||||+Node225 (N.S)
  |    |  | ||| |Strigops_habroptila_MTNR1B_115604221 (N.S)
  |    |  | ||+Node212 (N.S)
  |    |  | | | |Chionis_minor_MTNR1B_CHIMIN_R12793 (N.S)
  |    |  | | ||+Node229 (N.S)
  |    |  | | |||Pluvianellus_socialis_MTNR1B_PLUSOC_R06962 (N.S)
  |    |  | | |+Node228 (N.S)
  |    |  | |  |Burhinus_bistriatus_MTNR1B_BURBIS_R10285 (N.S)
  |    |  | |    |Rynchops_niger_MTNR1B_RYNNIG_R10871 (N.S)
  |    |  | |   |+Node242 (N.S)
  |    |  | |   |||Chroicocephalus_maculipennis_MTNR1B_CHRMAC_R10564 (N.S)
  |    |  | |   ||+Node244 (N.S)
  |    |  | |   |||Rissa_tridactyla_MTNR1B_128915050 (N.S)
  |    |  | |   |||Larus_smithsonianus_MTNR1B_LARSMI_R13890 (N.S)
  |    |  | |   ||Phaetusa_simplex_MTNR1B_PHASIM_R01031 (N.S)
  |    |  | |  |+Node236 (N.S)
  |    |  | |  |||Uria_aalge_MTNR1B_URIAAL_R14161 (N.S)
  |    |  | |  ||+Node238 (N.S)
  |    |  | |  |||Cepphus_grylle_MTNR1B_CEPGRY_R04289 (N.S)
  |    |  | |  ||Stercorarius_parasiticus_MTNR1B_STEPAR_R06862 (N.S)
  |    |  | | |+Node235 (N.S)
  |    |  | | || |Glareola_pratincola_MTNR1B_GLAPRA_R06677 (N.S)
  |    |  | | |||+Node252 (N.S)
  |    |  | | ||||Rhinoptilus_africanus_MTNR1B_RHIAFR_R05227 (N.S)
  |    |  | | ||+Node251 (N.S)
  |    |  | | | |Dromas_ardeola_MTNR1B_DROARD_R02575 (N.S)
  |    |  | ||+Node234 (N.S)
  |    |  | |||   |Jacana_jacana_MTNR1B_JACJAC_R07732 (N.S)
  |    |  | |||  |+Node259 (N.S)
  |    |  | |||  |||Rostratula_benghalensis_MTNR1B_ROSBEN_R08942 (N.S)
  |    |  | |||  ||+Node261 (N.S)
  |    |  | |||  | |Nycticryphes_semicollaris_MTNR1B_NYCSEM_R01866 (N.S)
  |    |  | ||| |+Node258 (N.S)
  |    |  | ||| |||Thinocorus_orbignyianus_MTNR1B_THIORB_R10965 (N.S)
  |    |  | ||| ||+Node264 (N.S)
  |    |  | ||| | |Pedionomus_torquatus_MTNR1B_PEDTOR_R13227 (N.S)
  |    |  | ||||+Node257 (N.S)
  |    |  | ||||| |Arenaria_interpres_MTNR1B_AREINT_R00927 (N.S)
  |    |  | ||||||+Node268 (N.S)
  |    |  | |||||||Calidris_pugnax_MTNR1B_106897608 (N.S)
  |    |  | |||||+Node267 (N.S)
  |    |  | |||| |Limosa_lapponica_baueri_MTNR1B_llap_19763 (N.S)
  |    |  | |||+Node256 (N.S)
  |    |  | || |Turnix_velox_MTNR1B_TURVEL_R08681 (N.S)
  |    |  | |+Node233 (N.S)
  |    |  |  ||Charadrius_vociferus_MTNR1B_104283038 (N.S)
  |    |  |  |+Node273 (N.S)
  |    |  |   ||Himantopus_himantopus_MTNR1B_HIMHIM_R04147 (N.S)
  |    |  |   |+Node275 (N.S)
  |    |  |    |Ibidorhyncha_struthersii_MTNR1B_IBISTR_R08413 (N.S)
  |    | |+Node142 (N.S)
  |    | || |Aptenodytes_forsteri_MTNR1B_103904761 (N.S)
  |    | |||+Node281 (N.S)
  |    | ||||Aptenodytes_patagonicus_MTNR1B_MTNR1B_2 (N.S)
  |    | ||+Node280 (N.S)
  |    | ||||Pygoscelis_papua_MTNR1B_KCX85_0012992 (N.S)
  |    | |||+Node284 (N.S)
  |    | || ||Eudyptes_chrysocome_MTNR1B_MTNR1B (N.S)
  |    | || ||Eudyptes_filholi_MTNR1B_MTNR1B (N.S)
  |    | || |+Node286 (N.S)
  |    | ||  |Eudyptes_moseleyi_MTNR1B_MTNR1B (N.S)
  |    | ||  |Eudyptes_pachyrhynchus_MTNR1B_MTNR1B (N.S)
  |    | || |Pelecanoides_urinatrix_MTNR1B_PELURI_R09688 (N.S)
  |    | |||+Node294 (N.S)
  |    | ||||Calonectris_borealis_MTNR1B_CALBOR_R06471 (N.S)
  |    | ||+Node293 (N.S)
  |    | | |Oceanodroma_tethys_MTNR1B_HYDTET_R03865 (N.S)
  |    ||+Node141 (N.S)
  |    |||Fregata_magnificens_MTNR1B_FREMAG_R09275 (N.S)
  |    |+Node140 (N.S)
  |     | |Crotophaga_sulcirostris_MTNR1B_CROSUL_R12004 (N.S)
  |     ||+Node745 (N.S)
  |     |||  |Piaya_cayana_MTNR1B_PIACAY_R02150 (N.S)
  |     ||| |+Node749 (N.S)
  |     ||| ||Ceuthmochares_aereus_MTNR1B_CEUAER_R00500 (N.S)
  |     ||||+Node748 (N.S)
  |     |||||Cuculus_canorus_MTNR1B_104064196 (N.S)
  |     |||+Node747 (N.S)
  |     || ||Centropus_unirufus_MTNR1B_CENUNI_R03451 (N.S)
  |     || |+Node753 (N.S)
  |     ||  |Centropus_bengalensis_MTNR1B_CENBEN_R00213 (N.S)
  |     |+Node744 (N.S)
  |      |Rhynochetos_jubatus_MTNR1B_RHYJUB_R13745 (N.S)
 |+Node3 (N.S)
 || |Turdus_rufiventris_MTNR1B_TURU_127601 (N.S)
 |||+Node758 (N.S)
 |||| |Aptenodytes_patagonicus_MTNR1B_MTNR1B (N.S)
 |||||+Node761 (N.S)
 ||||||Eudyptes_chrysocome_MTNR1B_MTNR1B_2 (N.S)
 ||||+Node760 (N.S)
 ||| |Tyto_alba_alba_MTNR1B_MTNR1B (N.S)
 ||+Node757 (N.S)
 | |     |Pteropus_giganteus_MTNR1B_120590217 (N.S)
 | |    |+Node770 (N.S)
 | |    || |Miniopterus_natalensis_MTNR1B_107532365 (N.S)
 | |    |||+Node773 (N.S)
 | |    |||| |Myotis_myotis_MTNR1B_118662708 (N.S)
 | |    |||||+Node776 (N.S)
 | |    ||||||Myotis_davidii_MTNR1B_102751740 (N.S)
 | |    ||||+Node775 (N.S)
 | |    ||| |Myotis_brandtii_MTNR1B_102260326 (N.S)
 | |    ||+Node772 (N.S)
 | |    | |Molossus_molossus_MTNR1B_118627852 (N.S)
 | |   |+Node769 (N.S)
 | |   ||     |Otolemur_garnettii_MTNR1B_100957049 (N.S)
 | |   ||    |+Node786 (N.S)
 | |   ||    ||Nycticebus_coucang_MTNR1B_128564556 (N.S)
 | |   ||   |+Node785 (N.S)
 | |   ||   |||Daubentonia_madagascariensis_MTNR1B_MTNR1B (N.S)
 | |   ||   ||+Node789 (N.S)
 | |   ||   | ||Microcebus_murinus_MTNR1B_105857333 (N.S)
 | |   ||   | |+Node791 (N.S)
 | |   ||   |  |Propithecus_coquereli_MTNR1B_105820691 (N.S)
 | |   ||  |+Node784 (N.S)
 | |   ||  ||  |Mandrillus_leucophaeus_MTNR1B_105550119 (N.S)
 | |   ||  || |+Node796 (N.S)
 | |   ||  || |||Macaca_nemestrina_MTNR1B_105484359 (N.S)
 | |   ||  || ||+Node798 (N.S)
 | |   ||  || | |Macaca_thibetana_thibetana_MTNR1B_126936291 (N.S)
 | |   ||  || | |Macaca_thibetana_thibetana_MTNR1B_MTNR1B (N.S)
 | |   ||  |||+Node795 (N.S)
 | |   ||  |||||Rhinopithecus_bieti_MTNR1B_108515031 (N.S)
 | |   ||  ||||+Node803 (N.S)
 | |   ||  ||| |Rhinopithecus_roxellana_MTNR1B_104657539 (N.S)
 | |   ||  ||+Node794 (N.S)
 | |   ||  | |  |Pongo_pygmaeus_MTNR1B_129008229 (N.S)
 | |   ||  | | |+Node808 (N.S)
 | |   ||  | | ||Pongo_abelii_MTNR1B_100431297 (N.S)
 | |   ||  | ||+Node807 (N.S)
 | |   ||  | ||||Homo_sapiens_MTNR1B_Mel1BR (N.S)
 | |   ||  | |||+Node811 (N.S)
 | |   ||  | || |Homo_sapiens_MTNR1B_Mel1BR_2 (N.S)
 | |   ||  | |+Node806 (N.S)
 | |   ||  |  ||Nomascus_leucogenys_MTNR1B_101179499 (N.S)
 | |   ||  |  |+Node814 (N.S)
 | |   ||  |   |Hylobates_pileatus_MTNR1B_MTNR1B (N.S)
 | |   || |+Node783 (N.S)
 | |   || ||Tupaia_chinensis_MTNR1B_102495117 (N.S)
 | |   |||+Node782 (N.S)
 | |   ||||    |Ochotona_princeps_MTNR1B_101525904 (N.S)
 | |   ||||   |+Node822 (N.S)
 | |   ||||   ||Ochotona_curzoniae_MTNR1B_121154010 (N.S)
 | |   ||||  |+Node821 (N.S)
 | |   ||||  ||Oryctolagus_cuniculus_MTNR1B_100353746 (N.S)
 | |   |||| |+Node820 (N.S)
 | |   |||| |||Castor_canadensis_MTNR1B_109701771 (N.S)
 | |   |||| ||+Node826 (N.S)
 | |   |||| | | |Dipodomys_ordii_MTNR1B_105995145 (N.S)
 | |   |||| | ||+Node829 (N.S)
 | |   |||| | |||Dipodomys_spectabilis_MTNR1B_122112335 (N.S)
 | |   |||| | |+Node828 (N.S)
 | |   |||| |  |Perognathus_longimembris_pacificus_MTNR1B_125350893 (N.S)
 | |   |||||+Node819 (N.S)
 | |   ||||||   |Marmota_monax_MTNR1B_124105260 (N.S)
 | |   ||||||  |+Node836 (N.S)
 | |   ||||||  ||Marmota_marmota_marmota_MTNR1B_107145941 (0.004370612421064235)
 | |   ||||||  ||Marmota_himalayana_MTNR1B_MTNR1B (N.S)
 | |   |||||| |+Node835 (N.S)
 | |   |||||| ||Marmota_flaviventris_MTNR1B_114105026 (N.S)
 | |   |||||||+Node834 (N.S)
 | |   |||||||||Sciurus_carolinensis_MTNR1B_124958102 (N.S)
 | |   ||||||||+Node842 (N.S)
 | |   ||||||| |Sciurus_vulgaris_MTNR1B_MTNR1B (N.S)
 | |   ||||||+Node833 (N.S)
 | |   ||||| |    |Myodes_glareolus_MTNR1B_125400708 (N.S)
 | |   ||||| |   |+Node849 (N.S)
 | |   ||||| |   || |Microtus_ochrogaster_MTNR1B_101998842 (N.S)
 | |   ||||| |   |||+Node852 (N.S)
 | |   ||||| |   ||||Microtus_oregoni_MTNR1B_121451247 (N.S)
 | |   ||||| |   ||+Node851 (N.S)
 | |   ||||| |   | |Microtus_fortis_MTNR1B_126487668 (N.S)
 | |   ||||| |  |+Node848 (N.S)
 | |   ||||| |  ||Arvicola_amphibius_MTNR1B_119809269 (N.S)
 | |   ||||| | |+Node847 (N.S)
 | |   ||||| | ||  |Peromyscus_eremicus_MTNR1B_131914069 (N.S)
 | |   ||||| | || |+Node859 (N.S)
 | |   ||||| | || ||Peromyscus_californicus_insignis_MTNR1B_128119602 (N.S)
 | |   ||||| | |||+Node858 (N.S)
 | |   ||||| | ||||Peromyscus_maniculatus_bairdii_MTNR1B_102920355 (N.S)
 | |   ||||| | ||+Node857 (N.S)
 | |   ||||| | | |Onychomys_torridus_MTNR1B_118586699 (N.S)
 | |   ||||| ||+Node846 (N.S)
 | |   ||||| |||      |Mus_caroli_MTNR1B_110302494 (N.S)
 | |   ||||| |||     |+Node870 (N.S)
 | |   ||||| |||     ||  |Mus_musculus_MTNR1B_244701 (N.S)
 | |   ||||| |||     || |+Node874 (N.S)
 | |   ||||| |||     || ||Mus_musculus_MTNR1B_MTNR1B (N.S)
 | |   ||||| |||     |||+Node873 (N.S)
 | |   ||||| |||     ||||Mus_musculus_domesticus_MTNR1B_MTNR1B (N.S)
 | |   ||||| |||     ||+Node872 (N.S)
 | |   ||||| |||     | ||Mus_musculus_castaneus_MTNR1B_MTNR1B (N.S)
 | |   ||||| |||     | |+Node878 (N.S)
 | |   ||||| |||     |  ||Mus_musculus_musculus_MTNR1B_MTNR1B (N.S)
 | |   ||||| |||     |  |+Node880 (N.S)
 | |   ||||| |||     |   |Mus_musculus_molossinus_MTNR1B_MTNR1B (N.S)
 | |   ||||| |||    |+Node869 (N.S)
 | |   ||||| |||    ||Mus_pahari_MTNR1B_110328523 (N.S)
 | |   ||||| |||   |+Node868 (N.S)
 | |   ||||| |||   ||Mus_minutoides_MTNR1B_MTNR1B (N.S)
 | |   ||||| |||  |+Node867 (N.S)
 | |   ||||| |||  ||Apodemus_sylvaticus_MTNR1B_127690181 (N.S)
 | |   ||||| ||| |+Node866 (N.S)
 | |   ||||| ||| ||Arvicanthis_niloticus_MTNR1B_117699934 (N.S)
 | |   ||||| ||||+Node865 (N.S)
 | |   ||||| ||||| |Rattus_norvegicus_MTNR1B_Mel1BR (N.S)
 | |   ||||| ||||||+Node888 (N.S)
 | |   ||||| |||||||Rattus_norvegicus_MTNR1B_Mel1BR_2 (N.S)
 | |   ||||| |||||+Node887 (N.S)
 | |   ||||| |||| |Rattus_rattus_MTNR1B_116908057 (N.S)
 | |   ||||| |||+Node864 (N.S)
 | |   ||||| || ||Meriones_unguiculatus_MTNR1B_110547530 (N.S)
 | |   ||||| || |+Node892 (N.S)
 | |   ||||| ||  ||Acomys_cahirinus_MTNR1B_MTNR1B (N.S)
 | |   ||||| ||  |+Node894 (N.S)
 | |   ||||| ||   |Acomys_dimidiatus_MTNR1B_MTNR1B (N.S)
 | |   ||||| |+Node845 (N.S)
 | |   |||||  |Jaculus_jaculus_MTNR1B_101615359 (N.S)
 | |   ||||+Node818 (N.S)
 | |   ||| |   |Cavia_porcellus_MTNR1B_100724092 (N.S)
 | |   ||| |  |+Node901 (N.S)
 | |   ||| |  ||Cavia_tschudii_MTNR1B_MTNR1B (N.S)
 | |   ||| | |+Node900 (N.S)
 | |   ||| | ||Hydrochoerus_hydrochaeris_MTNR1B_MTNR1B (N.S)
 | |   ||| ||+Node899 (N.S)
 | |   ||| |||Chinchilla_lanigera_MTNR1B_102006023 (N.S)
 | |   ||| |+Node898 (N.S)
 | |   |||  |Fukomys_damarensis_MTNR1B_104868770 (N.S)
 | |   ||+Node781 (N.S)
 | |   | |Elephas_maximus_indicus_MTNR1B_126078900 (N.S)
 | |  |+Node768 (N.S)
 | |  ||  |Crocuta_crocuta_MTNR1B_MTNR1B (N.S)
 | |  || |+Node910 (N.S)
 | |  || || |Lynx_canadensis_MTNR1B_115525595 (N.S)
 | |  || |||+Node920 (N.S)
 | |  || ||||Felis_catus_MTNR1B_101083701 (N.S)
 | |  || |||||Prionailurus_viverrinus_MTNR1B_125177173 (N.S)
 | |  || ||||+Node923 (N.S)
 | |  || ||| |Felis_catus_x_Prionailurus_bengalensis_MTNR1B_MTNR1B (N.S)
 | |  || ||+Node912 (N.S)
 | |  || | ||Panthera_pardus_MTNR1B_109267343 (N.S)
 | |  || | |+Node914 (N.S)
 | |  || | ||Panthera_uncia_MTNR1B_125938333 (N.S)
 | |  || | ||Panthera_leo_MTNR1B_122200340 (N.S)
 | |  || | |Felis_catus_x_Leopardus_geoffroyi_MTNR1B_MTNR1B (N.S)
 | |  |||+Node909 (N.S)
 | |  |||||Canis_lupus_MTNR1B_MTNR1B (N.S)
 | |  ||||+Node927 (N.S)
 | |  ||| |Canis_lupus_familiaris_MTNR1B_MTNR1B (0.03898879813880818)
 | |  ||+Node908 (N.S)
 | |  | | |Martes_zibellina_MTNR1B_MTNR1B (N.S)
 | |  | ||+Node931 (N.S)
 | |  | |||Mustela_putorius_MTNR1B_MTNR1B (0.002632284878123059)
 | |  | |+Node930 (N.S)
 | |  |  ||Callorhinus_ursinus_MTNR1B_112840514 (N.S)
 | |  |  |+Node934 (N.S)
 | |  |   |Zalophus_californianus_MTNR1B_113913700 (N.S)
 | | |+Node767 (N.S)
 | | || |Equus_quagga_MTNR1B_124225175 (N.S)
 | | |||+Node938 (N.S)
 | | ||||Equus_przewalskii_MTNR1B_103548037 (N.S)
 | | ||+Node937 (N.S)
 | | | ||Diceros_bicornis_minor_MTNR1B_131408988 (N.S)
 | | | |+Node941 (N.S)
 | | |  |Ceratotherium_simum_cottoni_MTNR1B_MTNR1B (N.S)
 | ||+Node766 (N.S)
 | |||    |Hippopotamus_amphibius_MTNR1B_MTNR1B (N.S)
 | |||   |+Node948 (N.S)
 | |||   ||Hippopotamus_amphibius_kiboko_MTNR1B_130829040 (N.S)
 | |||  |+Node947 (N.S)
 | |||  || |Odocoileus_virginianus_texanus_MTNR1B_110127734 (N.S)
 | |||  |||+Node952 (N.S)
 | |||  |||||Cervus_elaphus_MTNR1B_122705797 (N.S)
 | |||  |||||Cervus_hanglu_yarkandensis_MTNR1B_MTNR1B (N.S)
 | |||  ||||+Node954 (N.S)
 | |||  ||| |Cervus_elaphus_hippelaphus_MTNR1B_Celaphus_00013623 (N.S)
 | |||  ||| |Cervus_canadensis_MTNR1B_122431260 (N.S)
 | |||  ||+Node951 (N.S)
 | |||  | |  |Tragelaphus_strepsiceros_MTNR1B_MTNR1B (N.S)
 | |||  | | |+Node963 (N.S)
 | |||  | | || |Bos_mutus_MTNR1B_102277187 (N.S)
 | |||  | | |||+Node966 (N.S)
 | |||  | | |||||Bos_taurus_MTNR1B_MTNR1B (N.S)
 | |||  | | |||||Bos_gaurus_MTNR1B_MTNR1B (N.S)
 | |||  | | ||||+Node968 (N.S)
 | |||  | | ||| |Bos_indicus_x_Bos_taurus_MTNR1B_113886091 (N.S)
 | |||  | | ||| |Bison_bison_bison_MTNR1B_104999620 (N.S)
 | |||  | | ||+Node965 (N.S)
 | |||  | | | ||Bubalus_bubalis_MTNR1B_102409257 (N.S)
 | |||  | | | |+Node975 (N.S)
 | |||  | | |  |Bubalus_kerabau_MTNR1B_129653860 (0.03762582348456261)
 | |||  | ||+Node962 (N.S)
 | |||  | |||Capra_hircus_MTNR1B_102176302 (N.S)
 | |||  | |+Node961 (N.S)
 | |||  |  |Moschus_berezovskii_MTNR1B_129542121 (N.S)
 | ||| |+Node946 (N.S)
 | ||| ||Phocoena_sinus_MTNR1B_MTNR1B (N.S)
 | ||||+Node945 (N.S)
 | |||||Sus_scrofa_MTNR1B_100511397 (N.S)
 | |||+Node944 (N.S)
 | || | |Camelus_dromedarius_MTNR1B_105094616 (N.S)
 | || ||+Node983 (N.S)
 | || |||Camelus_bactrianus_MTNR1B_105083508 (N.S)
 | || |||Camelus_ferus_MTNR1B_102518364 (N.S)
 | || |+Node982 (N.S)
 | ||  |Vicugna_pacos_huacaya_MTNR1B_MTNR1B (N.S)
 | |+Node765 (N.S)
 |  |  |Monodelphis_domestica_MTNR1B_100015466 (N.S)
 |  | |+Node991 (N.S)
 |  | ||Gracilinanus_agilis_MTNR1B_123241323 (N.S)
 |  ||+Node990 (N.S)
 |  |||Dromiciops_gliroides_MTNR1B_122747863 (N.S)
 |  |+Node989 (N.S)
 |   |Trichosurus_vulpecula_MTNR1B_118835450 (N.S)
|+Node2 (N.S)
|| |Gekko_japonicus_MTNR1B_107114658 (N.S)
|||+Node997 (N.S)
||||Euleptes_europaea_MTNR1B_130484977 (N.S)
||+Node996 (N.S)
| |Eublepharis_macularius_MTNR1B_129326075 (N.S)
|   |Sceloporus_undulatus_MTNR1B_121926302 (N.S)
|  |+Node1004 (N.S)
|  ||Anolis_carolinensis_MTNR1B_100560838 (N.S)
| |+Node1003 (N.S)
| ||Pogona_vitticeps_MTNR1B_110091096 (N.S)
||+Node1002 (N.S)
||| |Zootoca_vivipara_MTNR1B_118085260 (N.S)
||||+Node1009 (N.S)
||||| |Podarcis_muralis_MTNR1B_114595621 (N.S)
||||||+Node1012 (N.S)
|||||||Podarcis_raffonei_MTNR1B_128412541 (N.S)
|||||+Node1011 (N.S)
|||| |Lacerta_agilis_MTNR1B_117045238 (N.S)
|||+Node1008 (N.S)
|| |Varanus_komodoensis_MTNR1B_123029361 (N.S)
|+Node1001 (N.S)
||  |Pantherophis_guttatus_MTNR1B_117660437 (N.S)
|| |+Node1019 (N.S)
|| ||Pantherophis_guttatus_MTNR1B_MTNR1B (N.S)
|||+Node1018 (N.S)
|||||Naja_naja_MTNR1B_MTNR1B (N.S)
||||+Node1022 (N.S)
||| |Pseudonaja_textilis_MTNR1B_113440456 (N.S)
||+Node1017 (N.S)
| ||Thamnophis_elegans_MTNR1B_116510552 (N.S)
| |+Node1025 (N.S)
|  |Thamnophis_sirtalis_MTNR1B_106545428 (N.S)
|Hemicordylus_capensis_MTNR1B_128350275 (N.S)
```

