IQ-TREE multicore version 2.3.6 for MacOS ARM 64-bit built Jul 30 2024
Developed by Bui Quang Minh, Nguyen Lam Tung, Olga Chernomor, Heiko Schmidt,
Dominik Schrempf, Michael Woodhams, Ly Trong Nhan, Thomas Wong

Host:    MacBook-Air-di-Sara.local (SSE4.2, 16 GB RAM)
Command: iqtree2 -s /Users/saramattiolo/tesi_melatonina/trimmed/melatonin_with_all_opsins_filtered_trimmed.fasta -m TEST -B 1000 -T AUTO -o Outgroup_Bos_taurus_Opsin_RHO_NM001014890,Outgroup_Felis_catus_Opsin_RHO_NM001009242 --prefix /Users/saramattiolo/tesi_melatonina/tree/melatonin_tree_filtered --redo
Seed:    563233 (Using SPRNG - Scalable Parallel Random Number Generator)
Time:    Sat May  2 16:38:59 2026
Kernel:  SSE2 - auto-detect threads (8 CPU cores detected)

Reading alignment file /Users/saramattiolo/tesi_melatonina/trimmed/melatonin_with_all_opsins_filtered_trimmed.fasta ... Fasta format detected
Reading fasta file: done in 0.038785 secs using 88.93% CPU
Alignment most likely contains DNA/RNA sequences
Alignment has 1977 sequences with 1030 columns, 1024 distinct patterns
952 parsimony-informative, 50 singleton sites, 28 constant sites
                                                                           Gap/Ambiguity  Composition  p-value
Analyzing sequences: done in 0.00343609 secs using 535.5% CPU
   1  Pleurodeles_waltl_MTNR_unknown_NDU88_001487                                 14.76%    passed     11.32%
   2  Pleurodeles_waltl_MTNR_unknown_NDU88_006780                                 16.21%    passed     19.91%
   3  Bombina_bombina_MTNR1A_128662408                                            13.01%    failed      0.09%
   4  Bombina_bombina_MTNR1B_128654617                                             2.04%    failed      0.00%
   5  Bombina_bombina_MTNR1A_128650168                                             0.97%    failed      0.00%
   6  Bombina_bombina_MTNR_related_128660415                                      15.34%    failed      0.00%
   7  Xenopus_laevis_MTNR1C_Mel1CR                                                 2.72%    failed      0.02%
   8  Xenopus_laevis_MTNR1C_108698430                                              3.01%    failed      1.01%
   9  Xenopus_laevis_MTNR1A_121402097                                             13.01%    passed     93.86%
  10  Xenopus_laevis_MTNR_related_108710792                                       13.01%    passed     40.35%
  11  Xenopus_laevis_MTNR1B_108710014                                              9.61%    failed      0.55%
  12  Xenopus_laevis_MTNR1B_108708755                                              8.16%    failed      0.05%
  13  Xenopus_laevis_MTNR1A_108706613                                              0.97%    failed      0.00%
  14  Xenopus_laevis_MTNR1A_108719600                                             12.04%    failed      0.00%
  15  Xenopus_tropicalis_MTNR1A_100486065                                         13.01%    passed     95.93%
  16  Xenopus_tropicalis_MTNR1A_116408465                                          0.97%    failed      0.00%
  17  Bufo_bufo_MTNR_related_121009603                                             2.82%    failed      0.15%
  18  Bufo_bufo_MTNR1B_120994190                                                   2.33%    passed     24.50%
  19  Bufo_bufo_MTNR1A_120990166                                                   0.97%    failed      0.00%
  20  Bufo_bufo_MTNR1A_121008038                                                  12.82%    failed      2.23%
  21  Rana_temporaria_MTNR_related_120913674                                       2.72%    failed      0.02%
  22  Rana_temporaria_MTNR1A_120932614                                            12.82%    passed     16.52%
  23  Rana_temporaria_MTNR1B_120928981                                             2.04%    passed      6.95%
  24  Rana_temporaria_MTNR1A_120939049                                             8.93%    failed      0.00%
  25  Caretta_caretta_MTNR_related_125643027                                       3.59%    passed     93.52%
  26  Caretta_caretta_MTNR1A_125641701                                             9.71%    failed      0.08%
  27  Caretta_caretta_MTNR1A_125635838                                             0.97%    passed      7.97%
  28  Caretta_caretta_MTNR1B_125633428                                             0.78%    passed     15.51%
  29  Caretta_caretta_GPR50_GPR50                                                  3.59%    passed     93.52%
  30  Caretta_caretta_MTNR_unknown_ENSCECG000000213371                             9.71%    failed      0.08%
  31  Caretta_caretta_MTNR1A_MTNR1A                                                6.50%    passed     12.25%
  32  Caretta_caretta_MTNR1B_MTNR1B                                                0.78%    passed     15.51%
  33  Chelonia_mydas_MTNR1A_102946668                                              9.71%    failed      0.01%
  34  Chelonia_mydas_MTNR1B_102947942                                              0.78%    passed     16.94%
  35  Chelydra_serpentina_MTNR1A_G0U57_012761                                     13.01%    failed      0.01%
  36  Chelydra_serpentina_MTNR_unknown_G0U57_010479                                3.59%    passed     87.31%
  37  Chelydra_serpentina_MTNR1A_G0U57_007324                                      9.71%    failed      0.01%
  38  Chrysemys_picta_bellii_MTNR1B_101931799                                      0.78%    passed     13.06%
  39  Chrysemys_picta_bellii_MTNR_related_101936633                                9.71%    failed      0.03%
  40  Chrysemys_picta_bellii_MTNR_related_101953530                                3.59%    passed     85.78%
  41  Chrysemys_picta_GPR50_GPR50                                                  3.59%    passed     87.77%
  42  Chrysemys_picta_MTNR1B_MTNR1B                                                0.78%    passed     12.58%
  43  Chrysemys_picta_MTNR1A_MTNR1A                                                9.71%    failed      0.03%
  44  Chrysemys_picta_MTNR1A_MTNR1A_2                                              0.97%    passed      8.81%
  45  Alligator_mississippiensis_MTNR1B_102567490                                  6.02%    failed      0.85%
  46  Alligator_mississippiensis_MTNR_related_109280200                            4.47%    failed      3.35%
  47  Alligator_mississippiensis_MTNR1A_102559614                                  1.36%    failed      0.88%
  48  Crocodylus_porosus_MTNR1A_109321857                                          8.93%    failed      0.00%
  49  Crocodylus_porosus_MTNR_related_109313736                                    6.02%    passed     12.38%
  50  Crocodylus_porosus_MTNR1B_109305549                                         14.95%    failed      0.01%
  51  Sceloporus_undulatus_MTNR_related_121935993                                  3.69%    passed     17.43%
  52  Sceloporus_undulatus_MTNR1B_121926302                                        1.55%    passed     93.25%
  53  Sceloporus_undulatus_MTNR1A_121922608                                       10.19%    passed     52.75%
  54  Zootoca_vivipara_MTNR1B_118085260                                            0.78%    passed      5.32%
  55  Zootoca_vivipara_MTNR1A_118083563                                            2.52%    passed     17.50%
  56  Zootoca_vivipara_MTNR1A_118080441                                           10.00%    failed      0.02%
  57  Notechis_scutatus_MTNR1B_113420134                                          15.05%    passed      6.41%
  58  Notechis_scutatus_MTNR1A_113411768                                           0.97%    failed      0.10%
  59  Ophiophagus_hannah_MTNR_related_L345_06396                                   9.61%    passed     79.29%
  60  Pseudonaja_textilis_MTNR1B_113440456                                         3.20%    passed     66.58%
  61  Pseudonaja_textilis_MTNR1A_113434570                                         0.97%    failed      0.11%
  62  Casuarius_casuarius_MTNR1C_CASCAS_R10656                                    13.50%    passed     36.15%
  63  Casuarius_casuarius_MTNR1B_CASCAS_R11541                                    13.79%    failed      0.00%
  64  Casuarius_casuarius_MTNR1A_CASCAS_R00283                                    14.85%    failed      0.00%
  65  Dromaius_novaehollandiae_MTNR1C_112997224                                    4.95%    passed     69.87%
  66  Dromaius_novaehollandiae_MTNR1B_112988551                                    0.78%    failed      2.27%
  67  Eudromia_elegans_MTNR1B_EUDELE_R09478                                        1.26%    passed     12.59%
  68  Eudromia_elegans_MTNR1C_EUDELE_R13198                                       12.62%    passed     75.24%
  69  Eudromia_elegans_MTNR1A_EUDELE_R09655                                        0.58%    passed     97.78%
  70  Aix_galericulata_MTNR1A_LUU34_01045300                                      14.37%    failed      2.82%
  71  Aix_galericulata_MTNR_related_LUU34_00772000                                14.76%    passed     78.01%
  72  Aix_galericulata_MTNR1B_LUU34_00726000                                       4.66%    failed      0.00%
  73  Anas_platyrhynchos_MTNR_related_101792576                                    4.27%    passed     11.15%
  74  Anas_platyrhynchos_MTNR1A_101797746                                          0.29%    passed     67.99%
  75  Anas_platyrhynchos_MTNR1B_101805311                                          0.78%    failed      1.89%
  76  Anser_cygnoides_MTNR1B_106034133                                             0.78%    failed      1.52%
  77  Anser_cygnoides_MTNR_related_106037655                                      11.75%    passed     92.68%
  78  Anseranas_semipalmata_MTNR1A_ANSSEM_R03934                                   0.58%    passed     46.27%
  79  Anseranas_semipalmata_MTNR1C_ANSSEM_R03977                                  12.82%    passed     89.22%
  80  Anseranas_semipalmata_MTNR1B_ANSSEM_R10934                                   1.07%    failed      3.49%
  81  Cygnus_atratus_MTNR_related_118245247                                        4.27%    passed     25.98%
  82  Cygnus_atratus_MTNR1A_118253483                                              0.29%    passed     65.19%
  83  Cygnus_atratus_MTNR1B_118245936                                              0.78%    failed      1.52%
  84  Cygnus_olor_MTNR_related_121077204                                           4.27%    passed     34.51%
  85  Cygnus_olor_MTNR1A_121070239                                                 0.29%    passed     79.73%
  86  Cygnus_olor_MTNR1B_121063641                                                 0.78%    failed      1.71%
  87  Oxyura_jamaicensis_MTNR1A_118166742                                          0.29%    passed     62.90%
  88  Oxyura_jamaicensis_MTNR_related_118166026                                    3.88%    passed     12.81%
  89  Oxyura_jamaicensis_MTNR1B_118168457                                          0.87%    failed      3.41%
  90  Apus_apus_MTNR_related_127389538                                             3.98%    passed     83.86%
  91  Apus_apus_MTNR1A_127384831                                                   0.29%    passed      6.84%
  92  Apus_apus_MTNR1B_127385623                                                   0.78%    passed     13.55%
  93  Chaetura_pelagica_MTNR1A_104393049                                          13.98%    failed      0.02%
  94  Podargus_strigoides_MTNR1B_PODSTR_R08020                                     1.07%    passed     22.86%
  95  Podargus_strigoides_MTNR1C_PODSTR_R09199                                    13.11%    passed     82.40%
  96  Columba_livia_MTNR1B_102095424                                               4.76%    failed      0.50%
  97  Columba_livia_MTNR_related_102087541                                         9.81%    passed     86.83%
  98  Columba_livia_MTNR1A_102097201                                              13.69%    failed      0.03%
  99  Geococcyx_californianus_MTNR1B_GEOCAL_R02561                                13.40%    failed      0.00%
 100  Geococcyx_californianus_MTNR1C_GEOCAL_R07724                                13.59%    passed     35.80%
 101  Geococcyx_californianus_MTNR1A_GEOCAL_R09814                                 0.58%    passed     44.57%
 102  Falco_peregrinus_MTNR_related_101918694                                      4.17%    passed     92.98%
 103  Falco_peregrinus_MTNR1B_101910504                                            0.78%    failed      2.99%
 104  Accipiter_gentilis_MTNR_related_126050330                                    5.15%    passed     94.79%
 105  Accipiter_gentilis_MTNR1B_126048492                                          0.78%    passed      8.06%
 106  Haliaeetus_albicilla_MTNR1C_HALALB_R14947                                   12.62%    passed     67.41%
 107  Haliaeetus_albicilla_MTNR1B_HALALB_R01016                                    1.07%    passed      8.62%
 108  Haliaeetus_albicilla_MTNR1A_HALALB_R11427                                    0.58%    passed      9.90%
 109  Numida_meleagris_MTNR_related_110403234                                     13.01%    passed     82.79%
 110  Numida_meleagris_MTNR1A_110398913                                            0.29%    passed     18.33%
 111  Numida_meleagris_MTNR1B_110390737                                            0.78%    failed      4.12%
 112  Centrocercus_urophasianus_MTNR1B_122171423                                   0.78%    failed      2.66%
 113  Centrocercus_urophasianus_MTNR1A_122157015                                   0.29%    failed      4.42%
 114  Callipepla_squamata_MTNR_related_ASZ78_006369                                0.78%    failed      2.77%
 115  Callipepla_squamata_MTNR_related_ASZ78_016359                                4.27%    passed     44.50%
 116  Callipepla_squamata_MTNR_related_ASZ78_005163                                0.29%    failed      3.82%
 117  Colinus_virginianus_MTNR_unknown_H355_016960                                 4.27%    passed     55.67%
 118  Colinus_virginianus_MTNR_unknown_H355_015837                                 0.29%    failed      2.36%
 119  Colinus_virginianus_MTNR_unknown_H355_006155                                 0.78%    failed      3.19%
 120  Gallus_gallus_MTNR1A_Mel1AR                                                  0.29%    failed      2.86%
 121  Gallus_gallus_MTNR1C_Mel1CR                                                  4.27%    passed     80.37%
 122  Gallus_gallus_MTNR1B_Mel1BR                                                  0.78%    failed      2.22%
 123  Phasianus_colchicus_MTNR_related_116234912                                   4.27%    passed     46.67%
 124  Phasianus_colchicus_MTNR1A_116225953                                         0.29%    failed      3.65%
 125  Phasianus_colchicus_MTNR1B_116244432                                         0.78%    failed      3.38%
 126  Bambusicola_thoracicus_MTNR_related_CIB84_014539                            15.83%    failed      0.01%
 127  Bambusicola_thoracicus_MTNR_related_CIB84_006585                            16.60%    failed      0.00%
 128  Bambusicola_thoracicus_MTNR_related_CIB84_005173                            16.31%    passed     57.17%
 129  Meleagris_gallopavo_MTNR1C_100547793                                         4.76%    passed     63.65%
 130  Meleagris_gallopavo_MTNR1A_100549313                                         0.29%    passed      6.55%
 131  Meleagris_gallopavo_MTNR1B_104909381                                         8.93%    failed      0.00%
 132  Meleagris_gallopavo_GPR50_GPR50                                              4.27%    passed     65.79%
 133  Meleagris_gallopavo_MTNR1A_MTNR1A                                            0.29%    passed      6.55%
 134  Grus_americana_MTNR_related_129211981                                        4.17%    passed     89.46%
 135  Grus_americana_MTNR1A_129205855                                              0.29%    passed      9.06%
 136  Grus_americana_MTNR1B_129214676                                              0.78%    passed      7.65%
 137  Gymnorhina_tibicen_MTNR1A_GYMTIB_R03202                                      0.58%    passed     12.13%
 138  Gymnorhina_tibicen_MTNR1B_GYMTIB_R13840                                      1.07%    passed     15.43%
 139  Gymnorhina_tibicen_MTNR1C_GYMTIB_R14417                                     12.72%    passed     78.76%
 140  Serinus_canaria_MTNR_related_103816517                                       8.64%    passed     70.95%
 141  Serinus_canaria_MTNR1A_103825450                                             0.29%    passed     58.24%
 142  Serinus_canaria_MTNR1B_103827257                                             0.78%    passed     23.03%
 143  Parus_major_MTNR_related_107203730                                           7.86%    passed     81.67%
 144  Parus_major_MTNR1A_107203589                                                 0.29%    passed     46.18%
 145  Parus_major_MTNR1B_107213109                                                 0.78%    passed     10.23%
 146  Passer_montanus_MTNR1B_120506782                                             0.78%    passed      9.25%
 147  Passer_montanus_MTNR_related_120506214                                      15.44%    passed     98.25%
 148  Passer_montanus_MTNR1A_120497942                                             0.29%    passed     31.85%
 149  Pitta_sordida_MTNR1A_PITSOR_R04389                                          16.99%    failed      0.00%
 150  Pitta_sordida_MTNR1C_PITSOR_R13760                                          12.82%    passed     56.10%
 151  Sturnus_vulgaris_MTNR_related_106856301                                     12.04%    passed     49.92%
 152  Sturnus_vulgaris_MTNR1B_106853954                                            0.78%    passed      5.26%
 153  Sturnus_vulgaris_MTNR1A_106851456                                            0.29%    passed     41.00%
 154  Pomatostomus_ruficeps_MTNR1C_POSRUF_R08565                                  15.05%    passed     86.66%
 155  Pomatostomus_ruficeps_MTNR1A_POSRUF_R12098                                  16.99%    failed      0.02%
 156  Pomatostomus_ruficeps_MTNR1B_POSRUF_R08919                                   1.07%    passed     19.08%
 157  Phalacrocorax_carbo_MTNR1A_104047760                                         7.86%    failed      0.00%
 158  Phalacrocorax_carbo_MTNR1C_104045342                                         9.61%    passed     98.45%
 159  Phalacrocorax_carbo_MTNR1B_104043169                                        16.41%    failed      0.00%
 160  Phoenicopterus_ruber_ruber_MTNR_related_N337_05203                          16.60%    failed      0.08%
 161  Phoenicopterus_ruber_ruber_MTNR1C_N337_04698                                12.62%    passed     89.61%
 162  Phoenicopterus_ruber_ruber_MTNR1A_N337_10347                                15.83%    failed      0.05%
 163  Aptenodytes_forsteri_MTNR1B_103904761                                        0.78%    passed     15.46%
 164  Aptenodytes_patagonicus_MTNR1B_MTNR1B                                        9.42%    passed     71.00%
 165  Aptenodytes_patagonicus_MTNR1A_MTNR1A                                       11.94%    failed      0.02%
 166  Aptenodytes_patagonicus_MTNR1B_MTNR1B_2                                      0.78%    passed     16.63%
 167  Pygoscelis_adeliae_MTNR1A_103922562                                         14.95%    failed      0.06%
 168  Spheniscus_humboldti_MTNR1A_FQV23_0001872                                    0.58%    passed     16.36%
 169  Spheniscus_humboldti_MTNR_unknown_FQV23_0001592                              1.07%    passed      7.03%
 170  Spheniscus_humboldti_MTNR1C_FQV23_0001221                                   12.62%    passed     73.67%
 171  Calypte_anna_MTNR1A_103526818                                                0.29%    passed      9.38%
 172  Calypte_anna_MTNR_related_103535201                                          3.98%    failed      4.78%
 173  Calypte_anna_MTNR1B_103534562                                                0.78%    passed      8.68%
 174  Podilymbus_podiceps_MTNR1B_PODPOD_R05697                                     1.07%    passed      7.15%
 175  Podilymbus_podiceps_MTNR1A_PODPOD_R06922                                     0.58%    passed     13.19%
 176  Podilymbus_podiceps_MTNR1C_PODPOD_R01634                                    13.98%    passed     60.52%
 177  Ornithorhynchus_anatinus_MTNR1A_100089825                                    6.31%    failed      0.00%
 178  Ornithorhynchus_anatinus_MTNR_related_100082251                              4.66%    passed     96.70%
 179  Tachyglossus_aculeatus_MTNR1A_119935655                                      4.66%    failed      0.00%
 180  Tachyglossus_aculeatus_MTNR_related_119929534                               12.82%    passed     29.20%
 181  Antechinus_stuartii_MTNR_unknown_GCA_0166963951g8318t1                      14.66%    passed     24.28%
 182  Antechinus_stuartii_MTNR_unknown_GCA_0166963951g7616t1                       0.29%    failed      0.19%
 183  Sarcophilus_harrisii_MTNR1A_100919454                                        0.29%    failed      0.07%
 184  Sarcophilus_harrisii_MTNR1B_100927155                                        2.82%    passed     76.13%
 185  Trichosurus_vulpecula_MTNR1A_118854690                                       0.29%    passed      9.20%
 186  Trichosurus_vulpecula_MTNR1B_118835450                                       1.17%    passed     94.87%
 187  Erinaceus_europaeus_MTNR_unknown_103108710                                   0.29%    passed      5.20%
 188  Echinops_telfairi_MTNR1A_101649538                                           1.07%    passed     59.41%
 189  Cynopterus_sphinx_MTNR_unknown_GCA_0300154151g6611t1                         0.39%    failed      0.00%
 190  Cynopterus_sphinx_MTNR_unknown_GCA_0300154151g3989t1                         0.49%    passed     48.95%
 191  Pteropus_alecto_MTNR_unknown_102883738                                       0.00%    passed     22.52%
 192  Pteropus_alecto_MTNR_unknown_102896161                                       2.82%    failed      0.00%
 193  Rousettus_aegyptiacus_MTNR_unknown_107517673                                 0.39%    failed      0.00%
 194  Rousettus_aegyptiacus_MTNR_unknown_107510431                                 0.00%    passed     50.15%
 195  Megaderma_lyra_MTNR1A_MTNR1A                                                 0.10%    passed     45.39%
 196  Megaderma_spasma_MTNR_unknown_GCA_0438805951g17155t1                         0.00%    passed     77.87%
 197  Megaderma_spasma_MTNR_unknown_GCA_0438805951g2798t1                          0.39%    failed      0.00%
 198  Artibeus_jamaicensis_MTNR1A_119036922                                        0.00%    failed      0.00%
 199  Phyllostomus_hastatus_MTNR1A_123807691                                       0.00%    failed      0.00%
 200  Desmodus_rotundus_MTNR1A_112306797                                           0.00%    failed      0.04%
 201  Tadarida_brasiliensis_MTNR_unknown_GCA_0308488251g12022t1                    1.36%    failed      0.00%
 202  Tadarida_brasiliensis_MTNR_unknown_GCA_0308488251g9816t1                     0.19%    failed      0.21%
 203  Lemur_catta_MTNR1A_123637718                                                 0.00%    passed     25.43%
 204  Cheirogaleus_medius_MTNR1A_MTNR1A                                            0.00%    passed     16.40%
 205  Loris_tardigradus_MTNR_unknown_GCA_0237831351g19108t1                        1.07%    failed      0.00%
 206  Loris_tardigradus_MTNR_unknown_GCA_0237831351g869t1                          0.00%    failed      0.97%
 207  Nycticebus_coucang_MTNR1B_128564556                                          0.39%    failed      0.00%
 208  Nycticebus_coucang_MTNR1A_128588933                                          0.00%    failed      2.56%
 209  Cephalopachus_bancanus_MTNR_unknown_GCA_0272570551g3845t1                    0.49%    failed      0.00%
 210  Callithrix_jacchus_MTNR_unknown_100408854                                    0.19%    failed      0.00%
 211  Ateles_geoffroyi_GPR50_GPR50                                                 4.37%    failed      3.90%
 212  Cebus_albifrons_MTNR_unknown_GCA_0237835751g9312t1                           0.19%    failed      0.00%
 213  Sapajus_apella_MTNR_unknown_GCF_0097612451g8796t1                            0.19%    failed      0.00%
 214  Cercocebus_atys_MTNR_unknown_GCA_0009559451g6441t1                           0.19%    failed      0.63%
 215  Cercocebus_atys_MTNR_unknown_GCA_0009559451g6358t1                           0.97%    failed      0.00%
 216  Erythrocebus_patas_MTNR_unknown_GCA_0237834551g6255t1                        0.97%    failed      0.00%
 217  Macaca_fascicularis_MTNR_related_102120916                                   0.97%    failed      0.00%
 218  Macaca_fascicularis_MTNR_unknown_102144063                                   0.19%    failed      0.79%
 219  Macaca_mulatta_MTNR_related_695629                                           0.97%    failed      0.00%
 220  Macaca_mulatta_MTNR_unknown_702686                                           0.19%    failed      0.64%
 221  Macaca_nemestrina_MTNR_unknown_105466549                                     0.19%    failed      0.79%
 222  Macaca_nemestrina_MTNR1B_105484359                                           0.97%    failed      0.00%
 223  Papio_anubis_MTNR_unknown_GCF_0087285151g11816t1                             0.97%    failed      0.00%
 224  Papio_anubis_MTNR_unknown_GCF_0087285151g3183t1                              0.19%    failed      0.42%
 225  Mandrillus_sphinx_MTNR_unknown_GCA_0048026151g14905t1                        0.97%    failed      0.00%
 226  Mandrillus_sphinx_MTNR_unknown_GCA_0048026151g3938t1                         0.19%    failed      0.13%
 227  Theropithecus_gelada_MTNR_unknown_GCF_0032558151g14491t1                     0.97%    failed      0.00%
 228  Theropithecus_gelada_MTNR_unknown_GCF_0032558151g6303t1                      0.19%    failed      0.65%
 229  Mandrillus_leucophaeus_MTNR1B_105550119                                      0.97%    failed      0.00%
 230  Hylobates_pileatus_MTNR1B_MTNR1B                                             0.97%    failed      0.00%
 231  Hylobates_pileatus_MTNR1A_MTNR1A                                             0.19%    failed      1.10%
 232  Symphalangus_syndactylus_MTNR_unknown_GCA_0288780853g5375t1                  0.97%    failed      0.00%
 233  Symphalangus_syndactylus_MTNR_unknown_GCA_0288780853g3625t1                  0.19%    failed      0.96%
 234  Gorilla_gorilla_gorilla_MTNR_unknown_GCA_0288854952g3053t1                   0.19%    failed      0.43%
 235  Gorilla_gorilla_gorilla_MTNR_unknown_GCA_0288854952g9596t1                   0.97%    failed      0.00%
 236  Pan_paniscus_MTNR_unknown_GCA_0288588452g9052t1                              0.97%    failed      0.00%
 237  Pan_paniscus_MTNR_unknown_GCA_0288588452g3009t1                              0.19%    failed      0.09%
 238  Pan_troglodytes_MTNR_unknown_466747                                          0.97%    failed      0.00%
 239  Pan_troglodytes_MTNR_unknown_129135323                                       0.19%    failed      0.11%
 240  Pongo_pygmaeus_MTNR1B_129008229                                              0.97%    failed      0.00%
 241  Pongo_pygmaeus_MTNR1A_129034694                                              0.19%    failed      1.93%
 242  Pongo_abelii_MTNR1B_100431297                                                0.97%    failed      0.00%
 243  Pongo_abelii_MTNR_unknown_100445177                                          0.19%    failed      1.20%
 244  Homo_sapiens_MTNR1B_Mel1BR                                                   0.97%    failed      0.00%
 245  Homo_sapiens_MTNR1A_Mel1AR                                                   0.78%    failed      0.37%
 246  Homo_sapiens_MTNR1A_Mel1AR_2                                                 0.78%    failed      0.37%
 247  Homo_sapiens_MTNR1B_Mel1BR_2                                                 0.97%    failed      0.00%
 248  Canis_lupus_MTNR1B_MTNR1B                                                   18.06%    failed      0.00%
 249  Canis_lupus_MTNR1A_MTNR1A                                                    0.00%    passed     68.71%
 250  Canis_lupus_familiaris_MTNR1B_607818                                         5.53%    failed      0.00%
 251  Canis_lupus_familiaris_MTNR1A_482904                                         0.00%    passed     68.71%
 252  Canis_lupus_familiaris_MTNR1B_MTNR1B                                        18.06%    failed      0.01%
 253  Canis_lupus_familiaris_MTNR1A_MTNR1A                                         0.00%    passed     68.71%
 254  Lycaon_pictus_MTNR_unknown_GCA_0409557051g13500t1                           15.34%    failed      0.01%
 255  Lycaon_pictus_MTNR_unknown_GCA_0409557051g10800t1                            0.00%    passed     64.52%
 256  Vulpes_vulpes_MTNR_unknown_112934781                                         2.82%    passed     13.24%
 257  Tremarctos_ornatus_MTNR_unknown_GCA_0285513751g16809t1                       0.00%    passed     42.46%
 258  Ursus_americanus_MTNR1A_123784565                                            0.00%    passed     40.48%
 259  Ursus_arctos_MTNR1A_113262290                                                0.00%    passed     40.48%
 260  Ailuropoda_melanoleuca_MTNR_unknown_100470957                                0.00%    passed     47.26%
 261  Lutra_lutra_MTNR_unknown_GCA_9026550552g2044t1                               0.00%    passed     48.02%
 262  Martes_foina_MTNR_unknown_GCA_9643045851g1979t1                              0.00%    passed     83.09%
 263  Meles_meles_MTNR_unknown_GCA_9229849352g10925t1                              2.33%    failed      0.00%
 264  Meles_meles_MTNR_unknown_GCA_9229849352g2906t1                               0.87%    passed     87.75%
 265  Mustela_lutreola_MTNR1A_131820640                                            0.00%    passed     88.49%
 266  Mustela_putorius_MTNR1B_MTNR1B                                              10.78%    failed      0.00%
 267  Mustela_putorius_MTNR1A_MTNR1A                                               5.15%    passed     97.25%
 268  Mustela_putorius_furo_MTNR_unknown_101690469                                 0.00%    passed     89.11%
 269  Paguma_larvata_MTNR_unknown_GCA_0300680751g8881t1                            0.39%    failed      0.00%
 270  Paguma_larvata_MTNR_unknown_GCA_0300680751g115t1                            37.09%    passed      9.05%
 271  Crocuta_crocuta_GPR50_GPR50                                                  1.07%    passed     69.09%
 272  Crocuta_crocuta_MTNR1B_MTNR1B                                                0.97%    failed      0.00%
 273  Felis_catus_MTNR1B_101083701                                                 0.39%    failed      0.00%
 274  Felis_catus_MTNR_unknown_101098297                                           0.00%    passed     17.80%
 275  Panthera_leo_MTNR1B_122200340                                                0.39%    failed      0.00%
 276  Panthera_leo_MTNR_unknown_122216846                                          0.29%    passed     50.75%
 277  Panthera_pardus_MTNR1A_109250988                                             0.29%    passed     54.86%
 278  Panthera_pardus_MTNR1B_109267343                                             0.39%    failed      0.00%
 279  Panthera_tigris_MTNR_unknown_GCA_0240345251g11605t1                          0.39%    failed      0.00%
 280  Panthera_tigris_MTNR_unknown_GCA_0240345251g3834t1                           0.29%    passed     58.28%
 281  Puma_concolor_MTNR_unknown_112869922                                         0.00%    passed     39.20%
 282  Puma_concolor_MTNR1B_112865776                                               0.49%    failed      0.00%
 283  Zalophus_californianus_MTNR1B_113913700                                      2.23%    failed      0.00%
 284  Zalophus_californianus_MTNR_unknown_113924888                                0.00%    passed     49.93%
 285  Odobenus_rosmarus_divergens_MTNR_unknown_GCA_0003212251g14374t1              2.33%    failed      0.00%
 286  Odobenus_rosmarus_divergens_MTNR_unknown_GCA_0003212251g12208t1              0.00%    passed     51.79%
 287  Halichoerus_grypus_MTNR_unknown_GCA_0123934551g6410t1                        0.00%    passed     81.15%
 288  Leptonychotes_weddellii_MTNR_unknown_102728343                               0.00%    passed     74.68%
 289  Mirounga_leonina_MTNR1A_118009809                                            0.00%    passed     72.87%
 290  Mirounga_angustirostris_MTNR_unknown_GCA_0292156351g14845t1                  2.33%    failed      0.00%
 291  Mirounga_angustirostris_MTNR_unknown_GCA_0292156351g1894t1                   0.00%    passed     74.68%
 292  Phoca_vitulina_MTNR_unknown_GCA_0043482351g6462t1                            0.00%    passed     77.57%
 293  Inia_geoffrensis_MTNR_unknown_GCA_0364174351g8894t1                         26.99%    failed      0.00%
 294  Phocoena_phocoena_MTNR_unknown_GCA_9639246751g8670t1                         9.13%    failed      0.00%
 295  Delphinapterus_leucas_MTNR_unknown_GCF_0022889252g16776t1                    5.34%    failed      0.00%
 296  Megaptera_novaeangliae_MTNR_unknown_GCA_0418343051g8637t1                    4.85%    failed      0.00%
 297  Elephas_maximus_MTNR_unknown_GCA_0330601051g20460t1                          1.07%    passed     28.60%
 298  Elephas_maximus_MTNR_unknown_GCA_0330601051g8896t1                           0.49%    failed      0.00%
 299  Loxodonta_africana_MTNR_unknown_100670734                                    0.49%    failed      0.00%
 300  Equus_asinus_MTNR_unknown_106840379                                          0.00%    passed     96.90%
 301  Equus_asinus_MTNR_unknown_106827482                                          0.39%    failed      0.00%
 302  Equus_caballus_MTNR_unknown_100056423                                        0.00%    passed     96.58%
 303  Equus_caballus_MTNR_unknown_100059172                                        0.39%    failed      0.00%
 304  Equus_przewalskii_MTNR1A_103549958                                           0.00%    passed     96.58%
 305  Equus_przewalskii_MTNR1B_103548037                                           0.39%    failed      0.00%
 306  Tapirus_indicus_MTNR_unknown_GCA_0318786551g19325t1                          0.00%    passed     96.57%
 307  Tapirus_indicus_MTNR_unknown_GCA_0318786551g9228t1                           0.39%    failed      0.00%
 308  Rhinoceros_unicornis_MTNR_unknown_GCA_0286464651g17088t1                     0.00%    passed     62.14%
 309  Rhinoceros_unicornis_MTNR_unknown_GCA_0286464651g2060t1                      0.39%    failed      0.00%
 310  Procavia_capensis_MTNR_unknown_GCA_0001522252g17469t1                       11.94%    failed      0.04%
 311  Procavia_capensis_MTNR_unknown_GCA_0001522252g9450t1                        15.53%    failed      0.00%
 312  Sus_scrofa_MTNR1A_100627802                                                  1.84%    passed     56.53%
 313  Sus_scrofa_MTNR1B_100511397                                                 13.88%    failed      0.00%
 314  Hippopotamus_amphibius_MTNR1B_MTNR1B                                         0.39%    failed      0.00%
 315  Camelus_bactrianus_MTNR1B_105083508                                          0.39%    failed      0.00%
 316  Camelus_dromedarius_MTNR1A_105102400                                         0.68%    passed     11.81%
 317  Camelus_dromedarius_MTNR1B_105094616                                         0.39%    failed      0.00%
 318  Alces_alces_MTNR_unknown_GCA_9642703551g10133t1                              0.39%    failed      0.00%
 319  Alces_alces_MTNR_unknown_GCA_9642703551g938t1                                0.00%    failed      0.42%
 320  Cervus_elaphus_MTNR1B_122705797                                              0.39%    failed      0.00%
 321  Odocoileus_virginianus_texanus_MTNR1B_110127734                              0.39%    failed      0.00%
 322  Odocoileus_virginianus_texanus_MTNR_unknown_110135093                        3.40%    passed     26.16%
 323  Hydropotes_inermis_MTNR_unknown_GCA_0202260751g18435t1                       0.00%    passed      7.44%
 324  Hydropotes_inermis_MTNR_unknown_GCA_0202260751g17035t1                       0.39%    failed      0.00%
 325  Muntiacus_reevesi_MTNR_unknown_GCF_9639306251g15973t1                        0.00%    failed      0.50%
 326  Muntiacus_reevesi_MTNR_unknown_GCF_9639306251g10294t1                        0.39%    failed      0.00%
 327  Muntiacus_muntjak_MTNR_related_FD754_009862                                  0.39%    failed      0.00%
 328  Ammotragus_lervia_MTNR_unknown_GCA_0022017751g10000t1                        0.39%    failed      0.00%
 329  Ammotragus_lervia_MTNR_unknown_GCA_0022017751g9123t1                         0.00%    passed     15.67%
 330  Bison_bonasus_MTNR_unknown_GCA_9638795151g13831t1                            0.39%    failed      0.00%
 331  Bison_bonasus_MTNR_unknown_GCA_9638795151g13372t1                            0.00%    passed      8.56%
 332  Bos_gaurus_MTNR1B_MTNR1B                                                     0.39%    failed      0.00%
 333  Bos_taurus_MTNR1B_MTNR1B                                                     0.39%    failed      0.00%
 334  Bos_taurus_MTNR1A_Mel1AR                                                     0.00%    passed      7.45%
 335  Capra_hircus_MTNR1B_102176302                                                0.39%    failed      0.00%
 336  Capra_hircus_MTNR_unknown_102189094                                          0.00%    passed     15.67%
 337  Damaliscus_lunatus_MTNR_unknown_GCA_0064085051g513t1                         0.00%    passed      5.97%
 338  Ovis_aries_MTNR1A_Mel1AR                                                     0.00%    failed      2.89%
 339  Ovis_aries_MTNR_related_100174786                                            0.39%    failed      0.00%
 340  Tragelaphus_strepsiceros_MTNR1B_MTNR1B                                       0.39%    failed      0.00%
 341  Syncerus_caffer_MTNR_unknown_GCA_9028251051g9002t1                           0.00%    passed      9.78%
 342  Syncerus_caffer_MTNR_unknown_GCA_9028251051g3987t1                           0.39%    failed      0.00%
 343  Ochotona_princeps_MTNR1A_101527616                                           0.00%    passed     28.82%
 344  Ochotona_princeps_MTNR1B_101525904                                           0.68%    failed      0.00%
 345  Lepus_europaeus_MTNR_unknown_GCA_0299589751g3150t1                           0.39%    failed      0.00%
 346  Lepus_europaeus_MTNR_unknown_GCA_0299589751g16041t1                          0.00%    passed     29.94%
 347  Oryctolagus_cuniculus_MTNR1A_100344713                                       0.00%    passed     36.84%
 348  Oryctolagus_cuniculus_MTNR1B_100353746                                       0.39%    failed      0.00%
 349  Sylvilagus_floridanus_MTNR_unknown_GCA_9498201351g18550t1                    0.00%    passed     33.38%
 350  Sylvilagus_floridanus_MTNR_unknown_GCA_9498201351g1331t1                     0.39%    failed      0.00%
 351  Marmota_marmota_marmota_MTNR1B_107145941                                     0.39%    failed      0.00%
 352  Marmota_marmota_marmota_MTNR_unknown_107142623                               0.00%    passed     33.00%
 353  Marmota_monax_MTNR_unknown_124075541                                         0.00%    passed     33.99%
 354  Marmota_monax_MTNR1B_124105260                                               0.39%    failed      0.00%
 355  Spermophilus_citellus_MTNR_unknown_GCA_9641941051g21229t1                    0.00%    passed     59.25%
 356  Spermophilus_citellus_MTNR_unknown_GCA_9641941051g3756t1                     0.39%    failed      0.00%
 357  Urocitellus_parryii_MTNR_unknown_GCA_0034269251g7882t1                       0.39%    failed      0.00%
 358  Urocitellus_parryii_MTNR_unknown_GCA_0034269251g4807t1                       0.00%    passed     78.55%
 359  Thomomys_bottae_MTNR_unknown_GCA_0318786751g14428t1                          0.00%    passed     23.82%
 360  Thomomys_bottae_MTNR_unknown_GCA_0318786751g9482t1                           3.59%    failed      0.00%
 361  Dipodomys_ordii_MTNR1B_105995145                                             0.19%    failed      0.00%
 362  Dipodomys_ordii_MTNR_unknown_105992477                                       0.00%    passed     81.70%
 363  Cricetulus_griseus_MTNR_unknown_100766429                                    0.00%    passed     74.91%
 364  Mesocricetus_auratus_MTNR1A_101827657                                        0.00%    passed     93.99%
 365  Peromyscus_leucopus_MTNR1A_114701146                                         0.00%    passed     40.43%
 366  Peromyscus_leucopus_MTNR1B_114696348                                         0.49%    failed      0.00%
 367  Meriones_unguiculatus_MTNR1A_110562785                                       0.00%    passed     26.41%
 368  Meriones_unguiculatus_MTNR1B_110547530                                       0.39%    failed      0.00%
 369  Acomys_cahirinus_MTNR1B_MTNR1B                                               3.98%    failed      0.01%
 370  Acomys_cahirinus_MTNR1A_MTNR1A                                               0.00%    passed     91.00%
 371  Mus_caroli_MTNR1B_110302494                                                  0.39%    failed      0.01%
 372  Mus_caroli_MTNR_unknown_110300686                                            0.29%    passed     48.38%
 373  Mus_musculus_MTNR1B_244701                                                   0.39%    failed      0.01%
 374  Mus_musculus_MTNR1A_Mel1AR                                                   0.00%    passed     38.77%
 375  Mus_musculus_MTNR1B_MTNR1B                                                   0.39%    failed      0.01%
 376  Mus_musculus_MTNR1A_Mel1AR_2                                                 0.00%    passed     38.77%
 377  Mus_musculus_castaneus_MTNR1B_MTNR1B                                         0.39%    failed      0.03%
 378  Mus_musculus_castaneus_MTNR1A_MTNR1A                                         0.00%    passed     34.45%
 379  Mus_musculus_domesticus_MTNR1B_MTNR1B                                        0.39%    failed      0.01%
 380  Mus_musculus_domesticus_MTNR1A_MTNR1A                                        0.00%    passed     30.93%
 381  Mus_pahari_MTNR1A_110337041                                                  0.00%    passed     47.73%
 382  Mus_pahari_MTNR1B_110328523                                                  0.39%    failed      0.00%
 383  Mus_spretus_MTNR1A_MTNR1A                                                    0.00%    passed     30.34%
 384  Mus_minutoides_MTNR1B_MTNR1B                                                 0.39%    failed      0.00%
 385  Rattus_norvegicus_MTNR_unknown_114211                                        0.00%    passed     71.49%
 386  Rattus_norvegicus_MTNR1B_Mel1BR                                              0.39%    failed      0.03%
 387  Rattus_norvegicus_MTNR1A_MTNR1A                                              0.00%    passed     56.17%
 388  Rattus_norvegicus_MTNR1B_Mel1BR_2                                            0.39%    failed      0.03%
 389  Rattus_rattus_MTNR1A_116914896                                               0.00%    passed     80.69%
 390  Rattus_rattus_MTNR1B_116908057                                               0.39%    failed      0.01%
 391  Apodemus_sylvaticus_MTNR1A_127668856                                         0.58%    passed     48.67%
 392  Apodemus_sylvaticus_MTNR1B_127690181                                         0.39%    failed      0.01%
 393  Cavia_porcellus_MTNR_unknown_100720785                                       0.00%    passed     15.28%
 394  Cavia_porcellus_MTNR1B_100724092                                             0.68%    failed      0.06%
 395  Hydrochoerus_hydrochaeris_MTNR1B_MTNR1B                                      0.78%    failed      0.00%
 396  Hydrochoerus_hydrochaeris_MTNR1A_MTNR1A                                      0.00%    passed     10.32%
 397  Octodon_degus_MTNR_unknown_101565732                                         0.97%    failed      0.00%
 398  Octodon_degus_MTNR_unknown_101574559                                         0.00%    passed     14.54%
 399  Ctenodactylus_gundi_MTNR_unknown_GCA_0040272051g4169t1                       0.39%    failed      0.00%
 400  Thryonomys_swinderianus_MTNR_unknown_GCA_0411543051g16931t1                  0.39%    failed      0.00%
 401  Thryonomys_swinderianus_MTNR_unknown_GCA_0411543051g11840t1                  0.49%    passed     14.92%
 402  Amazona_aestiva_MTNR1A_AAES_125952                                           0.29%    failed      4.26%
 403  Amazona_aestiva_MTNR1B_AAES_107064                                           1.07%    failed      1.41%
 404  Amazona_aestiva_MTNR1C_AAES_23638                                            4.37%    passed     87.27%
 405  Melopsittacus_undulatus_MTNR1A_101871740                                     0.29%    failed      2.15%
 406  Melopsittacus_undulatus_MTNR_related_101877062                               4.17%    passed     98.00%
 407  Melopsittacus_undulatus_MTNR1B_101877508                                     0.78%    failed      4.85%
 408  Micromys_minutus_MTNR_unknown_GCA_9639246651g13384t1                         0.39%    failed      0.00%
 409  Micromys_minutus_MTNR_unknown_GCA_9639246651g12785t1                         0.00%    passed     41.86%
 410  Regulus_satrapa_MTNR1A_REGSAT_R08413                                        14.95%    failed      0.08%
 411  Regulus_satrapa_MTNR1C_REGSAT_R08742                                        12.72%    passed     76.04%
 412  Regulus_satrapa_MTNR1B_REGSAT_R12255                                         1.07%    passed      8.96%
 413  Monodelphis_domestica_MTNR_unknown_100013898                                 0.29%    failed      0.14%
 414  Monodelphis_domestica_MTNR1B_100015466                                       1.17%    passed     78.78%
 415  Pelodiscus_sinensis_MTNR1A_102445396                                         9.71%    failed      0.00%
 416  Pelodiscus_sinensis_MTNR_related_102448621                                  13.88%    passed     89.15%
 417  Pelodiscus_sinensis_MTNR1A_102445172                                        11.36%    failed      0.31%
 418  Pelodiscus_sinensis_MTNR1B_102444642                                        11.65%    failed      0.00%
 419  Uria_aalge_MTNR1C_URIAAL_R00332                                             13.30%    passed     65.11%
 420  Uria_aalge_MTNR1B_URIAAL_R14161                                              1.07%    passed     12.65%
 421  Uria_aalge_MTNR1A_URIAAL_R09604                                              0.58%    passed     25.20%
 422  Eubalaena_glacialis_MTNR_unknown_GCF_0285648151g10543t1                      6.60%    failed      0.00%
 423  Molossus_molossus_MTNR_unknown_118622944                                     0.19%    failed      0.00%
 424  Molossus_molossus_MTNR1B_118627852                                           0.39%    failed      0.00%
 425  Geomys_bursarius_MTNR_unknown_GCA_0402076551g18786t1                         2.14%    failed      0.00%
 426  Geomys_bursarius_MTNR_unknown_GCA_0402076551g2880t1                          0.00%    passed     17.35%
 427  Dermochelys_coriacea_MTNR1A_119860032                                        9.71%    failed      0.88%
 428  Dermochelys_coriacea_MTNR1B_119862322                                        1.36%    passed     29.34%
 429  Anolis_carolinensis_MTNR_related_100564468                                   2.72%    failed      0.00%
 430  Anolis_carolinensis_MTNR1A_100557231                                        14.76%    failed      0.62%
 431  Anolis_carolinensis_MTNR1B_100560838                                         1.55%    passed     32.68%
 432  Anolis_carolinensis_MTNR_related_100553233                                  10.19%    passed     37.34%
 433  Alca_torda_MTNR1C_ALCTOR_R09240                                             15.05%    passed     73.41%
 434  Cepphus_grylle_MTNR1C_CEPGRY_R00871                                         12.62%    passed     48.75%
 435  Cepphus_grylle_MTNR1B_CEPGRY_R04289                                          1.07%    passed     10.98%
 436  Cepphus_grylle_MTNR1A_CEPGRY_R11197                                          0.58%    passed     32.08%
 437  Lanius_ludovicianus_MTNR1C_LANLUD_R00462                                    12.72%    passed     89.50%
 438  Lanius_ludovicianus_MTNR1B_LANLUD_R09599                                     6.31%    failed      1.22%
 439  Lanius_ludovicianus_MTNR1A_LANLUD_R06997                                    16.99%    failed      0.03%
 440  Ptilonorhynchus_violaceus_MTNR1B_PTIVIO_R00673                               7.67%    failed      0.16%
 441  Ptilonorhynchus_violaceus_MTNR1A_PTIVIO_R13485                              16.99%    failed      0.01%
 442  Ptilonorhynchus_violaceus_MTNR1C_PTIVIO_R08219                              12.72%    passed     94.51%
 443  Elephantulus_edwardii_MTNR1A_102870612                                       0.00%    passed     31.24%
 444  Panthera_uncia_MTNR1B_125938333                                              0.39%    failed      0.00%
 445  Panthera_uncia_MTNR1A_125923453                                              0.29%    passed     49.12%
 446  Potos_flavus_MTNR_unknown_GCA_0157088551g12344t1                             0.00%    passed     62.82%
 447  Ursus_maritimus_MTNR_unknown_103680966                                       0.00%    passed     40.48%
 448  Eptesicus_fuscus_MTNR_unknown_GCF_0275746151g11143t1                         0.39%    failed      0.00%
 449  Eptesicus_fuscus_MTNR_unknown_GCF_0275746151g7521t1                          0.39%    failed      0.00%
 450  Neomonachus_schauinslandi_MTNR_unknown_GCA_0022015752g14329t1               24.17%    failed      0.00%
 451  Neomonachus_schauinslandi_MTNR_unknown_GCA_0022015752g2621t1                 0.87%    passed     70.92%
 452  Dugong_dugon_MTNR_unknown_GCA_0300209551g10345t1                             5.92%    failed      0.00%
 453  Dugong_dugon_MTNR_unknown_GCA_0300209551g18322t1                             2.91%    passed     57.60%
 454  Vombatus_ursinus_MTNR1A_114024586                                            0.29%    failed      0.91%
 455  Bufo_gargarizans_MTNR_related_122919459                                      2.82%    failed      0.24%
 456  Bufo_gargarizans_MTNR1B_122932696                                            2.33%    passed     15.82%
 457  Bufo_gargarizans_MTNR1A_122926495                                           12.82%    failed      1.21%
 458  Bufo_gargarizans_MTNR1A_122942244                                            0.97%    failed      0.00%
 459  Chauna_torquata_MTNR1B_CHATOR_R06605                                         1.07%    failed      3.76%
 460  Chauna_torquata_MTNR1C_CHATOR_R00676                                        13.11%    passed     88.75%
 461  Lagopus_leucura_MTNR_related_122183053                                       7.09%    passed     74.81%
 462  Lagopus_leucura_MTNR1A_122179994                                             0.29%    failed      3.30%
 463  Lagopus_leucura_MTNR1B_122175133                                             0.78%    failed      3.03%
 464  Opisthocomus_hoazin_MTNR1A_104334551                                        11.17%    failed      0.29%
 465  Haemorhous_mexicanus_GPR50_GPR50                                             8.64%    passed     67.13%
 466  Haemorhous_mexicanus_MTNR1A_MTNR1A                                           0.29%    passed     47.50%
 467  Haemorhous_mexicanus_MTNR1B_MTNR1B                                           0.78%    passed     19.49%
 468  Fulmarus_glacialis_MTNR1C_104072368                                          6.41%    passed     43.57%
 469  Fulmarus_glacialis_MTNR1A_104082230                                         15.63%    failed      0.02%
 470  Fulmarus_glacialis_MTNR1B_104071827                                         12.33%    failed      0.00%
 471  Pygoscelis_papua_MTNR1B_KCX85_0012992                                        1.07%    passed     14.63%
 472  Pygoscelis_papua_MTNR1C_KCX85_0007764                                       12.62%    passed     77.20%
 473  Pygoscelis_papua_MTNR1A_KCX85_0005142                                        0.58%    passed     15.14%
 474  Bubo_bubo_MTNR1A_MTNR1A                                                      6.99%    failed      0.01%
 475  Bubo_bubo_MTNR1A_MTNR1A_2                                                    9.03%    passed     55.53%
 476  Bubo_bubo_MTNR1A_MTNR1A_3                                                    9.13%    failed      0.17%
 477  Nothoprocta_perdicaria_MTNR1B_112958995                                      0.97%    passed     14.70%
 478  Nothoprocta_perdicaria_MTNR1A_112942661                                      0.68%    failed      0.62%
 479  Bos_indicus_x_Bos_taurus_MTNR1B_113886091                                    0.39%    failed      0.00%
 480  Dama_dama_MTNR_unknown_GCA_0331181751g20818t1                                0.00%    failed      2.04%
 481  Dama_dama_MTNR_unknown_GCA_0331181751g1846t1                                 0.39%    failed      0.00%
 482  Saguinus_midas_MTNR_unknown_GCA_0214984751g3578t1                            0.19%    failed      0.00%
 483  Leontopithecus_rosalia_MTNR_unknown_GCA_0285331651g3339t1                    0.19%    failed      0.00%
 484  Alouatta_palliata_MTNR1A_MTNR1A                                              0.19%    failed      0.01%
 485  Microcebus_murinus_MTNR_unknown_105882472                                    0.00%    passed      7.98%
 486  Microcebus_murinus_MTNR1B_105857333                                          0.39%    failed      0.00%
 487  Otolemur_garnettii_MTNR1A_100955874                                          0.00%    passed      7.66%
 488  Otolemur_garnettii_MTNR1B_100957049                                          0.39%    failed      0.00%
 489  Sciurus_carolinensis_MTNR1B_124958102                                        0.39%    failed      0.00%
 490  Sciurus_carolinensis_MTNR1A_124983082                                        0.00%    passed     22.88%
 491  Trachemys_scripta_elegans_MTNR_related_117882885                             3.59%    passed     93.05%
 492  Trachemys_scripta_elegans_MTNR1A_117881704                                   9.71%    failed      0.04%
 493  Trachemys_scripta_elegans_MTNR1A_117878350                                   4.56%    failed      0.01%
 494  Trachemys_scripta_elegans_MTNR1B_117871834                                   0.78%    passed     10.05%
 495  Daubentonia_madagascariensis_MTNR1A_MTNR1A                                   0.00%    passed     27.67%
 496  Daubentonia_madagascariensis_MTNR1B_MTNR1B                                   0.39%    failed      0.00%
 497  Acinonyx_jubatus_MTNR_unknown_GCF_0274755651g12838t1                         0.39%    failed      0.00%
 498  Acinonyx_jubatus_MTNR_unknown_GCF_0274755651g3041t1                          0.00%    passed     51.52%
 499  Colobus_guereza_MTNR_unknown_GCA_0214984551g13737t1                          0.97%    failed      0.00%
 500  Colobus_guereza_MTNR_unknown_GCA_0214984551g783t1                            0.19%    failed      2.29%
 501  Dromiciops_gliroides_MTNR1A_122732703                                        0.29%    failed      2.01%
 502  Dromiciops_gliroides_MTNR1B_122747863                                        2.23%    passed     83.80%
 503  Scopus_umbretta_MTNR1A_SCOUMB_R12038                                        14.66%    failed      0.01%
 504  Scopus_umbretta_MTNR1B_SCOUMB_R07336                                        13.69%    failed      0.00%
 505  Scopus_umbretta_MTNR1C_SCOUMB_R07445                                        12.82%    passed     58.82%
 506  Balaeniceps_rex_MTNR1C_BALREX_R04836                                        12.62%    passed     69.59%
 507  Crotophaga_sulcirostris_MTNR1A_CROSUL_R00109                                 0.58%    passed     10.85%
 508  Crotophaga_sulcirostris_MTNR1B_CROSUL_R12004                                 1.07%    passed     13.57%
 509  Crotophaga_sulcirostris_MTNR1C_CROSUL_R00386                                12.82%    passed     58.08%
 510  Piaya_cayana_MTNR1A_PIACAY_R08468                                           14.66%    failed      0.00%
 511  Piaya_cayana_MTNR1C_PIACAY_R01560                                           12.62%    passed     30.38%
 512  Piaya_cayana_MTNR1B_PIACAY_R02150                                            1.17%    passed     11.31%
 513  Gymnogyps_californianus_MTNR1A_127022172                                    10.78%    passed      8.37%
 514  Gymnogyps_californianus_MTNR_related_127019605                              10.49%    passed     98.25%
 515  Gymnogyps_californianus_MTNR1A_127015835                                     0.29%    passed     11.66%
 516  Gymnogyps_californianus_MTNR1B_127024216                                     0.78%    failed      4.81%
 517  Chinchilla_lanigera_MTNR1B_102006023                                         2.14%    failed      0.00%
 518  Chinchilla_lanigera_MTNR1A_102008174                                         4.56%    failed      4.36%
 519  Erethizon_dorsatum_MTNR_unknown_GCA_0284514651g18107t1                       0.00%    passed     18.58%
 520  Erethizon_dorsatum_MTNR_unknown_GCA_0284514651g6468t1                        8.45%    failed      0.01%
 521  Capricornis_sumatraensis_MTNR_unknown_GCA_0324051252g9329t1                  0.39%    failed      0.00%
 522  Capricornis_sumatraensis_MTNR_unknown_GCA_0324051252g5479t1                  0.00%    passed      9.56%
 523  Rupicapra_rupicapra_MTNR_unknown_GCA_9639813051g19934t1                      0.00%    passed     16.37%
 524  Rupicapra_rupicapra_MTNR_unknown_GCA_9639813051g19198t1                      0.39%    failed      0.00%
 525  Oreamnos_americanus_MTNR_unknown_GCA_0097580551g19799t1                      0.39%    failed      0.00%
 526  Oreamnos_americanus_MTNR_unknown_GCA_0097580551g6887t1                       0.00%    passed     18.28%
 527  Nyctereutes_procyonoides_MTNR_unknown_GCA_9051469051g2608t1                  0.00%    passed     70.94%
 528  Callorhinus_ursinus_MTNR1B_112840514                                         2.33%    failed      0.00%
 529  Callorhinus_ursinus_MTNR_unknown_112834481                                   0.00%    passed     58.12%
 530  Eumetopias_jubatus_MTNR_unknown_GCA_0040280351g11871t1                       2.33%    failed      0.00%
 531  Eumetopias_jubatus_MTNR_unknown_GCA_0040280351g2930t1                        0.00%    passed     49.93%
 532  Vireo_altiloquus_MTNR1C_VIRALT_R06153                                       12.72%    passed     89.42%
 533  Vireo_altiloquus_MTNR1B_VIRALT_R12332                                        1.07%    passed     21.53%
 534  Thamnophis_elegans_MTNR1A_116513531                                          0.97%    failed      0.02%
 535  Thamnophis_elegans_MTNR1B_116510552                                          3.20%    passed     95.83%
 536  Thamnophis_sirtalis_MTNR1B_106545428                                         3.20%    passed     76.34%
 537  Pezoporus_wallicus_MTNR_related_130607787                                   15.44%    passed     19.45%
 538  Pezoporus_wallicus_MTNR1B_130606340                                          0.78%    passed     13.37%
 539  Pezoporus_wallicus_MTNR1A_130605137                                          0.29%    failed      2.34%
 540  Mastomys_coucha_MTNR_unknown_GCA_0086328951g19010t1                          0.39%    failed      0.01%
 541  Mastomys_coucha_MTNR_unknown_GCA_0086328951g18244t1                          0.00%    passed     34.03%
 542  Naja_naja_MTNR1B_MTNR1B                                                      4.66%    passed     65.01%
 543  Naja_naja_MTNR1A_MTNR1A                                                      0.97%    failed      0.07%
 544  Cercopithecus_mona_MTNR_unknown_GCA_0148494451g12963t1                       0.97%    failed      0.00%
 545  Cercopithecus_mona_MTNR_unknown_GCA_0148494451g6623t1                        0.19%    failed      0.99%
 546  Leiothrix_lutea_MTNR1C_LEILUT_R01277                                        13.69%    failed      2.63%
 547  Leiothrix_lutea_MTNR1B_LEILUT_R06777                                         1.07%    passed     15.14%
 548  Leiothrix_lutea_MTNR1A_LEILUT_R07733                                         0.58%    passed     37.48%
 549  Pelecanus_crispus_MTNR1C_104031807                                          15.44%    passed     61.99%
 550  Pelecanus_crispus_MTNR1A_104029201                                          15.63%    failed      0.08%
 551  Pelecanus_crispus_MTNR1B_104027724                                           6.41%    failed      0.01%
 552  Martes_zibellina_MTNR1A_MTNR1A                                               0.58%    passed     83.97%
 553  Martes_zibellina_MTNR1B_MTNR1B                                               2.62%    failed      0.00%
 554  Mustela_erminea_MTNR1A_116581949                                             0.00%    passed     74.25%
 555  Sorex_cinereus_MTNR1A_130023807                                              0.97%    passed     97.00%
 556  Prionailurus_bengalensis_MTNR_unknown_GCF_0165094751g4270t1                  0.39%    failed      0.00%
 557  Prionailurus_bengalensis_MTNR_unknown_GCF_0165094751g1319t1                  0.00%    passed     33.81%
 558  Suricata_suricatta_MTNR_unknown_115284242                                    0.29%    passed     88.40%
 559  Gavia_stellata_MTNR1B_104252172                                             16.41%    failed      0.00%
 560  Gavia_stellata_MTNR1A_104250357                                             15.63%    failed      0.00%
 561  Fregata_magnificens_MTNR1C_FREMAG_R13177                                    12.62%    passed     59.91%
 562  Fregata_magnificens_MTNR1B_FREMAG_R09275                                     1.07%    passed     12.22%
 563  Fregata_magnificens_MTNR1A_FREMAG_R04018                                    16.70%    failed      0.00%
 564  Pelecanoides_urinatrix_MTNR1B_PELURI_R09688                                  1.07%    passed      7.27%
 565  Pelecanoides_urinatrix_MTNR1A_PELURI_R10272                                 14.66%    failed      0.01%
 566  Pelecanoides_urinatrix_MTNR1C_PELURI_R07983                                 12.62%    passed     60.11%
 567  Eudyptes_pachyrhynchus_GPR50_GPR50                                           4.17%    passed     80.28%
 568  Eudyptes_pachyrhynchus_MTNR1B_MTNR1B                                         0.78%    passed      7.56%
 569  Eudyptes_pachyrhynchus_MTNR1A_MTNR1A                                         0.29%    passed     10.37%
 570  Spheniscus_magellanicus_MTNR_unknown_FQV22_0003703                           1.07%    passed      7.03%
 571  Spheniscus_magellanicus_MTNR1C_FQV22_0004697                                12.62%    passed     73.67%
 572  Spheniscus_magellanicus_MTNR1A_FQV22_0008835                                 0.58%    passed     14.98%
 573  Eudyptula_minor_MTNR1A_FQV19_0013298                                         0.58%    passed     12.75%
 574  Eudyptula_minor_MTNR1C_FQV19_0011282                                        13.11%    passed     83.35%
 575  Eudyptula_minor_MTNR_related_FQV19_0008511                                   1.07%    passed     10.71%
 576  Ovibos_moschatus_MTNR_unknown_GCA_0411560551g6519t1                          0.39%    failed      0.00%
 577  Ovibos_moschatus_MTNR_unknown_GCA_0411560551g4880t1                          0.00%    passed     18.52%
 578  Budorcas_taxicolor_MTNR_unknown_GCA_0230917452g19489t1                       0.39%    failed      0.00%
 579  Budorcas_taxicolor_MTNR_unknown_GCA_0230917452g19336t1                       0.00%    passed      7.45%
 580  Arctocephalus_gazella_MTNR_unknown_GCA_0408691751g10752t1                    2.33%    failed      0.00%
 581  Arctocephalus_gazella_MTNR_unknown_GCA_0408691751g8144t1                     0.00%    passed     46.10%
 582  Aotus_nancymaae_MTNR_unknown_105717594                                       0.19%    failed      0.00%
 583  Erithacus_rubecula_MTNR1B_ERIRUB_R06532                                      1.07%    passed     14.78%
 584  Erithacus_rubecula_MTNR1C_ERIRUB_R10157                                     14.17%    passed     45.44%
 585  Orthonyx_spaldingii_MTNR1B_ORTSPA_R14319                                     1.07%    passed     12.13%
 586  Orthonyx_spaldingii_MTNR1C_ORTSPA_R11051                                    13.01%    passed     57.92%
 587  Orthonyx_spaldingii_MTNR1A_ORTSPA_R04658                                     0.58%    passed     10.61%
 588  Phascolarctos_cinereus_MTNR_unknown_110195674                                0.29%    failed      2.46%
 589  Phascolarctos_cinereus_MTNR_unknown_110218056                                1.17%    passed     71.51%
 590  Alligator_sinensis_MTNR_related_102374984                                    4.66%    passed     19.95%
 591  Alligator_sinensis_MTNR1B_102367853                                          6.02%    failed      0.95%
 592  Alligator_sinensis_MTNR1A_102368830                                          8.64%    failed      0.00%
 593  Onychomys_torridus_MTNR1A_118597660                                          0.00%    passed     62.53%
 594  Onychomys_torridus_MTNR1B_118586699                                          0.39%    failed      0.00%
 595  Antechinus_flavipes_MTNR1A_127541439                                         0.29%    failed      0.15%
 596  Muscardinus_avellanarius_MTNR_unknown_GCA_9633836451g15676t1                 0.29%    passed     83.93%
 597  Muscardinus_avellanarius_MTNR_unknown_GCA_9633836451g992t1                   0.78%    failed      0.00%
 598  Saimiri_boliviensis_boliviensis_MTNR_unknown_GCF_0166993452g2707t1           0.19%    failed      0.00%
 599  Mus_musculus_musculus_MTNR1B_MTNR1B                                          0.39%    failed      0.03%
 600  Mus_musculus_musculus_MTNR1A_MTNR1A                                          0.00%    passed     40.62%
 601  Aphelocoma_coerulescens_MTNR1B_APHCOE_R07191                                 1.07%    passed     26.23%
 602  Aphelocoma_coerulescens_MTNR1C_APHCOE_R10643                                12.72%    passed     94.78%
 603  Aphelocoma_coerulescens_MTNR1A_APHCOE_R01164                                 0.58%    passed      5.95%
 604  Acrocephalus_arundinaceus_MTNR1C_ACRARU_R01347                              12.72%    passed     90.38%
 605  Acrocephalus_arundinaceus_MTNR1A_ACRARU_R14350                              14.95%    failed      0.04%
 606  Acrocephalus_arundinaceus_MTNR1B_ACRARU_R05284                               1.07%    passed     10.01%
 607  Agelaius_phoeniceus_MTNR_related_129125877                                   8.45%    passed     79.32%
 608  Agelaius_phoeniceus_MTNR1A_129120629                                         0.29%    passed     44.71%
 609  Agelaius_phoeniceus_MTNR1B_129117198                                         0.78%    passed      9.26%
 610  Melozone_crissalis_MTNR_related_128945763                                    8.64%    passed     63.76%
 611  Melozone_crissalis_MTNR1B_128933142                                          0.78%    passed     17.00%
 612  Melozone_crissalis_MTNR1A_128950622                                          0.29%    passed     40.86%
 613  Spizella_passerina_MTNR1B_SPIPAS_R07488                                     13.69%    failed      0.01%
 614  Spizella_passerina_MTNR1C_SPIPAS_R03292                                     12.72%    passed     92.29%
 615  Spizella_passerina_MTNR1A_SPIPAS_R08349                                     42.33%    passed     12.69%
 616  Phacochoerus_africanus_MTNR_unknown_GCF_0169069551g15050t1                   0.39%    failed      0.00%
 617  Phacochoerus_africanus_MTNR_unknown_GCF_0169069551g3980t1                    8.06%    passed     43.37%
 618  Phocoena_sinus_MTNR1B_MTNR1B                                                13.30%    failed      0.00%
 619  Peromyscus_eremicus_MTNR1A_131894709                                        14.37%    passed     48.27%
 620  Peromyscus_eremicus_MTNR1B_131914069                                         0.39%    failed      0.00%
 621  Sigmodon_hispidus_MTNR1A_MTNR1A                                              0.00%    passed      8.34%
 622  Hirundo_rustica_MTNR_related_120762026                                       8.45%    passed     62.08%
 623  Hirundo_rustica_MTNR1A_120752937                                             0.29%    passed     10.26%
 624  Hirundo_rustica_MTNR1B_120748807                                             0.78%    passed     10.00%
 625  Ictidomys_tridecemlineatus_MTNR_unknown_101966760                            0.39%    failed      0.00%
 626  Ictidomys_tridecemlineatus_MTNR_unknown_101966910                            0.00%    passed     85.14%
 627  Glareola_pratincola_MTNR1C_GLAPRA_R01004                                    12.62%    passed     35.78%
 628  Glareola_pratincola_MTNR1B_GLAPRA_R06677                                     1.07%    passed     23.98%
 629  Glareola_pratincola_MTNR1A_GLAPRA_R03366                                     0.58%    passed     16.25%
 630  Elaphurus_davidianus_MTNR_unknown_GCA_0024430751g12587t1                     0.39%    failed      0.00%
 631  Bison_bison_bison_MTNR1B_104999620                                           0.39%    failed      0.00%
 632  Bison_bison_bison_MTNR_unknown_104985582                                     0.39%    passed      8.50%
 633  Cathartes_aura_MTNR1A_N323_00370                                            26.60%    passed     22.09%
 634  Cathartes_aura_MTNR1C_N323_11549                                            12.91%    passed     65.93%
 635  Cathartes_aura_MTNR_unknown_N323_10760                                      16.60%    failed      0.01%
 636  Cathartes_aura_MTNR1A_N323_10550                                            15.83%    failed      0.17%
 637  Pithecia_pithecia_MTNR_unknown_GCA_0237796751g5064t1                         0.29%    failed      0.00%
 638  Chloebia_gouldiae_MTNR_related_DV515_00007056                                8.74%    passed     81.15%
 639  Zonotrichia_albicollis_MTNR1B_102065760                                     12.23%    failed      0.02%
 640  Zonotrichia_albicollis_MTNR_related_102063887                                8.64%    passed     54.14%
 641  Melospiza_georgiana_MTNR_related_131088458                                   8.64%    passed     65.12%
 642  Melospiza_georgiana_MTNR1A_131083638                                         0.29%    passed     73.57%
 643  Melospiza_georgiana_MTNR1B_131080635                                         0.78%    passed     12.22%
 644  Motacilla_alba_MTNR1A_MOTALB_R06821                                          0.58%    passed     37.74%
 645  Motacilla_alba_MTNR1C_MOTALB_R02060                                         12.72%    passed     84.22%
 646  Motacilla_alba_MTNR1B_MOTALB_R11945                                          5.34%    failed      1.19%
 647  Cervus_elaphus_hippelaphus_MTNR1B_Celaphus_00013623                         13.11%    failed      0.00%
 648  Leopardus_geoffroyi_MTNR_unknown_GCA_0183501551g13249t1                      8.74%    failed      0.00%
 649  Leopardus_geoffroyi_MTNR_unknown_GCA_0183501551g4829t1                       0.00%    passed     39.02%
 650  Menura_novaehollandiae_MTNR1C_MENNOV_R12878                                 12.72%    passed     89.78%
 651  Menura_novaehollandiae_MTNR1B_MENNOV_R08887                                  1.07%    passed     25.68%
 652  Menura_novaehollandiae_MTNR1A_MENNOV_R02352                                  0.58%    passed      9.60%
 653  Climacteris_rufus_MTNR1A_CLIRUF_R11555                                      14.95%    failed      0.01%
 654  Climacteris_rufus_MTNR1C_CLIRUF_R04718                                      14.47%    passed     92.91%
 655  Climacteris_rufus_MTNR1B_CLIRUF_R08601                                       1.07%    passed     16.09%
 656  Psammomys_obesus_MTNR_unknown_GCF_9071645651g16877t1                         0.00%    passed      7.35%
 657  Psammomys_obesus_MTNR_unknown_GCF_9071645651g9682t1                          0.39%    failed      0.00%
 658  Sylvia_atricapilla_MTNR1B_SYLATR_R09233                                      1.07%    passed     24.44%
 659  Sylvia_atricapilla_MTNR1A_SYLATR_R09805                                      0.58%    passed     71.45%
 660  Sylvia_atricapilla_MTNR1C_SYLATR_R03915                                     13.30%    passed     72.19%
 661  Aegotheles_bennettii_MTNR1A_AEGBEN_R04201                                   14.66%    failed      0.00%
 662  Aegotheles_bennettii_MTNR1C_AEGBEN_R00097                                   13.01%    passed     14.14%
 663  Aegotheles_bennettii_MTNR1B_AEGBEN_R13885                                    1.07%    passed     16.97%
 664  Crypturellus_undulatus_MTNR1B_CRYUND_R10727                                  1.26%    passed     23.61%
 665  Crypturellus_undulatus_MTNR1C_CRYUND_R03921                                 12.62%    passed     74.34%
 666  Crypturellus_undulatus_MTNR1A_CRYUND_R11698                                  0.58%    passed     37.16%
 667  Nyctibius_bracteatus_MTNR1B_NYCBRA_R12945                                   13.59%    failed      0.04%
 668  Nyctibius_bracteatus_MTNR1A_NYCBRA_R09790                                    0.58%    passed     10.99%
 669  Nyctibius_bracteatus_MTNR1C_NYCBRA_R07928                                   13.59%    passed     68.67%
 670  Nyctibius_grandis_MTNR1A_NYCGRA_R04360                                      16.70%    failed      0.00%
 671  Nyctibius_grandis_MTNR1B_NYCGRA_R13099                                      15.44%    failed      0.00%
 672  Nyctibius_grandis_MTNR1C_NYCGRA_R01597                                      12.82%    passed     60.66%
 673  Steatornis_caripensis_MTNR1C_STECAR_R03122                                  12.91%    passed     67.09%
 674  Steatornis_caripensis_MTNR1A_STECAR_R03645                                  14.66%    failed      0.05%
 675  Steatornis_caripensis_MTNR1B_STECAR_R09772                                   1.65%    failed      1.32%
 676  Capreolus_pygargus_MTNR_unknown_GCA_0129229651g14570t1                       0.00%    failed      3.41%
 677  Capreolus_pygargus_MTNR_unknown_GCA_0129229651g4509t1                        0.39%    failed      0.00%
 678  Mesoplodon_densirostris_MTNR_unknown_GCF_0252654051g8553t1                  16.12%    failed      0.00%
 679  Hyperoodon_ampullatus_MTNR_unknown_GCA_9497527951g9612t1                    13.01%    failed      0.00%
 680  Geospiza_fortis_MTNR1A_115948584                                             0.68%    passed      8.57%
 681  Poecile_atricapillus_MTNR_related_131583761                                  7.86%    passed     90.65%
 682  Poecile_atricapillus_MTNR1A_131578825                                        0.29%    passed     25.01%
 683  Poecile_atricapillus_MTNR1B_131585508                                        0.78%    passed     15.82%
 684  Sitta_europaea_MTNR1A_SITEUR_R02345                                          1.55%    passed     39.03%
 685  Sitta_europaea_MTNR1B_SITEUR_R12823                                          3.40%    passed      8.78%
 686  Sitta_europaea_MTNR1C_SITEUR_R01923                                         13.01%    passed     72.51%
 687  Charadrius_vociferus_MTNR_related_104290245                                  9.71%    passed     92.57%
 688  Charadrius_vociferus_MTNR1A_104285456                                        7.28%    failed      0.27%
 689  Charadrius_vociferus_MTNR1B_104283038                                        0.78%    passed      5.37%
 690  Talpa_occidentalis_MTNR1A_119257002                                          0.00%    passed     74.21%
 691  Myotis_myotis_MTNR1A_118652050                                               0.39%    failed      0.00%
 692  Myotis_myotis_MTNR1B_118662708                                               0.39%    failed      0.00%
 693  Jaculus_jaculus_MTNR1B_101615359                                             0.39%    failed      0.00%
 694  Jaculus_jaculus_MTNR_unknown_101609215                                       0.00%    passed     23.20%
 695  Castor_canadensis_MTNR1B_109701771                                          15.44%    failed      0.00%
 696  Castor_canadensis_MTNR_unknown_109687496                                     0.00%    passed     35.22%
 697  Phrynosoma_platyrhinos_MTNR_unknown_JD844_012283                            10.19%    passed     34.38%
 698  Cisticola_juncidis_MTNR1C_CISJUN_R09510                                     12.82%    failed      1.90%
 699  Cisticola_juncidis_MTNR1A_CISJUN_R10022                                     16.99%    failed      0.76%
 700  Cisticola_juncidis_MTNR1B_CISJUN_R07437                                      3.69%    passed     20.03%
 701  Haliaeetus_leucocephalus_MTNR1B_104838481                                    0.78%    passed      7.02%
 702  Haliaeetus_leucocephalus_MTNR1A_104833397                                    0.29%    passed      9.29%
 703  Haliaeetus_leucocephalus_MTNR_related_104832649                              5.15%    passed     94.65%
 704  Ciconia_maguari_MTNR1C_CICMAG_R07692                                        12.62%    passed     55.68%
 705  Ciconia_maguari_MTNR1B_CICMAG_R08326                                        17.38%    failed      0.01%
 706  Ciconia_maguari_MTNR1A_CICMAG_R12671                                        16.70%    failed      0.01%
 707  Rhizomys_pruinosus_MTNR1A_MTNR1A                                             0.00%    passed     39.10%
 708  Thalassarche_chlororhynchos_MTNR1A_THACHL_R12044                            16.70%    failed      0.01%
 709  Thalassarche_chlororhynchos_MTNR1C_THACHL_R03841                            12.62%    passed     52.47%
 710  Stercorarius_parasiticus_MTNR1B_STEPAR_R06862                                1.07%    passed      9.05%
 711  Stercorarius_parasiticus_MTNR1C_STEPAR_R04732                               15.34%    passed     55.47%
 712  Trachypithecus_francoisi_MTNR_unknown_GCF_0097643151g20248t1                 0.97%    failed      0.00%
 713  Trachypithecus_francoisi_MTNR_unknown_GCF_0097643151g3723t1                  0.19%    failed      1.27%
 714  Aramus_guarauna_MTNR1A_ARAGUA_R06901                                        16.70%    failed      0.00%
 715  Aramus_guarauna_MTNR1C_ARAGUA_R13877                                        12.72%    passed     49.19%
 716  Aramus_guarauna_MTNR1B_ARAGUA_R06810                                         1.07%    failed      4.05%
 717  Psophia_crepitans_MTNR1B_PSOCRE_R04301                                      18.16%    failed      0.03%
 718  Psophia_crepitans_MTNR1A_PSOCRE_R11582                                      16.70%    failed      0.03%
 719  Psophia_crepitans_MTNR1C_PSOCRE_R11975                                      12.62%    passed     93.48%
 720  Heliornis_fulica_MTNR1A_HELFUL_R12710                                       16.70%    failed      0.24%
 721  Heliornis_fulica_MTNR1C_HELFUL_R11805                                       12.91%    passed     35.24%
 722  Heliornis_fulica_MTNR1B_HELFUL_R01094                                        1.07%    passed      7.06%
 723  Mesitornis_unicolor_MTNR1A_104546768                                         0.29%    failed      3.61%
 724  Mesitornis_unicolor_MTNR1B_104538416                                        12.33%    failed      0.00%
 725  Cariama_cristata_MTNR1B_104159761                                           16.41%    failed      0.00%
 726  Cariama_cristata_MTNR1A_104159597                                            6.89%    failed      0.26%
 727  Eurypyga_helias_MTNR1C_104505358                                             8.16%    passed     68.12%
 728  Eurypyga_helias_MTNR1B_104511074                                             1.46%    failed      0.12%
 729  Eurypyga_helias_MTNR1A_104509108                                             9.51%    failed      0.02%
 730  Rhynochetos_jubatus_MTNR1C_RHYJUB_R09029                                    12.62%    passed     65.89%
 731  Rhynochetos_jubatus_MTNR1B_RHYJUB_R13745                                     1.07%    passed     25.37%
 732  Rhynochetos_jubatus_MTNR1A_RHYJUB_R01068                                    14.85%    failed      0.02%
 733  Jacana_jacana_MTNR1A_JACJAC_R05292                                          17.18%    passed     11.18%
 734  Jacana_jacana_MTNR1B_JACJAC_R07732                                           1.07%    passed     19.51%
 735  Jacana_jacana_MTNR1C_JACJAC_R11359                                          13.20%    passed     30.96%
 736  Arenaria_interpres_MTNR1B_AREINT_R00927                                      4.76%    failed      2.99%
 737  Arenaria_interpres_MTNR1C_AREINT_R03273                                     12.91%    passed     47.86%
 738  Arenaria_interpres_MTNR1A_AREINT_R12673                                     16.99%    failed      4.28%
 739  Urocyon_cinereoargenteus_MTNR_unknown_GCA_0323137751g16508t1                 0.00%    passed     82.63%
 740  Sciurus_vulgaris_MTNR1B_MTNR1B                                               0.39%    failed      0.00%
 741  Sciurus_vulgaris_MTNR1A_MTNR1A                                               0.00%    passed     13.48%
 742  Platysternon_megacephalum_MTNR_unknown_DR999_PMT07336                        9.71%    failed      0.03%
 743  Platysternon_megacephalum_MTNR_unknown_DR999_PMT01211                        3.59%    passed     91.22%
 744  Platysternon_megacephalum_MTNR_unknown_DR999_PMT00274                        0.97%    passed     14.12%
 745  Cuculus_canorus_MTNR_related_104064040                                       4.17%    passed     98.14%
 746  Cuculus_canorus_MTNR1A_104067144                                             0.29%    passed      7.54%
 747  Cuculus_canorus_MTNR1B_104064196                                             0.78%    failed      2.48%
 748  Anhinga_anhinga_MTNR1C_ANHANH_R13456                                        12.62%    passed     51.32%
 749  Anhinga_anhinga_MTNR1A_ANHANH_R11217                                        16.50%    failed      0.00%
 750  Sula_dactylatra_MTNR1C_SULDAC_R12892                                        12.91%    passed     34.94%
 751  Neotoma_lepida_MTNR_related_A6R68_01541                                      0.68%    failed      0.00%
 752  Neotoma_lepida_MTNR_related_A6R68_21837                                     21.36%    passed     12.03%
 753  Sagittarius_serpentarius_MTNR1B_SAGSER_R06596                               15.44%    failed      0.01%
 754  Sagittarius_serpentarius_MTNR1A_SAGSER_R13283                               16.70%    failed      0.00%
 755  Sagittarius_serpentarius_MTNR1C_SAGSER_R11407                               12.62%    passed     58.88%
 756  Pandion_haliaetus_MTNR1B_PANHAL_R06504                                      13.88%    failed      0.01%
 757  Pandion_haliaetus_MTNR1C_PANHAL_R01092                                      12.62%    passed     51.47%
 758  Pandion_haliaetus_MTNR1A_PANHAL_R03771                                      14.66%    failed      0.00%
 759  Trogon_melanurus_MTNR1C_TROMEL_R06627                                       12.82%    passed     57.24%
 760  Trogon_melanurus_MTNR1B_TROMEL_R00484                                       13.59%    failed      0.01%
 761  Trogon_melanurus_MTNR1A_TROMEL_R13875                                        0.58%    passed     29.82%
 762  Tyto_alba_MTNR1A_104364521                                                   0.29%    passed     14.60%
 763  Tyto_alba_MTNR_related_104366466                                             4.27%    passed     90.46%
 764  Tyto_alba_MTNR1B_104362096                                                   0.78%    passed      7.33%
 765  Herpetotheres_cachinnans_MTNR1A_HERCAC_R01154                               14.66%    failed      0.01%
 766  Herpetotheres_cachinnans_MTNR1C_HERCAC_R05341                               12.91%    passed     61.50%
 767  Herpetotheres_cachinnans_MTNR1B_HERCAC_R06577                                1.07%    passed     13.42%
 768  Eleutherodactylus_coqui_MTNR_related_GDO78_013445                            7.18%    failed      2.22%
 769  Eleutherodactylus_coqui_MTNR_related_GDO78_011722                            6.89%    failed      0.00%
 770  Acanthisitta_chloris_MTNR1A_103811444                                        6.12%    failed      0.02%
 771  Acanthisitta_chloris_MTNR1C_103808916                                       11.65%    passed     51.95%
 772  Eudyptes_schlegeli_MTNR1A_FQV10_0015212                                      0.58%    passed     12.86%
 773  Eudyptes_schlegeli_MTNR1C_FQV10_0008431                                     12.62%    passed     77.53%
 774  Eudyptes_schlegeli_MTNR_unknown_FQV10_0012705                                1.07%    passed      9.04%
 775  Apaloderma_vittatum_MTNR1B_104276230                                        16.41%    failed      0.01%
 776  Apaloderma_vittatum_MTNR1A_104269477                                        10.49%    failed      0.01%
 777  Colius_striatus_MTNR1B_104557692                                            16.41%    failed      0.02%
 778  Colius_striatus_MTNR1A_104552151                                            14.95%    failed      0.04%
 779  Merops_nubicus_MTNR1C_103779608                                             10.58%    passed     99.34%
 780  Merops_nubicus_MTNR1B_103772856                                             16.41%    failed      0.00%
 781  Merops_nubicus_MTNR1A_103771736                                             15.63%    failed      0.23%
 782  Upupa_epops_MTNR1C_UPUEPO_R05627                                            13.20%    passed     32.41%
 783  Upupa_epops_MTNR1A_UPUEPO_R09430                                             0.58%    passed     21.88%
 784  Mus_musculus_molossinus_MTNR1B_MTNR1B                                        0.39%    failed      0.06%
 785  Mus_musculus_molossinus_MTNR1A_MTNR1A                                        0.00%    passed     40.62%
 786  Axis_porcinus_MTNR_unknown_GCA_0037985451g18192t1                            0.00%    failed      1.61%
 787  Axis_porcinus_MTNR_unknown_GCA_0037985451g8846t1                             0.39%    failed      0.00%
 788  Hipposideros_galeritus_MTNR1A_MTNR1A                                         0.00%    passed     42.73%
 789  Rhodinocichla_rosea_MTNR1A_RHOROS_R10139                                     0.58%    passed     48.23%
 790  Rhodinocichla_rosea_MTNR1B_RHOROS_R03444                                     1.07%    passed     17.95%
 791  Rhodinocichla_rosea_MTNR1C_RHOROS_R01657                                    12.72%    passed     85.55%
 792  Nyctalus_leisleri_MTNR_unknown_GCA_9642648751g14810t1                        0.39%    failed      0.00%
 793  Nyctalus_leisleri_MTNR_unknown_GCA_9642648751g6943t1                         0.39%    failed      0.00%
 794  Pipistrellus_kuhlii_MTNR_unknown_118713023                                   0.39%    failed      0.00%
 795  Pipistrellus_kuhlii_MTNR1A_118730145                                         0.39%    failed      0.00%
 796  Rhinolophus_ferrumequinum_MTNR_unknown_117021652                             0.00%    passed     29.26%
 797  Saccopteryx_bilineata_MTNR_unknown_GCF_0368507651g14301t1                    0.00%    passed     73.12%
 798  Saccopteryx_bilineata_MTNR_unknown_GCF_0368507651g2673t1                     1.94%    failed      0.00%
 799  Vespertilio_murinus_MTNR_unknown_GCA_9639245151g11292t1                      0.39%    failed      0.00%
 800  Vespertilio_murinus_MTNR_unknown_GCA_9639245151g6123t1                       0.19%    failed      0.00%
 801  Addax_nasomaculatus_MTNR_unknown_GCA_0442318251g19294t1                      0.39%    failed      0.00%
 802  Addax_nasomaculatus_MTNR_unknown_GCA_0442318251g1005t1                       0.00%    passed     15.25%
 803  Oryx_dammah_MTNR_unknown_GCA_0147544252g9704t1                               0.39%    failed      0.00%
 804  Oryx_dammah_MTNR_unknown_GCA_0147544252g4580t1                               0.00%    passed     12.78%
 805  Pantholops_hodgsonii_MTNR_unknown_GCA_0004008351g22167t1                     4.27%    failed      0.00%
 806  Pantholops_hodgsonii_MTNR_unknown_GCA_0004008351g16339t1                     6.12%    passed     47.12%
 807  Taeniopygia_guttata_MTNR_related_751987                                      7.67%    passed     98.29%
 808  Taeniopygia_guttata_MTNR1A_751586                                            0.29%    passed     27.14%
 809  Taeniopygia_guttata_MTNR1B_751588                                            0.78%    passed      8.47%
 810  Ficedula_albicollis_MTNR_related_101810546                                   9.71%    passed     60.15%
 811  Ficedula_albicollis_MTNR1A_101818649                                         0.29%    passed     79.63%
 812  Ficedula_albicollis_MTNR1B_101813273                                         0.78%    passed     22.25%
 813  Chlorocebus_sabaeus_MTNR_unknown_GCF_0152520251g7437t1                       0.97%    failed      0.00%
 814  Chlorocebus_sabaeus_MTNR_unknown_GCF_0152520251g1799t1                       0.19%    failed      1.11%
 815  Acomys_dimidiatus_MTNR1A_MTNR1A                                              0.00%    passed     90.71%
 816  Acomys_dimidiatus_MTNR1B_MTNR1B                                              2.91%    failed      0.01%
 817  Acomys_russatus_MTNR1A_127210338                                             0.00%    passed     98.08%
 818  Acomys_russatus_MTNR1B_127198720                                             2.14%    failed      0.00%
 819  Arvicanthis_niloticus_MTNR1B_117699934                                       0.39%    failed      0.00%
 820  Arvicanthis_niloticus_MTNR1A_117722039                                       0.00%    passed     76.46%
 821  Varanus_komodoensis_MTNR1A_123035811                                        10.78%    passed     58.16%
 822  Varanus_komodoensis_MTNR1B_123029361                                         1.94%    passed     34.18%
 823  Varanus_komodoensis_MTNR_related_123022038                                   3.69%    passed      5.55%
 824  Lynx_canadensis_MTNR1B_115525595                                             0.39%    failed      0.00%
 825  Lynx_rufus_MTNR_unknown_GCF_0220792651g18649t1                               0.39%    failed      0.00%
 826  Lynx_rufus_MTNR_unknown_GCF_0220792651g10813t1                               0.00%    passed     44.62%
 827  Prionailurus_viverrinus_MTNR1B_125177173                                     0.39%    failed      0.00%
 828  Prionailurus_viverrinus_MTNR1A_125163612                                     0.00%    passed     43.69%
 829  Caracal_caracal_MTNR_unknown_GCA_0168013551g14600t1                          0.10%    passed     52.97%
 830  Caracal_caracal_MTNR_unknown_GCA_0168013551g3485t1                           0.39%    failed      0.00%
 831  Otocolobus_manul_MTNR_unknown_GCA_0285647252g11415t1                         0.39%    failed      0.00%
 832  Otocolobus_manul_MTNR_unknown_GCA_0285647252g4069t1                          0.00%    passed     37.20%
 833  Neofelis_nebulosa_MTNR_unknown_GCF_0280183851g11523t1                        0.39%    failed      0.00%
 834  Neofelis_nebulosa_MTNR_unknown_GCF_0280183851g3120t1                         0.29%    passed     61.49%
 835  Pelobates_cultripes_MTNR_related_PECUL_23A021160                            11.75%    failed      0.06%
 836  Pelobates_cultripes_MTNR1A_PECUL_23A022677                                  13.01%    failed      1.73%
 837  Rhinopithecus_bieti_MTNR1A_108522437                                         0.97%    failed      2.27%
 838  Rhinopithecus_bieti_MTNR1B_108515031                                         0.97%    failed      0.00%
 839  Rhinopithecus_roxellana_MTNR1B_104657539                                     0.97%    failed      0.00%
 840  Rhinopithecus_roxellana_MTNR1A_104673820                                     0.19%    failed      2.33%
 841  Nomascus_leucogenys_MTNR1B_101179499                                         0.97%    failed      0.00%
 842  Nomascus_leucogenys_MTNR_unknown_100594737                                   0.19%    failed      0.83%
 843  Plecotus_auritus_MTNR_unknown_GCA_9634553051g15283t1                         0.39%    failed      0.00%
 844  Plecotus_auritus_MTNR_unknown_GCA_9634553051g4010t1                          0.39%    failed      0.00%
 845  Podarcis_muralis_MTNR_related_114588808                                      3.98%    failed      0.79%
 846  Podarcis_muralis_MTNR1A_114604252                                            1.26%    passed     67.48%
 847  Podarcis_muralis_MTNR1B_114595621                                            0.78%    passed      7.95%
 848  Podarcis_muralis_MTNR1A_114591369                                           10.00%    failed      0.01%
 849  Quiscalus_mexicanus_MTNR1C_QUIMEX_R10392                                    12.72%    passed     91.01%
 850  Quiscalus_mexicanus_MTNR1B_QUIMEX_R05596                                    17.38%    failed      0.01%
 851  Quiscalus_mexicanus_MTNR1A_QUIMEX_R12478                                    16.99%    failed      0.50%
 852  Lagopus_muta_MTNR_related_125699902                                          4.27%    passed     40.27%
 853  Lagopus_muta_MTNR1A_125691636                                                0.29%    failed      4.64%
 854  Lagopus_muta_MTNR1B_125695144                                                0.78%    failed      3.47%
 855  Tamias_sibiricus_MTNR_unknown_GCA_0255941651g8331t1                          0.29%    passed     33.44%
 856  Tamias_sibiricus_MTNR_unknown_GCA_0255941651g1316t1                          0.39%    failed      0.00%
 857  Glaucomys_volans_MTNR_unknown_GCA_0206628051g18385t1                         0.39%    failed      0.00%
 858  Glaucomys_volans_MTNR_unknown_GCA_0206628051g7764t1                          0.00%    passed     60.08%
 859  Loxia_curvirostra_MTNR1C_LOXCUR_R05768                                      12.72%    passed     90.74%
 860  Loxia_curvirostra_MTNR1A_LOXCUR_R05310                                       0.58%    passed     52.80%
 861  Loxia_curvirostra_MTNR1B_LOXCUR_R08617                                       1.07%    passed     31.11%
 862  Podarcis_raffonei_MTNR_related_128406473                                     3.98%    failed      0.70%
 863  Podarcis_raffonei_MTNR1A_128420673                                           1.26%    passed     53.26%
 864  Podarcis_raffonei_MTNR1B_128412541                                           0.78%    passed      5.57%
 865  Podarcis_raffonei_MTNR1A_128407979                                          10.00%    failed      0.02%
 866  Polioptila_caerulea_MTNR1C_POLCAE_R09037                                    12.72%    passed     66.31%
 867  Polioptila_caerulea_MTNR1B_POLCAE_R09529                                     7.67%    failed      0.28%
 868  Polioptila_caerulea_MTNR1A_POLCAE_R06175                                    16.99%    failed      0.09%
 869  Corvus_kubaryi_MTNR1A_121676664                                              0.29%    passed      8.52%
 870  Corvus_kubaryi_MTNR_related_121670167                                       15.44%    passed     99.64%
 871  Corvus_kubaryi_MTNR1B_121662638                                              0.78%    passed     23.41%
 872  Moschus_berezovskii_MTNR1B_129542121                                         0.39%    failed      0.00%
 873  Moschus_moschiferus_MTNR_unknown_GCA_0117516651g15867t1                      0.39%    failed      0.00%
 874  Moschus_moschiferus_MTNR_unknown_GCA_0117516651g8165t1                       0.00%    passed     31.56%
 875  Cettia_cetti_MTNR1A_CETCET_R02924                                           14.95%    failed      0.01%
 876  Cettia_cetti_MTNR1C_CETCET_R06983                                           12.72%    passed     71.48%
 877  Cettia_cetti_MTNR1B_CETCET_R11050                                            1.07%    passed     24.44%
 878  Hippolais_icterina_MTNR1A_HIPICT_R06077                                      0.58%    passed     16.11%
 879  Hippolais_icterina_MTNR1C_HIPICT_R00636                                     13.01%    passed     95.22%
 880  Chrysocyon_brachyurus_MTNR_unknown_GCA_0285333351g14175t1                   34.47%    failed      0.00%
 881  Chrysocyon_brachyurus_MTNR_unknown_GCA_0285333351g11846t1                    0.00%    passed     67.75%
 882  Eudorcas_thomsonii_MTNR_unknown_GCA_0064087551g7574t1                        0.39%    failed      0.00%
 883  Eudorcas_thomsonii_MTNR_unknown_GCA_0064087551g3011t1                        0.00%    failed      0.53%
 884  Litocranius_walleri_MTNR_unknown_GCA_0064105351g11938t1                      0.39%    failed      0.00%
 885  Litocranius_walleri_MTNR_unknown_GCA_0064105351g4887t1                       0.00%    failed      2.78%
 886  Bos_mutus_MTNR1B_102277187                                                   5.83%    failed      0.00%
 887  Bos_mutus_MTNR_related_ENSBMUG000150203591                                   0.39%    failed      0.00%
 888  Tokudaia_osimensis_MTNR_unknown_GCA_0279435151g19164t1                       0.58%    passed     41.87%
 889  Tokudaia_osimensis_MTNR_unknown_GCA_0279435151g8040t1                        0.39%    failed      0.05%
 890  Sylvia_borin_MTNR1B_SYLBOR_R04594                                           17.38%    failed      0.05%
 891  Sylvia_borin_MTNR1A_SYLBOR_R01229                                            0.58%    passed     57.76%
 892  Sylvia_borin_MTNR1C_SYLBOR_R00389                                           13.69%    passed     71.76%
 893  Aegithalos_caudatus_MTNR1C_AEGCAU_R05887                                    15.05%    passed     10.37%
 894  Aegithalos_caudatus_MTNR1B_AEGCAU_R13956                                     4.95%    failed      1.56%
 895  Certhia_brachydactyla_MTNR1A_CERBRA_R12721                                  16.99%    failed      0.12%
 896  Certhia_brachydactyla_MTNR1B_CERBRA_R07180                                   5.83%    failed      0.68%
 897  Certhia_brachydactyla_MTNR1C_CERBRA_R09408                                  15.05%    passed     45.97%
 898  Certhia_familiaris_MTNR1C_CERFAM_R04208                                     13.98%    passed     45.90%
 899  Certhia_familiaris_MTNR1B_CERFAM_R01509                                      4.37%    failed      3.79%
 900  Certhia_familiaris_MTNR1A_CERFAM_R12670                                      0.58%    passed     28.42%
 901  Ceratotherium_simum_simum_MTNR_unknown_GCA_0002831551g8080t1                 0.00%    passed     78.03%
 902  Ceratotherium_simum_simum_MTNR_unknown_GCA_0002831551g7160t1                 0.39%    failed      0.00%
 903  Dipus_sagitta_MTNR_unknown_GCA_0363469551g4848t1                             0.39%    failed      0.00%
 904  Dipus_sagitta_MTNR_unknown_GCA_0363469551g1861t1                             0.00%    passed     17.34%
 905  Thryothorus_ludovicianus_MTNR1B_THRLUD_R08287                                1.07%    passed     12.50%
 906  Thryothorus_ludovicianus_MTNR1C_THRLUD_R01583                               13.01%    passed     59.90%
 907  Podarcis_lilfordi_MTNR_related_PODLI_1B025880                                9.81%    passed     13.33%
 908  Podarcis_lilfordi_MTNR1A_PODLI_1B022073                                     10.00%    failed      0.01%
 909  Mauremys_mutica_MTNR_related_123376901                                      14.66%    passed     20.78%
 910  Mauremys_mutica_MTNR_related_123376310                                       9.71%    failed      0.00%
 911  Rissa_tridactyla_MTNR_related_128915182                                      7.67%    passed     94.90%
 912  Rissa_tridactyla_MTNR1A_128910190                                            0.29%    passed     49.83%
 913  Rissa_tridactyla_MTNR1B_128915050                                            0.78%    passed     15.79%
 914  Lophocebus_aterrimus_MTNR_unknown_GCA_0237832351g17082t1                     0.97%    failed      0.00%
 915  Lophocebus_aterrimus_MTNR_unknown_GCA_0237832351g11019t1                    23.59%    failed      0.00%
 916  Anas_zonorhyncha_MTNR1A_MTNR1A                                               9.32%    failed      0.13%
 917  Anas_zonorhyncha_GPR50_GPR50                                                 4.27%    passed     13.04%
 918  Anas_zonorhyncha_MTNR1B_MTNR1B                                               0.78%    failed      1.63%
 919  Asarcornis_scutulata_MTNR1B_ASASCU_R11932                                    1.07%    failed      4.28%
 920  Asarcornis_scutulata_MTNR1A_ASASCU_R02953                                    0.58%    passed     75.24%
 921  Asarcornis_scutulata_MTNR1C_ASASCU_R08012                                   12.91%    passed     86.42%
 922  Engystomops_pustulosus_MTNR_unknown_GDO81_010937                            15.63%    passed     31.41%
 923  Engystomops_pustulosus_MTNR_unknown_GDO81_000432                             0.97%    failed      0.00%
 924  Lontra_canadensis_MTNR_unknown_GCA_0100158951g14347t1                        0.00%    passed     63.18%
 925  Lontra_canadensis_MTNR_unknown_GCA_0100158951g2243t1                         2.33%    failed      0.00%
 926  Mustela_nigripes_MTNR1A_132006523                                            0.00%    passed     89.11%
 927  Heterohyrax_brucei_MTNR_unknown_GCA_0285716851g17530t1                       1.75%    failed      0.00%
 928  Heterohyrax_brucei_MTNR_unknown_GCA_0285716851g6403t1                       29.03%    failed      0.54%
 929  Diceros_bicornis_minor_MTNR1A_131393951                                      0.00%    passed     80.84%
 930  Diceros_bicornis_minor_MTNR1B_131408988                                      0.39%    failed      0.00%
 931  Glaucidium_brasilianum_MTNR1C_GLABRA_R02568                                 13.69%    passed     59.96%
 932  Glaucidium_brasilianum_MTNR1A_GLABRA_R11591                                  0.58%    passed     22.39%
 933  Glaucidium_brasilianum_MTNR1B_GLABRA_R01006                                  1.07%    failed      2.96%
 934  Eudyptes_chrysocome_MTNR1B_MTNR1B                                            0.78%    passed      6.98%
 935  Eudyptes_chrysocome_MTNR1A_MTNR1A                                            0.29%    passed     10.37%
 936  Eudyptes_chrysocome_MTNR1B_MTNR1B_2                                          8.35%    passed     79.34%
 937  Eudyptes_chrysolophus_MTNR_unknown_FQV09_0003880                             1.07%    passed      9.94%
 938  Eudyptes_chrysolophus_MTNR1C_FQV09_0006691                                  12.62%    passed     74.43%
 939  Eudyptes_chrysolophus_MTNR1A_FQV09_0000620                                  14.66%    failed      0.01%
 940  Fregetta_grallaria_MTNR1B_FREGRA_R02731                                      1.07%    passed      6.40%
 941  Fregetta_grallaria_MTNR1C_FREGRA_R11631                                     12.62%    passed     41.71%
 942  Fregetta_grallaria_MTNR1A_FREGRA_R08122                                      0.58%    passed      8.92%
 943  Oceanodroma_tethys_MTNR1C_HYDTET_R10591                                     12.62%    passed     85.15%
 944  Oceanodroma_tethys_MTNR1A_HYDTET_R09711                                      1.65%    passed     13.54%
 945  Oceanodroma_tethys_MTNR1B_HYDTET_R03865                                      1.07%    failed      3.33%
 946  Pygoscelis_antarcticus_MTNR1A_FQV08_0015024                                 14.66%    failed      0.00%
 947  Pygoscelis_antarcticus_MTNR1C_FQV08_0013886                                 12.62%    passed     75.14%
 948  Pygoscelis_antarcticus_MTNR_unknown_FQV08_0014867                           13.59%    failed      0.00%
 949  Oceanites_oceanicus_MTNR1C_OCEOCE_R10434                                    12.62%    passed     50.55%
 950  Oceanites_oceanicus_MTNR1B_OCEOCE_R11717                                     1.07%    passed      9.26%
 951  Microtus_ochrogaster_MTNR_unknown_101983733                                  0.00%    passed     96.94%
 952  Microtus_ochrogaster_MTNR1B_101998842                                        0.39%    failed      0.01%
 953  Solenodon_paradoxus_MTNR_unknown_GCA_0043635751g424t1                        0.29%    passed     63.60%
 954  Lacerta_agilis_MTNR_related_117040353                                        3.98%    failed      1.11%
 955  Lacerta_agilis_MTNR1A_117052954                                              1.26%    passed     34.67%
 956  Lacerta_agilis_MTNR1B_117045238                                              0.78%    passed     16.93%
 957  Lacerta_agilis_MTNR1A_117041474                                             10.00%    failed      0.03%
 958  Hylobates_moloch_MTNR_unknown_GCA_0098285353g10776t1                         0.97%    failed      0.00%
 959  Hylobates_moloch_MTNR_unknown_GCA_0098285353g3129t1                          0.19%    failed      0.40%
 960  Alectura_lathami_MTNR1B_ALELAT_R11136                                        1.07%    passed      5.91%
 961  Alectura_lathami_MTNR1A_ALELAT_R01391                                       16.99%    failed      0.44%
 962  Alectura_lathami_MTNR1C_ALELAT_R02773                                       13.11%    passed     91.62%
 963  Vidua_chalybeata_MTNR_related_128795362                                      7.67%    passed     98.23%
 964  Vidua_chalybeata_MTNR1A_128787040                                            0.29%    passed     13.13%
 965  Vidua_chalybeata_MTNR1B_128784004                                            0.78%    passed      7.42%
 966  Hippotragus_niger_niger_MTNR_unknown_GCA_0069421251g6657t1                   0.39%    failed      0.00%
 967  Nothoprocta_ornata_MTNR1A_NOTORN_R08152                                      0.58%    passed     49.17%
 968  Nothoprocta_ornata_MTNR1B_NOTORN_R10826                                      1.26%    passed      8.63%
 969  Nothoprocta_ornata_MTNR1C_NOTORN_R13134                                     12.62%    passed     80.60%
 970  Cervus_hanglu_yarkandensis_MTNR1A_MTNR1A                                     0.29%    failed      2.51%
 971  Cervus_hanglu_yarkandensis_MTNR1B_MTNR1B                                     0.39%    failed      0.00%
 972  Molothrus_ater_MTNR_related_118698847                                        8.45%    passed     90.19%
 973  Molothrus_ater_MTNR1A_118686642                                              0.29%    passed     37.41%
 974  Molothrus_ater_MTNR1B_118692886                                              0.78%    passed     12.54%
 975  Corvus_brachyrhynchos_MTNR_related_103617877                                 8.64%    passed     75.09%
 976  Corvus_brachyrhynchos_MTNR1B_103616752                                       6.60%    failed      1.57%
 977  Dryoscopus_gambensis_MTNR1B_DRYGAM_R13331                                   17.38%    failed      0.16%
 978  Dryoscopus_gambensis_MTNR1C_DRYGAM_R08281                                   12.72%    passed     84.22%
 979  Okapia_johnstoni_MTNR_unknown_GCA_0242919352g18364t1                         0.00%    passed      6.01%
 980  Okapia_johnstoni_MTNR_unknown_GCA_0242919352g9463t1                          0.39%    failed      0.00%
 981  Camarhynchus_parvulus_MTNR_related_115914780                                 8.54%    passed     74.23%
 982  Camarhynchus_parvulus_MTNR1A_115903193                                       0.29%    passed     37.51%
 983  Camarhynchus_parvulus_MTNR1B_115905023                                       0.78%    passed     10.95%
 984  Crotalus_tigris_MTNR1A_120298795                                             1.07%    failed      0.01%
 985  Equus_quagga_MTNR1A_124231589                                                0.00%    passed     96.90%
 986  Equus_quagga_MTNR1B_124225175                                                0.39%    failed      0.00%
 987  Ardeotis_kori_MTNR1B_ARDKOR_R08476                                           1.07%    passed      9.56%
 988  Ardeotis_kori_MTNR1A_ARDKOR_R02562                                          14.66%    failed      0.09%
 989  Ardeotis_kori_MTNR1C_ARDKOR_R10260                                          13.30%    passed     61.61%
 990  Bubalus_bubalis_MTNR1B_102409257                                             0.39%    failed      0.00%
 991  Bubalus_bubalis_MTNR1A_102415439                                             0.00%    passed      8.63%
 992  Phyllostomus_discolor_MTNR_unknown_114508912                                 0.00%    failed      0.00%
 993  Eubucco_bourcierii_MTNR1B_EUBBOU_R02550                                      1.07%    passed     90.60%
 994  Eubucco_bourcierii_MTNR1A_EUBBOU_R06958                                      0.58%    passed     22.59%
 995  Eubucco_bourcierii_MTNR1C_EUBBOU_R11959                                     12.72%    passed     79.45%
 996  Semnornis_frantzii_MTNR1B_SEMFRA_R03277                                     13.40%    passed     17.30%
 997  Semnornis_frantzii_MTNR1C_SEMFRA_R04702                                     12.72%    passed     81.86%
 998  Kobus_leche_leche_MTNR_unknown_GCA_0149265651g2928t1                         3.88%    failed      0.00%
 999  Catharus_ustulatus_MTNR_related_117003094                                    8.35%    passed     95.78%
1000  Catharus_ustulatus_MTNR1A_116996539                                          0.29%    passed     56.73%
1001  Catharus_ustulatus_MTNR1B_116993023                                          0.78%    passed     15.13%
1002  Spheniscus_demersus_MTNR1A_FQV21_0002060                                    14.66%    failed      0.01%
1003  Spheniscus_demersus_MTNR_unknown_FQV21_0013192                              13.59%    failed      0.01%
1004  Spheniscus_demersus_MTNR1C_FQV21_0015846                                    12.62%    passed     73.67%
1005  Eudyptes_sclateri_MTNR1B_MTNR1B                                              6.99%    failed      0.00%
1006  Eudyptes_sclateri_MTNR1A_MTNR1A                                              9.22%    failed      0.02%
1007  Eudyptes_sclateri_MTNR1A_MTNR1A_2                                            8.64%    passed     78.34%
1008  Marmota_flaviventris_MTNR1B_114105026                                        0.39%    failed      0.00%
1009  Marmota_flaviventris_MTNR1A_114085909                                        0.00%    passed     30.41%
1010  Marmota_himalayana_MTNR1A_MTNR1A                                             0.00%    passed     33.00%
1011  Marmota_himalayana_MTNR1B_MTNR1B                                             0.39%    failed      0.00%
1012  Coturnix_japonica_MTNR1A_107313685                                          12.04%    failed      0.00%
1013  Coturnix_japonica_MTNR_related_107312949                                     4.27%    passed     75.28%
1014  Coturnix_japonica_MTNR1B_107308448                                           0.78%    failed      2.71%
1015  Cryptoprocta_ferox_MTNR_unknown_GCA_0286464851g14849t1                      18.83%    failed      0.07%
1016  Cryptoprocta_ferox_MTNR_unknown_GCA_0286464851g6524t1                        0.00%    passed     78.59%
1017  Tinamus_guttatus_MTNR1A_104578319                                           15.63%    failed      0.11%
1018  Tinamus_guttatus_MTNR_related_104575184                                      4.95%    passed     57.87%
1019  Gavialis_gangeticus_MTNR1A_109303664                                         3.59%    failed      0.00%
1020  Gavialis_gangeticus_MTNR1B_109302208                                         5.05%    failed      0.00%
1021  Gavialis_gangeticus_MTNR_related_109300366                                   4.47%    passed     10.13%
1022  Pantherophis_guttatus_MTNR1A_117680134                                       0.97%    failed      0.11%
1023  Pantherophis_guttatus_MTNR1B_117660437                                       3.20%    passed     97.54%
1024  Pantherophis_guttatus_MTNR1A_MTNR1A                                          0.97%    failed      0.11%
1025  Pantherophis_guttatus_MTNR1B_MTNR1B                                          3.20%    passed     97.54%
1026  Hyaena_hyaena_MTNR_unknown_GCF_0030098951g17340t1                            0.97%    failed      0.00%
1027  Hyaena_hyaena_MTNR_unknown_GCF_0030098951g8085t1                             0.00%    passed     70.48%
1028  Loxia_leucoptera_MTNR1B_LOXLEU_R10654                                        1.07%    passed     28.19%
1029  Loxia_leucoptera_MTNR1C_LOXLEU_R09732                                       12.72%    passed     88.95%
1030  Loxia_leucoptera_MTNR1A_LOXLEU_R08596                                       16.99%    failed      0.72%
1031  Phaethon_lepturus_MTNR1A_104615875                                          13.88%    failed      0.01%
1032  Phaethon_lepturus_MTNR1B_104620551                                          12.33%    failed      0.01%
1033  Phaethon_lepturus_MTNR1C_104620115                                          12.04%    passed     69.67%
1034  Mystacornis_crossleyi_MTNR1B_MYSCRO_R04002                                  13.59%    failed      0.22%
1035  Mystacornis_crossleyi_MTNR1C_MYSCRO_R10319                                  12.72%    passed     80.58%
1036  Oxylabes_madagascariensis_MTNR1B_OXYMAD_R04734                               1.07%    passed     17.71%
1037  Oxylabes_madagascariensis_MTNR1C_OXYMAD_R05265                              12.72%    passed     71.48%
1038  Cardinalis_cardinalis_MTNR1A_CARCAR_R10084                                  16.99%    failed      0.12%
1039  Cardinalis_cardinalis_MTNR1C_CARCAR_R13236                                  12.72%    passed     82.66%
1040  Elephas_maximus_indicus_MTNR1A_126065335                                     1.07%    passed     23.45%
1041  Elephas_maximus_indicus_MTNR1B_126078900                                     0.49%    failed      0.00%
1042  Toxostoma_redivivum_MTNR1C_TOXRED_R11727                                    13.01%    passed     47.36%
1043  Toxostoma_redivivum_MTNR1A_TOXRED_R04042                                     0.58%    passed     31.79%
1044  Balearica_regulorum_gibbericeps_MTNR1C_104632436                            11.46%    passed     48.29%
1045  Balearica_regulorum_gibbericeps_MTNR1A_104633884                            15.63%    failed      0.02%
1046  Falco_tinnunculus_MTNR1B_MTNR1B                                              0.78%    failed      3.14%
1047  Falco_tinnunculus_MTNR1A_1B_ENSFTIG000000079161                              0.97%    passed      9.31%
1048  Falco_tinnunculus_GPR50_GPR50                                                4.17%    passed     86.72%
1049  Microtus_fortis_MTNR1B_126487668                                             0.39%    failed      0.01%
1050  Microtus_fortis_MTNR1A_126504790                                             0.00%    passed     94.64%
1051  Pogona_vitticeps_MTNR1B_110091096                                            2.43%    passed     35.13%
1052  Pogona_vitticeps_MTNR1A_110087969                                           10.29%    passed      5.97%
1053  Pogona_vitticeps_MTNR_related_110082974                                      3.69%    passed      9.68%
1054  Pogona_vitticeps_MTNR1A_110077907                                           14.47%    passed      6.62%
1055  Protobothrops_mucrosquamatus_MTNR1A_107302681                                0.97%    failed      0.14%
1056  Corythaeola_cristata_MTNR1A_CORCRI_R12386                                   14.95%    failed      0.02%
1057  Corythaeola_cristata_MTNR1C_CORCRI_R05971                                   12.62%    passed     58.20%
1058  Corythaeola_cristata_MTNR1B_CORCRI_R12271                                   13.59%    failed      0.02%
1059  Corythaixoides_concolor_MTNR1B_CORCON_R13352                                13.59%    failed      0.03%
1060  Corythaixoides_concolor_MTNR1A_CORCON_R11542                                 0.58%    passed     17.14%
1061  Corythaixoides_concolor_MTNR1C_CORCON_R05112                                13.88%    passed     65.99%
1062  Dipodomys_spectabilis_MTNR1B_122112335                                       0.19%    failed      0.00%
1063  Dipodomys_spectabilis_MTNR1A_122127710                                       0.00%    passed     83.91%
1064  Chelonoidis_abingdonii_MTNR1C_116818509                                      3.59%    passed     72.92%
1065  Chelonoidis_abingdonii_MTNR1B_116818384                                      0.78%    failed      4.71%
1066  Chelonoidis_abingdonii_MTNR1A_116835911                                      0.97%    passed      7.02%
1067  Chelonoidis_abingdonii_MTNR1A_116820072                                      9.71%    failed      1.06%
1068  Erythrocercus_mccallii_MTNR1C_ERYMCC_R04342                                 13.01%    passed     69.82%
1069  Erythrocercus_mccallii_MTNR1B_ERYMCC_R02436                                  1.07%    passed     21.18%
1070  Erythrocercus_mccallii_MTNR1A_ERYMCC_R13811                                  0.58%    passed      9.22%
1071  Tympanuchus_pallidicinctus_MTNR1A_128080581                                  0.29%    failed      3.06%
1072  Tympanuchus_pallidicinctus_MTNR_related_128075932                            4.27%    passed     32.85%
1073  Tympanuchus_pallidicinctus_MTNR1B_128074465                                  0.78%    failed      4.02%
1074  Suncus_etruscus_MTNR1A_126006844                                             0.00%    passed     34.23%
1075  Myotis_brandtii_MTNR1A_102249711                                             1.65%    failed      0.00%
1076  Myotis_brandtii_MTNR1B_102260326                                             4.37%    failed      0.00%
1077  Phodopus_roborovskii_MTNR1A_127220495                                        0.00%    passed     62.02%
1078  Cochlearius_cochlearius_MTNR1B_COCCOC_R00526                                 1.07%    passed      6.76%
1079  Cochlearius_cochlearius_MTNR1C_COCCOC_R04839                                12.62%    passed     91.85%
1080  Cochlearius_cochlearius_MTNR1A_COCCOC_R09202                                14.66%    failed      0.02%
1081  Ranitomeya_imitator_MTNR_unknown_RIMI_LOCUS22133804                         12.82%    passed     58.25%
1082  Ranitomeya_imitator_MTNR_unknown_RIMI_LOCUS14411490                          3.20%    failed      0.01%
1083  Ranitomeya_imitator_MTNR_unknown_RIMI_LOCUS12192500                          9.03%    failed      0.00%
1084  Ranitomeya_imitator_MTNR_unknown_RIMI_LOCUS5093649                          15.83%    failed      0.87%
1085  Microtus_oregoni_MTNR1A_121433890                                            0.00%    passed     92.24%
1086  Microtus_oregoni_MTNR1B_121451247                                            0.39%    failed      0.01%
1087  Rhinopomastus_cyanomelas_MTNR1C_RHICYA_R03705                               12.91%    passed     32.09%
1088  Rhinopomastus_cyanomelas_MTNR1A_RHICYA_R08465                                1.17%    passed     99.49%
1089  Rhinopomastus_cyanomelas_MTNR1B_RHICYA_R04917                                1.36%    passed      9.35%
1090  Cephalopterus_ornatus_MTNR1A_CEPORN_R05791                                  16.70%    failed      0.00%
1091  Cephalopterus_ornatus_MTNR1B_CEPORN_R06965                                   1.07%    passed     11.40%
1092  Cephalopterus_ornatus_MTNR1C_CEPORN_R06221                                  12.52%    passed     87.59%
1093  Neopelma_chrysocephalum_MTNR_related_113969393                               9.51%    passed     97.36%
1094  Neopelma_chrysocephalum_MTNR1B_113964784                                     0.78%    passed      5.19%
1095  Neopelma_chrysocephalum_MTNR1A_113964375                                     0.29%    failed      1.75%
1096  Oxyruncus_cristatus_MTNR1C_OXYCRI_R07738                                    12.52%    passed     81.09%
1097  Oxyruncus_cristatus_MTNR1B_OXYCRI_R02777                                     1.36%    passed     22.66%
1098  Oxyruncus_cristatus_MTNR1A_OXYCRI_R04028                                     0.58%    failed      3.03%
1099  Piprites_chloris_MTNR1C_PIPCHL_R06854                                       12.52%    passed     81.74%
1100  Piprites_chloris_MTNR1B_PIPCHL_R04172                                        1.07%    passed     24.24%
1101  Piprites_chloris_MTNR1A_PIPCHL_R01810                                        0.58%    failed      4.65%
1102  Columbina_picui_MTNR1C_COLPIC_R04953                                        13.01%    passed     68.67%
1103  Columbina_picui_MTNR1B_COLPIC_R02418                                         1.07%    passed      7.59%
1104  Columbina_picui_MTNR1A_COLPIC_R11018                                        14.95%    failed      0.02%
1105  Ursus_arctos_horribilis_MTNR1A_MTNR1A                                        0.87%    passed     43.38%
1106  Grallaria_varia_MTNR1C_GRAVAR_R00214                                        12.82%    passed     59.62%
1107  Grallaria_varia_MTNR1A_GRAVAR_R09671                                         0.58%    passed     14.07%
1108  Grallaria_varia_MTNR1B_GRAVAR_R12802                                         1.07%    passed     25.01%
1109  Chordeiles_acutipennis_MTNR1A_CHOACU_R08398                                  0.58%    passed     12.61%
1110  Chordeiles_acutipennis_MTNR1B_CHOACU_R06477                                  1.07%    passed     10.01%
1111  Chordeiles_acutipennis_MTNR1C_CHOACU_R04878                                 12.43%    passed     75.96%
1112  Dryobates_pubescens_MTNR_related_104301198                                  11.75%    passed     82.21%
1113  Dryobates_pubescens_MTNR1B_104305302                                         0.78%    passed     91.48%
1114  Dryobates_pubescens_MTNR1A_104301790                                         0.29%    passed     12.21%
1115  Rostratula_benghalensis_MTNR1C_ROSBEN_R04972                                12.62%    passed     27.27%
1116  Rostratula_benghalensis_MTNR1A_ROSBEN_R03554                                15.24%    passed      8.45%
1117  Rostratula_benghalensis_MTNR1B_ROSBEN_R08942                                 1.07%    passed     27.77%
1118  Falco_rusticolus_MTNR_related_119157257                                      4.17%    passed     93.10%
1119  Falco_rusticolus_MTNR1B_119143244                                            0.78%    failed      2.99%
1120  Falco_rusticolus_MTNR1A_119151269                                            0.97%    passed     12.57%
1121  Tauraco_erythrolophus_MTNR1B_104370852                                      16.41%    failed      0.02%
1122  Tauraco_erythrolophus_MTNR1A_104374793                                      14.95%    failed      0.11%
1123  Rhabdomys_pumilio_MTNR_unknown_GCA_0306740551g14941t1                        0.00%    passed     34.23%
1124  Rhabdomys_pumilio_MTNR_unknown_GCA_0306740551g10455t1                        0.39%    failed      0.00%
1125  Corynorhinus_townsendii_MTNR_unknown_GCA_0262300551g15072t1                  0.39%    failed      0.00%
1126  Corynorhinus_townsendii_MTNR_unknown_GCA_0262300551g3677t1                   0.39%    failed      0.00%
1127  Bombycilla_garrulus_MTNR1A_BOMGAR_R04149                                     4.66%    passed     53.17%
1128  Bombycilla_garrulus_MTNR1C_BOMGAR_R03312                                    12.72%    passed     76.10%
1129  Bombycilla_garrulus_MTNR1B_BOMGAR_R04795                                     1.36%    passed     14.90%
1130  Nanorana_parkeri_MTNR1A_108792534                                            0.97%    failed      0.00%
1131  Nanorana_parkeri_MTNR1B_108788772                                            2.04%    passed      5.59%
1132  Nanorana_parkeri_MTNR1A_108786306                                           13.11%    passed     57.81%
1133  Nanorana_parkeri_MTNR1C_108783900                                            2.72%    failed      0.06%
1134  Trichechus_manatus_latirostris_MTNR_unknown_101342942                        3.79%    passed     39.34%
1135  Trichechus_manatus_latirostris_MTNR1A_MTNR1A                                 0.29%    passed     45.08%
1136  Leucopsar_rothschildi_MTNR1C_LEUROT_R10000                                  13.01%    passed     29.17%
1137  Leucopsar_rothschildi_MTNR1A_LEUROT_R05621                                  16.99%    failed      0.31%
1138  Leucopsar_rothschildi_MTNR1B_LEUROT_R08378                                  17.38%    failed      0.01%
1139  Nipponia_nippon_MTNR1A_104021389                                            14.95%    failed      0.01%
1140  Nipponia_nippon_MTNR_related_104019097                                      13.50%    passed     81.83%
1141  Nipponia_nippon_MTNR1B_104017384                                            13.30%    failed      0.03%
1142  Ochotona_curzoniae_MTNR1A_121146821                                          0.00%    passed     33.58%
1143  Ochotona_curzoniae_MTNR1B_121154010                                          0.68%    failed      0.00%
1144  Pteropus_vampyrus_MTNR_unknown_105294200                                     2.82%    failed      0.00%
1145  Corvus_hawaiiensis_MTNR_related_125333289                                    8.16%    passed     77.11%
1146  Corvus_hawaiiensis_MTNR1A_125326252                                          0.29%    passed     14.60%
1147  Corvus_hawaiiensis_MTNR1B_125321827                                          0.78%    passed     20.66%
1148  Brachypteracias_leptosomus_MTNR1B_BRALEP_R11182                             13.59%    failed      0.00%
1149  Brachypteracias_leptosomus_MTNR1C_BRALEP_R03096                             13.59%    passed     65.30%
1150  Bucco_capensis_MTNR1B_BUCCAP_R05673                                          1.36%    passed     85.36%
1151  Bucco_capensis_MTNR1C_BUCCAP_R01927                                         12.82%    passed     35.55%
1152  Bucco_capensis_MTNR1A_BUCCAP_R10206                                         16.80%    failed      0.00%
1153  Todus_mexicanus_MTNR1C_TODMEX_R00614                                        12.62%    passed     78.25%
1154  Peucedramus_taeniatus_MTNR1B_PEUTAE_R05277                                   4.85%    failed      1.49%
1155  Peucedramus_taeniatus_MTNR1C_PEUTAE_R06035                                  12.72%    passed     87.41%
1156  Peucedramus_taeniatus_MTNR1A_PEUTAE_R09884                                  16.99%    failed      0.21%
1157  Calyptomena_viridis_MTNR1C_CALVIR_R03256                                    12.72%    passed     70.44%
1158  Calyptomena_viridis_MTNR1A_CALVIR_R05465                                    14.95%    failed      0.01%
1159  Calyptomena_viridis_MTNR1B_CALVIR_R05258                                     1.07%    passed     16.03%
1160  Tyrannus_savana_MTNR1C_TYRSAV_R03428                                        12.52%    passed     90.56%
1161  Tyrannus_savana_MTNR1A_TYRSAV_R05597                                         0.58%    passed      7.15%
1162  Tyrannus_savana_MTNR1B_TYRSAV_R09930                                         1.07%    passed     16.67%
1163  Rucervus_eldii_siamensis_MTNR_unknown_GCA_0342339151g13406t1                 0.00%    failed      1.15%
1164  Rucervus_eldii_siamensis_MTNR_unknown_GCA_0342339151g7270t1                  0.39%    failed      0.00%
1165  Probosciger_aterrimus_MTNR1C_PROATE_R04090                                  15.34%    passed     41.69%
1166  Probosciger_aterrimus_MTNR1B_PROATE_R07922                                   1.07%    passed      7.95%
1167  Passerina_amoena_MTNR1C_PASAMO_R09319                                       12.72%    passed     72.63%
1168  Passerina_amoena_MTNR1A_PASAMO_R03714                                       14.95%    failed      0.21%
1169  Passerina_amoena_MTNR1B_PASAMO_R05827                                        1.07%    passed     13.26%
1170  Hystrix_brachyura_MTNR_unknown_GCA_0168012751g12118t1                       15.92%    failed      0.00%
1171  Hystrix_brachyura_MTNR_unknown_GCA_0168012751g11588t1                        0.68%    passed     79.28%
1172  Cavia_tschudii_MTNR1B_MTNR1B                                                 0.68%    failed      0.06%
1173  Cavia_tschudii_MTNR1A_MTNR1A                                                 0.00%    passed     16.42%
1174  Pteropus_giganteus_MTNR1B_120590217                                          2.82%    failed      0.00%
1175  Pteropus_giganteus_MTNR1A_120583800                                          0.00%    passed     31.10%
1176  Manis_pentadactyla_MTNR1A_118916980                                         16.50%    passed     36.46%
1177  Condylura_cristata_MTNR1A_101631353                                          8.54%    passed     96.44%
1178  Eospalax_fontanierii_MTNR_unknown_GCA_0357732351g14314t1                     0.00%    passed     85.76%
1179  Gekko_japonicus_MTNR1A_107115812                                            15.63%    failed      4.75%
1180  Gekko_japonicus_MTNR1C_107115720                                             3.20%    passed     96.88%
1181  Gekko_japonicus_MTNR1B_107114658                                             0.78%    failed      0.05%
1182  Gekko_japonicus_MTNR1A_107113891                                            10.00%    passed     65.32%
1183  Falco_naumanni_MTNR_related_121097357                                        7.48%    passed     31.16%
1184  Falco_naumanni_MTNR1B_121083468                                              0.78%    failed      2.76%
1185  Bucorvus_abyssinicus_MTNR1A_BUCABY_R08658                                   14.66%    failed      0.02%
1186  Bucorvus_abyssinicus_MTNR1C_BUCABY_R07081                                   12.62%    passed     86.50%
1187  Bucorvus_abyssinicus_MTNR1B_BUCABY_R02486                                    1.07%    passed     10.41%
1188  Rhagologus_leucostigma_MTNR1C_RHALEU_R12674                                 12.72%    passed     85.75%
1189  Rhagologus_leucostigma_MTNR1B_RHALEU_R04220                                  4.37%    passed      9.75%
1190  Rhagologus_leucostigma_MTNR1A_RHALEU_R00802                                  0.58%    passed     14.73%
1191  Anthoscopus_minutus_MTNR1C_ANTMIN_R10770                                    12.72%    passed     69.77%
1192  Anthoscopus_minutus_MTNR1B_ANTMIN_R05215                                     4.37%    passed      7.31%
1193  Anthoscopus_minutus_MTNR1A_ANTMIN_R08325                                    16.99%    failed      0.08%
1194  Cyanistes_caeruleus_MTNR_related_111929343                                  11.75%    passed     80.69%
1195  Cyanistes_caeruleus_MTNR1A_111928435                                         6.12%    failed      0.42%
1196  Cyanistes_caeruleus_MTNR1B_111924848                                        11.65%    failed      0.02%
1197  Spheniscus_mendiculus_MTNR1C_FQV24_0006801                                  12.62%    passed     73.67%
1198  Spheniscus_mendiculus_MTNR_related_FQV24_0006584                            13.59%    failed      0.00%
1199  Spheniscus_mendiculus_MTNR1A_FQV24_0008267                                   0.58%    passed     16.39%
1200  Procapra_przewalskii_MTNR_unknown_GCA_0064105151g11159t1                     0.00%    failed      0.15%
1201  Procapra_przewalskii_MTNR_unknown_GCA_0064105151g4620t1                      0.39%    failed      0.00%
1202  Catharus_fuscescens_MTNR1B_CATFUS_R08259                                     1.07%    passed     17.80%
1203  Catharus_fuscescens_MTNR1A_CATFUS_R04063                                     5.53%    passed     20.94%
1204  Catharus_fuscescens_MTNR1C_CATFUS_R11229                                    14.76%    passed     51.39%
1205  Cinclus_mexicanus_MTNR1C_CINMEX_R04765                                      13.98%    passed     62.36%
1206  Cinclus_mexicanus_MTNR1B_CINMEX_R12406                                       4.17%    passed      5.78%
1207  Phainopepla_nitens_MTNR1C_PHANIT_R00293                                     12.72%    passed     76.04%
1208  Thinocorus_orbignyianus_MTNR1A_THIORB_R06749                                 0.58%    passed     73.57%
1209  Thinocorus_orbignyianus_MTNR1C_THIORB_R13904                                12.91%    passed     22.38%
1210  Thinocorus_orbignyianus_MTNR1B_THIORB_R10965                                 1.07%    passed     11.12%
1211  Empidonax_traillii_MTNR1A_114071582                                          9.03%    failed      0.00%
1212  Empidonax_traillii_MTNR1B_114070320                                          0.78%    passed     21.29%
1213  Empidonax_traillii_MTNR_related_114059674                                    8.74%    passed     83.31%
1214  Phrynocephalus_forsythii_MTNR_related_JRQ81_016510                          11.36%    passed     72.70%
1215  Phrynocephalus_forsythii_MTNR_related_JRQ81_002539                          14.56%    failed      1.95%
1216  Lophotis_ruficrista_MTNR1C_LOPRUF_R13661                                    13.01%    passed     57.46%
1217  Lophotis_ruficrista_MTNR1B_LOPRUF_R09847                                     1.07%    passed     10.30%
1218  Lophotis_ruficrista_MTNR1A_LOPRUF_R04077                                    14.66%    failed      0.03%
1219  Rhinopoma_microphyllum_MTNR_unknown_GCA_0438805451g13710t1                   0.39%    failed      0.00%
1220  Rhinopoma_microphyllum_MTNR_unknown_GCA_0438805451g11827t1                   0.00%    passed     62.66%
1221  Irena_cyanogastra_MTNR1B_IRECYA_R09256                                       1.07%    passed     15.00%
1222  Irena_cyanogastra_MTNR1C_IRECYA_R03399                                      12.72%    passed     78.04%
1223  Irena_cyanogastra_MTNR1A_IRECYA_R13222                                       0.58%    passed     53.19%
1224  Picathartes_gymnocephalus_MTNR1C_PICGYM_R11787                              12.72%    passed     80.04%
1225  Picathartes_gymnocephalus_MTNR1A_PICGYM_R11208                              14.95%    failed      0.03%
1226  Amazona_guildingii_MTNR1B_AMAGUI_R01169                                      3.88%    failed      0.82%
1227  Amazona_guildingii_MTNR1C_AMAGUI_R00472                                     13.98%    passed     29.32%
1228  Amazona_guildingii_MTNR1A_AMAGUI_R02447                                     16.70%    failed      0.01%
1229  Buceros_rhinoceros_silvestris_MTNR1A_104497761                              14.47%    failed      0.16%
1230  Buceros_rhinoceros_silvestris_MTNR1B_104501473                              15.15%    failed      0.05%
1231  Eolophus_roseicapilla_MTNR1A_EOLROS_R04365                                  13.30%    failed      0.00%
1232  Eolophus_roseicapilla_MTNR1C_EOLROS_R05093                                  14.27%    passed     28.47%
1233  Eolophus_roseicapilla_MTNR1B_EOLROS_R00926                                   1.07%    passed      7.75%
1234  Nestor_notabilis_MTNR1A_104399187                                           15.63%    failed      0.01%
1235  Nestor_notabilis_MTNR1B_104411137                                           13.30%    failed      0.00%
1236  Chloroceryle_aenea_MTNR1B_CHLAEN_R09243                                     16.21%    failed      0.00%
1237  Chloroceryle_aenea_MTNR1A_CHLAEN_R01280                                     16.70%    failed      0.00%
1238  Chloroceryle_aenea_MTNR1C_CHLAEN_R03401                                     13.20%    passed     17.81%
1239  Baryphthengus_martii_MTNR1A_BARMAR_R11284                                   14.66%    failed      0.05%
1240  Baryphthengus_martii_MTNR1C_BARMAR_R05987                                   12.91%    passed     26.02%
1241  Baryphthengus_martii_MTNR1B_BARMAR_R11306                                   13.59%    failed      0.00%
1242  Oriolus_oriolus_MTNR1C_ORIORI_R06546                                        12.72%    passed     93.38%
1243  Oriolus_oriolus_MTNR1A_ORIORI_R09960                                         8.06%    failed      0.71%
1244  Oriolus_oriolus_MTNR1B_ORIORI_R12176                                         1.07%    passed     31.58%
1245  Panurus_biarmicus_MTNR1B_PANBIA_R00922                                       1.07%    passed     28.78%
1246  Panurus_biarmicus_MTNR1C_PANBIA_R00544                                      12.72%    passed     74.20%
1247  Pseudopodoces_humilis_MTNR_related_102103764                                 7.86%    passed     90.75%
1248  Pseudopodoces_humilis_MTNR1A_102108252                                       0.29%    passed     32.04%
1249  Pseudopodoces_humilis_MTNR1B_102105967                                       0.78%    passed     10.38%
1250  Struthidea_cinerea_MTNR1C_STRCIN_R11259                                     12.72%    passed     94.14%
1251  Brachypodius_atriceps_MTNR1B_BRAATR_R01452                                   1.07%    passed     46.65%
1252  Brachypodius_atriceps_MTNR1A_BRAATR_R10260                                   0.58%    passed     72.46%
1253  Brachypodius_atriceps_MTNR1C_BRAATR_R11973                                  13.59%    passed     80.47%
1254  Pycnonotus_jocosus_MTNR1A_PYCJOC_R09971                                     16.99%    failed      0.44%
1255  Pycnonotus_jocosus_MTNR1C_PYCJOC_R09091                                     13.01%    passed     30.48%
1256  Pycnonotus_jocosus_MTNR1B_PYCJOC_R13337                                      4.37%    passed      9.73%
1257  Chrysochloris_asiatica_MTNR_unknown_102842662                                0.00%    passed     21.90%
1258  Hipposideros_armiger_MTNR_unknown_109393973                                  1.65%    failed      0.00%
1259  Hipposideros_armiger_MTNR_unknown_109376344                                  0.00%    passed     36.31%
1260  Taphozous_melanopogon_MTNR_unknown_GCA_0445091651g6001t1                     2.14%    failed      0.00%
1261  Taphozous_melanopogon_MTNR_unknown_GCA_0445091651g1382t1                     0.00%    passed     76.41%
1262  Caloenas_nicobarica_MTNR1B_CALNIC_R07478                                     1.07%    passed      8.46%
1263  Caloenas_nicobarica_MTNR1C_CALNIC_R08111                                    13.01%    passed     82.94%
1264  Caloenas_nicobarica_MTNR1A_CALNIC_R09735                                     0.58%    passed     24.79%
1265  Chlamydotis_macqueenii_MTNR1A_104482917                                     15.63%    failed      0.70%
1266  Locustella_ochotensis_MTNR1C_LOCOCH_R11176                                  12.72%    passed     65.16%
1267  Locustella_ochotensis_MTNR1A_LOCOCH_R13823                                   0.58%    passed     38.99%
1268  Locustella_ochotensis_MTNR1B_LOCOCH_R12134                                   1.07%    passed     22.72%
1269  Vidua_macroura_MTNR_related_128814542                                        7.67%    passed     97.08%
1270  Vidua_macroura_MTNR1A_128806330                                              0.29%    passed     15.11%
1271  Vidua_macroura_MTNR1B_128803599                                              0.78%    passed      5.72%
1272  Leptosomus_discolor_MTNR1A_104354493                                        15.63%    failed      0.04%
1273  Leptosomus_discolor_MTNR1B_104341330                                        16.41%    failed      0.00%
1274  Egretta_garzetta_MTNR1A_104129440                                           14.37%    failed      0.03%
1275  Egretta_garzetta_MTNR_related_104124055                                     15.24%    passed     85.76%
1276  Aselliscus_stoliczkanus_MTNR_unknown_GCA_0437278351g12125t1                  1.65%    failed      0.00%
1277  Aselliscus_stoliczkanus_MTNR_unknown_GCA_0437278351g310t1                    0.00%    passed     12.40%
1278  Campylorhamphus_procurvoides_MTNR1B_CAMPRO_R02307                            1.07%    passed     17.56%
1279  Campylorhamphus_procurvoides_MTNR1C_CAMPRO_R08046                           14.56%    passed     45.50%
1280  Campylorhamphus_procurvoides_MTNR1A_CAMPRO_R08611                            0.58%    passed      7.08%
1281  Lynx_pardinus_MTNR_unknown_LYPA_23C003373                                   15.24%    passed     95.71%
1282  Gracilinanus_agilis_MTNR1A_123251107                                         0.29%    failed      2.18%
1283  Gracilinanus_agilis_MTNR1B_123241323                                         1.17%    passed     66.62%
1284  Sturnira_hondurensis_MTNR1A_118992993                                        0.00%    failed      0.01%
1285  Athene_cunicularia_MTNR1A_113479301                                          0.29%    passed      9.90%
1286  Rhinatrema_bivittatum_MTNR1A_115079698                                      11.36%    failed      1.63%
1287  Rhinatrema_bivittatum_MTNR1B_115091496                                       2.23%    passed     10.58%
1288  Rhinatrema_bivittatum_MTNR1A_115083065                                       0.87%    failed      0.00%
1289  Calidris_pugnax_MTNR1B_106897608                                             0.78%    passed     14.36%
1290  Calidris_pugnax_MTNR_related_106895444                                       7.96%    passed     92.48%
1291  Calidris_pugnax_MTNR1A_106889983                                            14.66%    passed     14.26%
1292  Calcarius_ornatus_MTNR1B_CALORN_R13576                                      13.69%    failed      0.03%
1293  Calcarius_ornatus_MTNR1A_CALORN_R10481                                      14.95%    failed      2.13%
1294  Calcarius_ornatus_MTNR1C_CALORN_R07236                                      12.72%    passed     78.15%
1295  Illadopsis_cleaveri_MTNR1B_ILLCLE_R13475                                     4.37%    failed      4.58%
1296  Illadopsis_cleaveri_MTNR1C_ILLCLE_R03869                                    14.85%    passed     75.46%
1297  Illadopsis_cleaveri_MTNR1A_ILLCLE_R09284                                    16.99%    failed      0.08%
1298  Galemys_pyrenaicus_MTNR_unknown_J0S82_007098                                 0.00%    passed     75.84%
1299  Harpia_harpyja_MTNR_related_128153956                                        5.44%    passed     82.13%
1300  Harpia_harpyja_MTNR1B_128153488                                              0.78%    passed     12.90%
1301  Harpia_harpyja_MTNR1A_128138670                                              0.29%    passed      8.93%
1302  Apteryx_mantelli_mantelli_MTNR1A_106483995                                  10.39%    failed      0.00%
1303  Eira_barbara_MTNR_unknown_GCA_0203112751g10871t1                             9.03%    failed      0.00%
1304  Eira_barbara_MTNR_unknown_GCA_0203112751g8055t1                              0.00%    passed     81.05%
1305  Sylvietta_virens_MTNR1C_SYLVIR_R00165                                       12.72%    passed     17.93%
1306  Sylvietta_virens_MTNR1A_SYLVIR_R02146                                        0.58%    passed     18.69%
1307  Hylia_prasina_MTNR1C_HYLPRA_R09038                                          13.01%    passed     70.88%
1308  Hylia_prasina_MTNR1A_HYLPRA_R04713                                          16.99%    failed      0.02%
1309  Perognathus_longimembris_pacificus_MTNR1A_125339639                          0.00%    passed     91.31%
1310  Perognathus_longimembris_pacificus_MTNR1B_125350893                          0.39%    failed      0.00%
1311  Aythya_fuligula_MTNR_related_116494501                                       4.27%    passed     11.46%
1312  Aythya_fuligula_MTNR1A_116489283                                             0.29%    passed     58.98%
1313  Aythya_fuligula_MTNR1B_116502149                                             0.78%    failed      4.31%
1314  Chaetops_frenatus_MTNR1C_CHAFRE_R08627                                      12.72%    passed     93.08%
1315  Chaetops_frenatus_MTNR1B_CHAFRE_R13700                                       1.07%    passed     26.33%
1316  Chaetops_frenatus_MTNR1A_CHAFRE_R08014                                      14.95%    failed      0.01%
1317  Pyrgilauda_ruficollis_MTNR1B_121364207                                       0.78%    passed      5.93%
1318  Pyrgilauda_ruficollis_MTNR_related_121363050                                 7.67%    passed     97.16%
1319  Pyrgilauda_ruficollis_MTNR1A_121360234                                       0.29%    passed     26.12%
1320  Aquila_chrysaetos_chrysaetos_MTNR_related_115333676                          5.15%    passed     92.69%
1321  Aquila_chrysaetos_chrysaetos_MTNR1B_115353560                                0.78%    passed      9.00%
1322  Aquila_chrysaetos_chrysaetos_MTNR1A_115344633                                0.29%    passed      7.85%
1323  Buteo_japonicus_MTNR_related_ENSBJAG000000092791                            12.14%    passed     79.72%
1324  Buteo_japonicus_MTNR1A_MTNR1A                                                5.63%    failed      0.79%
1325  Buteo_japonicus_MTNR_unknown_ENSBJAG000000130331                             5.05%    failed      0.00%
1326  Himantopus_himantopus_MTNR1C_HIMHIM_R08372                                  12.62%    passed     73.47%
1327  Himantopus_himantopus_MTNR1A_HIMHIM_R09432                                  13.01%    failed      0.04%
1328  Himantopus_himantopus_MTNR1B_HIMHIM_R04147                                   1.07%    passed     10.07%
1329  Myotis_davidii_MTNR1B_102751740                                              1.36%    failed      0.00%
1330  Myotis_davidii_MTNR1A_102765699                                             10.00%    failed      0.00%
1331  Chionis_minor_MTNR1B_CHIMIN_R12793                                           1.07%    passed     12.31%
1332  Chionis_minor_MTNR1A_CHIMIN_R03901                                          14.56%    failed      0.17%
1333  Chionis_minor_MTNR1C_CHIMIN_R11172                                          14.27%    passed     58.69%
1334  Rynchops_niger_MTNR1B_RYNNIG_R10871                                          1.07%    passed     12.30%
1335  Rynchops_niger_MTNR1C_RYNNIG_R13984                                         15.05%    passed     27.47%
1336  Rynchops_niger_MTNR1A_RYNNIG_R11941                                         16.70%    failed      0.62%
1337  Pedionomus_torquatus_MTNR1B_PEDTOR_R13227                                    1.07%    passed      6.03%
1338  Pedionomus_torquatus_MTNR1A_PEDTOR_R04494                                   15.24%    passed     34.75%
1339  Pedionomus_torquatus_MTNR1C_PEDTOR_R11479                                   12.62%    passed     36.15%
1340  Nycticryphes_semicollaris_MTNR1B_NYCSEM_R01866                               1.07%    passed     20.57%
1341  Nycticryphes_semicollaris_MTNR1C_NYCSEM_R11072                              12.82%    passed     40.72%
1342  Nycticryphes_semicollaris_MTNR1A_NYCSEM_R10057                              15.24%    passed     14.70%
1343  Pluvianellus_socialis_MTNR1C_PLUSOC_R08321                                  12.82%    passed     73.10%
1344  Pluvianellus_socialis_MTNR1B_PLUSOC_R06962                                  13.59%    failed      0.01%
1345  Pluvianellus_socialis_MTNR1A_PLUSOC_R03973                                  14.56%    failed      0.43%
1346  Ovis_ammon_polii_MTNR_unknown_MG293_019627                                   0.39%    failed      0.00%
1347  Peromyscus_maniculatus_bairdii_MTNR_unknown_102903754                        0.00%    passed     43.20%
1348  Peromyscus_maniculatus_bairdii_MTNR1B_102920355                              0.39%    failed      0.00%
1349  Spea_bombifrons_MTNR_related_128503467                                       2.82%    failed      1.13%
1350  Spea_bombifrons_MTNR1A_128490350                                            13.01%    passed     60.34%
1351  Spea_bombifrons_MTNR1B_128474251                                             2.52%    passed     19.01%
1352  Spea_bombifrons_MTNR1A_128483030                                             1.26%    failed      0.00%
1353  Panthera_leo_x_Panthera_tigris_MTNR_unknown_ENSPLXG000000076061              0.39%    failed      0.00%
1354  Panthera_leo_x_Panthera_tigris_MTNR1A_MTNR1A                                 0.29%    passed     58.28%
1355  Donacobius_atricapilla_MTNR1B_DONATR_R05163                                  5.05%    failed      2.52%
1356  Donacobius_atricapilla_MTNR1A_DONATR_R06966                                 14.95%    failed      1.69%
1357  Donacobius_atricapilla_MTNR1C_DONATR_R03403                                 13.98%    passed     77.12%
1358  Nicator_chloris_MTNR1C_NICCHL_R00529                                        13.69%    passed     90.78%
1359  Nicator_chloris_MTNR1B_NICCHL_R10743                                         1.07%    passed     29.20%
1360  Rhabdornis_inornatus_MTNR1A_RHAINO_R07242                                   16.99%    failed      0.20%
1361  Rhabdornis_inornatus_MTNR1C_RHAINO_R15092                                   13.88%    passed     47.30%
1362  Rhabdornis_inornatus_MTNR1B_RHAINO_R06516                                    1.07%    passed     12.05%
1363  Tichodroma_muraria_MTNR1C_TICMUR_R01090                                     12.72%    passed     73.98%
1364  Sapayoa_aenigma_MTNR1A_SAPAEN_R02554                                         0.58%    failed      3.24%
1365  Sapayoa_aenigma_MTNR1C_SAPAEN_R09291                                        12.14%    passed     40.56%
1366  Sapayoa_aenigma_MTNR1B_SAPAEN_R06463                                         1.07%    failed      3.55%
1367  Serilophus_lunatus_MTNR1C_SERLUN_R01904                                     12.72%    passed     55.51%
1368  Serilophus_lunatus_MTNR1B_SERLUN_R10119                                      1.07%    passed      8.51%
1369  Serilophus_lunatus_MTNR1A_SERLUN_R01045                                      0.58%    failed      4.74%
1370  Burhinus_bistriatus_MTNR1B_BURBIS_R10285                                    16.60%    failed      0.02%
1371  Burhinus_bistriatus_MTNR1A_BURBIS_R08029                                     0.58%    passed     12.86%
1372  Burhinus_bistriatus_MTNR1C_BURBIS_R12300                                    13.20%    passed     75.79%
1373  Pterocles_gutturalis_MTNR1B_104467363                                        1.36%    failed      0.01%
1374  Pterocles_gutturalis_MTNR1C_104462321                                        8.35%    passed     52.12%
1375  Pterocles_gutturalis_MTNR1A_104457594                                       15.63%    failed      0.01%
1376  Rhinoptilus_africanus_MTNR1A_RHIAFR_R00740                                   1.07%    passed     20.70%
1377  Rhinoptilus_africanus_MTNR1B_RHIAFR_R05227                                   0.97%    passed     25.92%
1378  Rhinoptilus_africanus_MTNR1C_RHIAFR_R07720                                  12.91%    passed     39.46%
1379  Tricholaema_leucomelas_MTNR1A_TRILEU_R11371                                  0.58%    passed      7.75%
1380  Tricholaema_leucomelas_MTNR1C_TRILEU_R09004                                 12.72%    passed     84.51%
1381  Tricholaema_leucomelas_MTNR1B_TRILEU_R01050                                  1.07%    passed     58.18%
1382  Dasyornis_broadbenti_MTNR1A_DASBRO_R02815                                   16.99%    failed      0.08%
1383  Dasyornis_broadbenti_MTNR1C_DASBRO_R00032                                   12.72%    passed     74.36%
1384  Dasyornis_broadbenti_MTNR1B_DASBRO_R15008                                    4.37%    passed     12.88%
1385  Hemiprocne_comata_MTNR1A_HEMCOM_R04999                                       6.41%    failed      1.94%
1386  Hemiprocne_comata_MTNR1B_HEMCOM_R00847                                       1.07%    passed      9.22%
1387  Hemiprocne_comata_MTNR1C_HEMCOM_R08937                                      12.91%    passed     78.51%
1388  Larus_smithsonianus_MTNR1A_LARSMI_R11060                                    14.66%    failed      0.68%
1389  Larus_smithsonianus_MTNR1C_LARSMI_R12970                                    13.88%    passed     65.19%
1390  Larus_smithsonianus_MTNR1B_LARSMI_R13890                                    13.59%    failed      0.01%
1391  Lamprotornis_superbus_MTNR_related_IHE44_0013063                             0.29%    failed      3.83%
1392  Buphagus_erythrorhynchus_MTNR1C_BUPERY_R06720                               12.72%    passed     48.07%
1393  Buphagus_erythrorhynchus_MTNR1B_BUPERY_R02506                                1.07%    passed     13.80%
1394  Tupaia_chinensis_MTNR1B_102495117                                            0.39%    failed      0.00%
1395  Hymenochirus_boettgeri_MTNR_related_GDO86_015299                            15.83%    failed      0.00%
1396  Hymenochirus_boettgeri_MTNR_related_GDO86_005179                            13.01%    passed     27.36%
1397  Hymenochirus_boettgeri_MTNR_related_GDO86_004741                            11.84%    failed      0.00%
1398  Pusa_hispida_botnica_MTNR_unknown_GCA_9470448351g7853t1                      0.00%    passed     70.77%
1399  Lophiomys_imhausi_MTNR_unknown_GCA_9071645251g19143t1                        0.39%    failed      0.00%
1400  Lophiomys_imhausi_MTNR_unknown_GCA_9071645251g8429t1                         0.39%    passed     69.29%
1401  Rhynchonycteris_naso_MTNR_unknown_GCA_0310216851g8821t1                      0.00%    passed     34.84%
1402  Rhynchonycteris_naso_MTNR_unknown_GCA_0310216851g974t1                       1.26%    failed      0.00%
1403  Doryrhina_cyclops_MTNR_unknown_GCA_0438802851g5242t1                         1.07%    passed     16.36%
1404  Spizaetus_tyrannus_MTNR1A_SPITYR_R02915                                     14.66%    failed      0.00%
1405  Spizaetus_tyrannus_MTNR1C_SPITYR_R01288                                     12.62%    passed     67.73%
1406  Spizaetus_tyrannus_MTNR1B_SPITYR_R09301                                      1.07%    passed      8.54%
1407  Chaetorhynchus_papuensis_MTNR1C_CHAPAP_R08584                               12.72%    passed     92.99%
1408  Chaetorhynchus_papuensis_MTNR1A_CHAPAP_R06898                                0.58%    passed     36.72%
1409  Chaetorhynchus_papuensis_MTNR1B_CHAPAP_R00712                                1.07%    passed     35.58%
1410  Cnemophilus_loriae_MTNR1A_CNELOR_R09282                                      0.58%    passed     13.85%
1411  Cnemophilus_loriae_MTNR1B_CNELOR_R01660                                      3.79%    passed     26.09%
1412  Cnemophilus_loriae_MTNR1C_CNELOR_R11626                                     15.05%    passed     77.56%
1413  Daphoenositta_chrysoptera_MTNR1A_DAPCHR_R07055                              16.99%    failed      0.36%
1414  Daphoenositta_chrysoptera_MTNR1B_DAPCHR_R13145                              18.16%    failed      0.04%
1415  Daphoenositta_chrysoptera_MTNR1C_DAPCHR_R11008                              14.47%    passed     96.84%
1416  Falcunculus_frontatus_MTNR1C_FALFRO_R03464                                  12.72%    passed     88.59%
1417  Falcunculus_frontatus_MTNR1A_FALFRO_R13996                                  14.95%    failed      0.02%
1418  Falcunculus_frontatus_MTNR1B_FALFRO_R10892                                  13.59%    failed      0.26%
1419  Melanocharis_versteri_MTNR1C_MELVER_R02964                                  13.01%    passed     71.31%
1420  Melanocharis_versteri_MTNR1B_MELVER_R01812                                   5.15%    passed      5.37%
1421  Mionectes_macconnelli_MTNR1B_MIOMAC_R14617                                   1.07%    passed     45.85%
1422  Mionectes_macconnelli_MTNR1C_MIOMAC_R12085                                  12.52%    passed     90.69%
1423  Mionectes_macconnelli_MTNR1A_MIOMAC_R00031                                   0.58%    failed      2.24%
1424  Neodrepanis_coruscans_MTNR1C_NEOCOR_R05594                                  12.52%    passed     56.77%
1425  Pardalotus_punctatus_MTNR1C_PARPUN_R05933                                   12.72%    passed     92.52%
1426  Pardalotus_punctatus_MTNR1A_PARPUN_R10710                                    2.91%    passed     19.02%
1427  Pardalotus_punctatus_MTNR1B_PARPUN_R10382                                    1.07%    passed     26.37%
1428  Promerops_cafer_MTNR1C_PROCAF_R11894                                        12.72%    passed     73.58%
1429  Promerops_cafer_MTNR1B_PROCAF_R02204                                         1.07%    passed     17.92%
1430  Promerops_cafer_MTNR1A_PROCAF_R03374                                         0.58%    passed     20.51%
1431  Otus_sunia_MTNR1B_MTNR1B                                                     0.78%    failed      1.41%
1432  Otus_sunia_MTNR_related_ENSOSUG000000071541                                  9.51%    passed     63.20%
1433  Otus_sunia_MTNR1A_MTNR1A                                                     0.29%    passed      9.54%
1434  Macaca_thibetana_thibetana_MTNR1B_126936291                                  0.97%    failed      0.00%
1435  Macaca_thibetana_thibetana_MTNR1A_126955237                                  0.19%    failed      0.43%
1436  Macaca_thibetana_thibetana_MTNR1B_MTNR1B                                     0.97%    failed      0.00%
1437  Macaca_thibetana_thibetana_MTNR_unknown_ENSMTBG000000158431                  0.19%    failed      0.43%
1438  Aeorestes_cinereus_MTNR_unknown_GCA_0117510654g9593t1                        0.39%    failed      0.00%
1439  Aeorestes_cinereus_MTNR_unknown_GCA_0117510654g2516t1                       15.24%    failed      0.00%
1440  Mops_condylurus_MTNR_unknown_GCA_0437486451g11806t1                          0.39%    failed      0.00%
1441  Mops_condylurus_MTNR_unknown_GCA_0437486451g7902t1                           0.19%    failed      0.01%
1442  Mauremys_reevesii_MTNR_related_120372326                                     3.59%    passed     94.80%
1443  Mauremys_reevesii_MTNR1A_120370596                                           9.71%    failed      0.01%
1444  Mauremys_reevesii_MTNR1B_120390701                                           0.78%    passed     14.10%
1445  Geotrypetes_seraphini_MTNR1B_117362347                                       2.52%    failed      0.58%
1446  Geotrypetes_seraphini_MTNR1A_117360174                                       0.87%    failed      0.01%
1447  Nycticebus_bengalensis_MTNR_unknown_GCA_0238982551g15723t1                   0.39%    failed      0.00%
1448  Nycticebus_bengalensis_MTNR_unknown_GCA_0238982551g441t1                     0.10%    failed      2.72%
1449  Alopecoenas_beccarii_MTNR1B_ALOBEC_R10269                                    1.07%    passed      6.53%
1450  Alopecoenas_beccarii_MTNR1C_ALOBEC_R02399                                   13.01%    passed     78.00%
1451  Alopecoenas_beccarii_MTNR1A_ALOBEC_R04386                                    0.58%    passed     17.14%
1452  Sclerurus_mexicanus_MTNR1B_SCLMEX_R09763                                     3.40%    passed     30.24%
1453  Sclerurus_mexicanus_MTNR1C_SCLMEX_R02034                                    12.82%    passed     56.34%
1454  Sclerurus_mexicanus_MTNR1A_SCLMEX_R01124                                     0.58%    passed      7.91%
1455  Grantiella_picta_MTNR1B_GRAPIC_R06615                                        1.07%    passed     13.80%
1456  Grantiella_picta_MTNR1A_GRAPIC_R13067                                        0.58%    passed     29.38%
1457  Xiphorhynchus_elegans_MTNR1C_XIPELE_R06815                                  12.82%    passed     59.08%
1458  Xiphorhynchus_elegans_MTNR1B_XIPELE_R05194                                   1.07%    passed     18.17%
1459  Xiphorhynchus_elegans_MTNR1A_XIPELE_R04867                                  14.95%    failed      0.00%
1460  Chionomys_nivalis_MTNR_unknown_GCF_9500051251g18453t1                        0.00%    passed     93.44%
1461  Chionomys_nivalis_MTNR_unknown_GCF_9500051251g4688t1                         0.39%    failed      0.10%
1462  Lama_guanicoe_cacsilensis_MTNR_unknown_GCA_0132396251g13171t1                0.29%    passed     13.72%
1463  Lama_guanicoe_cacsilensis_MTNR_unknown_GCA_0132396251g8513t1                 0.39%    failed      0.00%
1464  Vicugna_pacos_huacaya_MTNR1B_MTNR1B                                          0.39%    failed      0.00%
1465  Vicugna_vicugna_mensalis_MTNR_unknown_GCA_0132654951g18832t1                 0.39%    failed      0.00%
1466  Vicugna_vicugna_mensalis_MTNR_unknown_GCA_0132654951g9811t1                  0.29%    passed      9.22%
1467  Antrostomus_carolinensis_MTNR1C_104528590                                   10.68%    passed     59.76%
1468  Antrostomus_carolinensis_MTNR1B_104519303                                   13.88%    failed      0.00%
1469  Antrostomus_carolinensis_MTNR1A_104532917                                   10.97%    failed      0.01%
1470  Oenanthe_oenanthe_MTNR1C_OENOEN_R07097                                      12.72%    passed     31.87%
1471  Oenanthe_oenanthe_MTNR1B_OENOEN_R08455                                       1.07%    passed     15.69%
1472  Oenanthe_oenanthe_MTNR1A_OENOEN_R11052                                       0.58%    passed     47.32%
1473  Gopherus_flavomarginatus_MTNR_related_127056654                              3.88%    passed     92.77%
1474  Gopherus_flavomarginatus_MTNR1A_127055213                                    9.71%    failed      1.06%
1475  Gopherus_flavomarginatus_MTNR1A_127048268                                    0.97%    passed     12.03%
1476  Gopherus_flavomarginatus_MTNR1B_127045711                                    0.78%    passed     13.06%
1477  Canis_lupus_dingo_MTNR1B_112641924                                           2.72%    failed      0.00%
1478  Chroicocephalus_maculipennis_MTNR1C_CHRMAC_R10768                           13.88%    passed     62.26%
1479  Chroicocephalus_maculipennis_MTNR1A_CHRMAC_R00679                           14.66%    failed      0.85%
1480  Chroicocephalus_maculipennis_MTNR1B_CHRMAC_R10564                            1.07%    passed     12.58%
1481  Miniopterus_natalensis_MTNR1B_107532365                                      6.41%    failed      0.00%
1482  Chiroxiphia_lanceolata_MTNR_related_116793909                                8.74%    passed     91.36%
1483  Chiroxiphia_lanceolata_MTNR1A_116786289                                      0.29%    failed      4.00%
1484  Chiroxiphia_lanceolata_MTNR1B_116783329                                      0.78%    passed     12.91%
1485  Bos_taurus_x_Bison_bison_MTNR_unknown_GCA_0182824651g19936t1                 0.39%    failed      0.00%
1486  Bos_taurus_x_Bison_bison_MTNR_unknown_GCA_0182824651g19482t1                 0.00%    passed      6.40%
1487  Phaetusa_simplex_MTNR1A_PHASIM_R09406                                        0.58%    passed     22.21%
1488  Phaetusa_simplex_MTNR1B_PHASIM_R01031                                        1.07%    passed      9.03%
1489  Phaetusa_simplex_MTNR1C_PHASIM_R10231                                       13.88%    passed     63.66%
1490  Setophaga_kirtlandii_MTNR1B_SETKIR_R04101                                    1.07%    passed     23.94%
1491  Setophaga_kirtlandii_MTNR1A_SETKIR_R12418                                    0.58%    passed     44.35%
1492  Setophaga_kirtlandii_MTNR1C_SETKIR_R09028                                   12.72%    passed     93.35%
1493  Lonchura_striata_domestica_MTNR_related_110480066                            8.16%    passed     99.00%
1494  Lonchura_striata_domestica_MTNR1A_110474853                                  0.29%    passed     38.73%
1495  Lonchura_striata_domestica_MTNR1B_110478410                                  0.78%    passed      8.47%
1496  Syrrhaptes_paradoxus_MTNR1B_SYRPAR_R12847                                    1.07%    passed      9.91%
1497  Syrrhaptes_paradoxus_MTNR1C_SYRPAR_R05646                                   12.62%    passed     32.43%
1498  Syrrhaptes_paradoxus_MTNR1A_SYRPAR_R03890                                   14.66%    failed      0.00%
1499  Apteryx_rowi_MTNR1A_112971936                                                0.29%    passed      8.94%
1500  Apteryx_rowi_MTNR1B_112969060                                                2.33%    failed      0.00%
1501  Pygathrix_nigripes_MTNR_unknown_GCA_0237646951g16776t1                       0.97%    failed      0.00%
1502  Pygathrix_nigripes_MTNR_unknown_GCA_0237646951g8901t1                        0.19%    failed      1.59%
1503  Dicerorhinus_sumatrensis_harrissoni_MTNR_unknown_GCA_0141891351g18104t1      0.39%    failed      0.00%
1504  Dicerorhinus_sumatrensis_harrissoni_MTNR_unknown_GCA_0141891351g394t1        0.00%    passed     71.39%
1505  Ceratotherium_simum_cottoni_MTNR1A_MTNR1A                                    0.00%    passed     78.03%
1506  Ceratotherium_simum_cottoni_MTNR1B_MTNR1B                                    0.39%    failed      0.00%
1507  Turdus_rufiventris_MTNR1B_TURU_127601                                        0.29%    passed     44.69%
1508  Turdus_rufiventris_MTNR1C_TURU_102679                                        9.22%    passed     84.41%
1509  Turdus_rufiventris_MTNR1B_TURU_029891                                        0.78%    passed     13.68%
1510  Strix_occidentalis_caurina_GPR50_GPR50                                       3.88%    passed     93.10%
1511  Strix_occidentalis_caurina_MTNR1B_MTNR1B                                     0.78%    failed      1.15%
1512  Strix_occidentalis_caurina_MTNR1A_MTNR1A                                     0.29%    passed      7.60%
1513  Scytalopus_superciliaris_MTNR1C_SCYSUP_R12251                               12.52%    passed     56.75%
1514  Scytalopus_superciliaris_MTNR1A_SCYSUP_R11372                                0.58%    passed      7.66%
1515  Anhinga_rufa_MTNR1B_ANHRUF_R02801                                           13.59%    failed      0.00%
1516  Anhinga_rufa_MTNR1C_ANHRUF_R09109                                           12.62%    passed     52.72%
1517  Circaetus_pectoralis_MTNR1C_CIRPEC_R10086                                   12.62%    passed     80.88%
1518  Circaetus_pectoralis_MTNR1B_CIRPEC_R00790                                    1.07%    passed      5.60%
1519  Circaetus_pectoralis_MTNR1A_CIRPEC_R11891                                   14.66%    failed      0.00%
1520  Lepidothrix_coronata_MTNR1B_108499599                                        0.78%    passed     12.66%
1521  Lepidothrix_coronata_MTNR_related_108498316                                  8.74%    passed     86.87%
1522  Lepidothrix_coronata_MTNR1A_108505925                                        0.29%    failed      2.33%
1523  Ramphastos_sulfuratus_MTNR1C_RAMSUL_R04747                                  12.72%    passed     84.71%
1524  Ramphastos_sulfuratus_MTNR1B_RAMSUL_R01382                                  13.98%    passed     18.14%
1525  Ramphastos_sulfuratus_MTNR1A_RAMSUL_R03249                                   0.58%    passed     25.76%
1526  Eurystomus_gularis_MTNR1B_EURGUL_R14231                                     15.44%    failed      0.00%
1527  Eurystomus_gularis_MTNR1C_EURGUL_R03289                                     15.34%    passed     34.08%
1528  Eurystomus_gularis_MTNR1A_EURGUL_R06961                                     16.70%    failed      0.02%
1529  Macroglossus_sobrinus_MTNR_unknown_GCA_0040273751g4430t1                     0.39%    failed      0.00%
1530  Macroglossus_sobrinus_MTNR_unknown_GCA_0040273751g4227t1                     0.00%    passed     30.12%
1531  Hyla_sarda_MTNR_related_130290769                                            2.82%    failed      0.12%
1532  Hyla_sarda_MTNR1A_130367088                                                 12.82%    passed     29.31%
1533  Hyla_sarda_MTNR1B_130358331                                                 13.69%    passed      7.27%
1534  Hyla_sarda_MTNR1B_130358330                                                  2.04%    passed     30.53%
1535  Hyla_sarda_MTNR1A_130357040                                                  0.97%    failed      0.00%
1536  Manacus_vitellinus_MTNR1A_N305_05822                                         0.29%    failed      2.27%
1537  Manacus_vitellinus_MTNR_related_N305_02823                                  16.60%    failed      0.02%
1538  Manacus_vitellinus_MTNR1C_N305_05451                                        12.82%    passed     86.54%
1539  Hirundo_rustica_rustica_MTNR_related_DUI87_25280                             8.45%    passed     62.08%
1540  Hirundo_rustica_rustica_MTNR_related_DUI87_09124                             6.02%    failed      0.20%
1541  Colobus_angolensis_palliatus_MTNR_related_105518930                          0.97%    failed      0.00%
1542  Sinosuthora_webbiana_MTNR1B_SINWEB_R01568                                   17.38%    failed      0.16%
1543  Sinosuthora_webbiana_MTNR1C_SINWEB_R02263                                   12.82%    passed      8.97%
1544  Sinosuthora_webbiana_MTNR1A_SINWEB_R08708                                    0.58%    passed     19.98%
1545  Emberiza_fucata_MTNR1C_EMBFUC_R02535                                        12.72%    passed     87.63%
1546  Emberiza_fucata_MTNR1A_EMBFUC_R13312                                         0.58%    passed     38.99%
1547  Emberiza_fucata_MTNR1B_EMBFUC_R10148                                         1.07%    passed     19.77%
1548  Halcyon_senegalensis_MTNR1B_HALSEN_R14105                                    1.07%    failed      2.83%
1549  Halcyon_senegalensis_MTNR1C_HALSEN_R03751                                   13.20%    passed     44.31%
1550  Halcyon_senegalensis_MTNR1A_HALSEN_R11990                                   13.79%    failed      0.00%
1551  Falco_biarmicus_MTNR_related_130158748                                       4.17%    passed     93.10%
1552  Falco_biarmicus_MTNR1B_130144704                                             0.78%    failed      2.48%
1553  Falco_cherrug_MTNR_related_102055810                                         4.17%    passed     92.06%
1554  Falco_cherrug_MTNR1B_102058996                                               0.78%    failed      2.60%
1555  Eudyptes_robustus_MTNR_unknown_ENSERBG000000031391                          19.71%    failed      0.00%
1556  Eudyptes_robustus_MTNR1A_MTNR1A                                              0.29%    passed     10.28%
1557  Eudyptes_robustus_GPR50_GPR50                                                4.17%    passed     82.08%
1558  Eudyptula_albosignata_MTNR1A_FQV20_0015541                                  14.66%    failed      0.01%
1559  Eudyptula_albosignata_MTNR_unknown_FQV20_0011079                             1.07%    passed     10.71%
1560  Eudyptula_albosignata_MTNR1C_FQV20_0014117                                  13.11%    passed     83.35%
1561  Podiceps_cristatus_MTNR_related_N338_08079                                  16.60%    failed      0.03%
1562  Podiceps_cristatus_MTNR1C_N338_04062                                        15.05%    passed     55.29%
1563  Podiceps_cristatus_MTNR1A_N338_02819                                        15.83%    failed      0.03%
1564  Onychostruthus_taczanowskii_MTNR1B_121342541                                 0.78%    passed      9.03%
1565  Onychostruthus_taczanowskii_MTNR_related_121331867                           8.16%    passed     97.80%
1566  Onychostruthus_taczanowskii_MTNR1A_121348461                                 0.29%    passed     29.14%
1567  Pteruthius_melanotis_MTNR1B_PTEMEL_R03781                                   13.59%    failed      0.27%
1568  Pteruthius_melanotis_MTNR1A_PTEMEL_R02430                                    0.58%    passed     22.45%
1569  Pteruthius_melanotis_MTNR1C_PTEMEL_R00710                                   13.98%    passed     84.60%
1570  Onychorhynchus_coronatus_MTNR1B_ONYCOR_R11553                                1.07%    passed     17.84%
1571  Onychorhynchus_coronatus_MTNR1C_ONYCOR_R00141                               12.52%    passed     68.54%
1572  Onychorhynchus_coronatus_MTNR1A_ONYCOR_R13797                                0.58%    failed      2.18%
1573  Ia_io_MTNR_unknown_GCA_0255839051g2089t1                                     0.39%    failed      0.00%
1574  Ia_io_MTNR_unknown_GCA_0255839051g13121t1                                    0.39%    failed      0.00%
1575  Smithornis_capensis_MTNR1B_SMICAP_R03568                                     1.07%    passed     10.87%
1576  Smithornis_capensis_MTNR1A_SMICAP_R11826                                     0.58%    passed      8.19%
1577  Smithornis_capensis_MTNR1C_SMICAP_R08790                                    12.72%    passed     76.16%
1578  Zosterops_borbonicus_MTNR_related_HGM15179_012470                            0.78%    passed      6.84%
1579  Zosterops_borbonicus_MTNR_related_HGM15179_009444                           11.65%    passed     54.07%
1580  Zosterops_borbonicus_MTNR_related_HGM15179_003906                            0.29%    passed     28.94%
1581  Notiomystis_cincta_MTNR1A_NOTCIN_R00405                                      1.17%    passed     71.41%
1582  Notiomystis_cincta_MTNR1C_NOTCIN_R00649                                     12.72%    passed     86.55%
1583  Notiomystis_cincta_MTNR1B_NOTCIN_R05581                                     14.76%    failed      2.39%
1584  Pachyramphus_minor_MTNR1A_PACMIN_R10440                                     15.24%    failed      0.00%
1585  Pachyramphus_minor_MTNR1C_PACMIN_R13680                                     12.52%    passed     91.86%
1586  Pheucticus_melanocephalus_MTNR1A_PHEMEL_R08719                               0.58%    passed     43.97%
1587  Pheucticus_melanocephalus_MTNR1C_PHEMEL_R00796                              12.72%    passed     85.48%
1588  Pheucticus_melanocephalus_MTNR1B_PHEMEL_R04285                               1.07%    passed     20.41%
1589  Pitangus_sulphuratus_MTNR1C_BTVI_83250                                      10.10%    passed     87.05%
1590  Pitangus_sulphuratus_MTNR1B_BTVI_42777                                       0.78%    passed     15.69%
1591  Patagioenas_fasciata_monilis_MTNR1A_AV530_017448                             0.29%    passed     18.02%
1592  Patagioenas_fasciata_monilis_MTNR_related_AV530_003811                      11.17%    passed     90.60%
1593  Patagioenas_fasciata_monilis_MTNR1B_AV530_011159                             0.78%    passed      9.03%
1594  Propithecus_coquereli_MTNR1B_105820691                                       0.49%    failed      0.00%
1595  Propithecus_coquereli_MTNR_unknown_105810097                                 0.00%    passed     36.66%
1596  Myiagra_hebetior_MTNR1B_MYIHEB_R02341                                        4.47%    passed     14.90%
1597  Myiagra_hebetior_MTNR1C_MYIHEB_R00567                                       12.72%    passed     83.67%
1598  Myiagra_hebetior_MTNR1A_MYIHEB_R09984                                       16.99%    failed      0.03%
1599  Anser_cygnoides_domesticus_MTNR_unknown_ENSACDG000000102151                  5.24%    passed     66.31%
1600  Anser_cygnoides_domesticus_MTNR_unknown_ENSACDG000000017071                  0.29%    passed     69.67%
1601  Anser_cygnoides_domesticus_MTNR_unknown_ENSACDG000000023661                  2.33%    failed      0.47%
1602  Nesospiza_acunhae_MTNR1C_NESACU_R06799                                      12.72%    passed     88.72%
1603  Nesospiza_acunhae_MTNR1B_NESACU_R05102                                      13.69%    failed      0.02%
1604  Nesospiza_acunhae_MTNR1A_NESACU_R11249                                       0.58%    passed     32.71%
1605  Nyctiprogne_leucopyga_MTNR1A_NYCLEU_R06584                                   0.58%    passed     11.78%
1606  Nyctiprogne_leucopyga_MTNR1C_NYCLEU_R01939                                  12.72%    passed     76.67%
1607  Staurois_parvus_MTNR_unknown_SPARVUS_LOCUS7501427                           17.48%    passed     30.94%
1608  Ceyx_cyanopectus_MTNR1B_CEYCYA_R06739                                       14.47%    failed      0.00%
1609  Ceyx_cyanopectus_MTNR1C_CEYCYA_R03376                                       12.91%    passed     54.38%
1610  Enhydra_lutris_kenyoni_MTNR_unknown_111154372                                2.33%    failed      0.00%
1611  Enhydra_lutris_kenyoni_MTNR_unknown_111144644                                0.00%    passed     60.08%
1612  Manacus_candei_MTNR1A_127472476                                              0.29%    failed      2.27%
1613  Manacus_candei_MTNR1B_127467550                                              0.78%    passed     18.70%
1614  Manacus_candei_MTNR_related_127471073                                        8.74%    passed     91.10%
1615  Manacus_candei_MTNR_related_127471042                                        9.51%    passed     95.16%
1616  Corapipo_altera_MTNR_related_113948083                                       9.61%    passed     97.96%
1617  Corapipo_altera_MTNR1A_113943848                                             0.29%    passed      7.25%
1618  Corapipo_altera_MTNR1B_113950069                                             0.78%    passed     11.67%
1619  Camelus_ferus_MTNR1B_102518364                                               0.39%    failed      0.00%
1620  Sakesphorus_luctuosus_MTNR1C_SAKLUC_R09460                                  14.85%    passed     28.85%
1621  Sakesphorus_luctuosus_MTNR1B_SAKLUC_R08662                                   1.07%    passed     29.93%
1622  Sakesphorus_luctuosus_MTNR1A_SAKLUC_R02498                                   0.58%    passed      5.01%
1623  Ailurus_styani_MTNR_unknown_GCA_0020074651g15377t1                           5.63%    failed      0.00%
1624  Ailurus_styani_MTNR_unknown_GCA_0020074651g14832t1                           0.00%    passed     46.09%
1625  Ibidorhyncha_struthersii_MTNR1A_IBISTR_R07105                               14.66%    failed      0.06%
1626  Ibidorhyncha_struthersii_MTNR1B_IBISTR_R08413                                1.07%    passed      7.57%
1627  Ibidorhyncha_struthersii_MTNR1C_IBISTR_R09485                               12.62%    passed     32.66%
1628  Giraffa_camelopardalis_antiquorum_MTNR_unknown_GCA_0182822351g16480t1        0.39%    failed      0.00%
1629  Giraffa_camelopardalis_antiquorum_MTNR_unknown_GCA_0182822351g4089t1         0.00%    passed     11.33%
1630  Ploceus_nigricollis_MTNR1A_PLONIG_R07902                                    16.99%    failed      0.09%
1631  Ploceus_nigricollis_MTNR1C_PLONIG_R12343                                    12.72%    passed     76.33%
1632  Ploceus_nigricollis_MTNR1B_PLONIG_R02550                                     1.07%    passed      9.09%
1633  Struthio_camelus_australis_MTNR1B_104151773                                  2.14%    failed      0.99%
1634  Struthio_camelus_australis_MTNR1A_104138339                                  6.80%    failed      0.00%
1635  Leptobrachium_leishanense_GPR50_GPR50                                        2.82%    passed      6.74%
1636  Leptobrachium_leishanense_MTNR_related_ENSLLEG000000107301                  13.01%    passed      7.40%
1637  Leptobrachium_leishanense_MTNR1B_MTNR1B                                      7.48%    passed     21.01%
1638  Leptobrachium_leishanense_MTNR1A_MTNR1A                                      8.16%    failed      0.00%
1639  Scaptochirus_moschatus_MTNR_unknown_GCA_0429194651g1747t1                    0.00%    passed     56.50%
1640  Myodes_glareolus_MTNR1A_125413985                                            0.00%    passed     98.31%
1641  Myodes_glareolus_MTNR1B_125400708                                            0.49%    failed      0.03%
1642  Pachycephala_philippinensis_MTNR1B_PACPHI_R09388                             1.07%    passed     33.08%
1643  Pachycephala_philippinensis_MTNR1A_PACPHI_R10631                             0.58%    passed     19.18%
1644  Pachycephala_philippinensis_MTNR1C_PACPHI_R01748                            12.72%    passed     89.06%
1645  Ptilorrhoa_leucosticta_MTNR1C_PTILEU_R13852                                 12.72%    passed     86.11%
1646  Ptilorrhoa_leucosticta_MTNR1B_PTILEU_R09153                                  1.07%    passed     25.92%
1647  Ptilorrhoa_leucosticta_MTNR1A_PTILEU_R03021                                  0.58%    passed     21.09%
1648  Atrichornis_clamosus_MTNR1A_ATRCLA_R12657                                    0.58%    failed      4.03%
1649  Atrichornis_clamosus_MTNR1B_ATRCLA_R00700                                    1.07%    passed     17.05%
1650  Atrichornis_clamosus_MTNR1C_ATRCLA_R09824                                   12.72%    passed     94.67%
1651  Dicrurus_megarhynchus_MTNR1C_DICMEG_R06949                                  13.01%    passed     88.51%
1652  Dicrurus_megarhynchus_MTNR1B_DICMEG_R00486                                   1.94%    passed     42.44%
1653  Neogale_vison_MTNR_unknown_GCA_9641065451g11371t1                            2.33%    failed      0.00%
1654  Neogale_vison_MTNR_unknown_GCA_9641065451g9749t1                             0.00%    passed     77.34%
1655  Neopipo_cinnamomea_MTNR1A_NEOCIN_R10061                                      0.58%    failed      4.30%
1656  Neopipo_cinnamomea_MTNR1B_NEOCIN_R09906                                      1.07%    passed     38.22%
1657  Neopipo_cinnamomea_MTNR1C_NEOCIN_R06502                                     12.52%    passed     85.96%
1658  Crypturellus_soui_MTNR1B_CRYSOU_R04982                                       1.26%    passed     15.97%
1659  Crypturellus_soui_MTNR1C_CRYSOU_R11372                                      12.62%    passed     78.45%
1660  Crypturellus_soui_MTNR1A_CRYSOU_R09254                                       0.58%    passed     28.97%
1661  Dromas_ardeola_MTNR1B_DROARD_R02575                                          1.07%    passed     14.26%
1662  Dromas_ardeola_MTNR1A_DROARD_R01411                                         16.50%    failed      0.25%
1663  Dromas_ardeola_MTNR1C_DROARD_R12477                                         12.62%    passed     54.87%
1664  Urocolius_indicus_MTNR1A_UROIND_R00581                                       0.58%    passed     15.12%
1665  Urocolius_indicus_MTNR1B_UROIND_R08062                                       1.07%    passed     11.09%
1666  Urocolius_indicus_MTNR1C_UROIND_R09066                                      13.40%    passed     66.34%
1667  Euleptes_europaea_MTNR_related_130486334                                     3.69%    passed     53.70%
1668  Euleptes_europaea_MTNR1B_130484977                                           1.26%    failed      2.86%
1669  Euleptes_europaea_MTNR1A_130482364                                           3.11%    passed     76.68%
1670  Aleadryas_rufinucha_MTNR1C_ALERUF_R10562                                    12.72%    passed     90.72%
1671  Aleadryas_rufinucha_MTNR1B_ALERUF_R12557                                     1.07%    passed     40.12%
1672  Aleadryas_rufinucha_MTNR1A_ALERUF_R00514                                     0.58%    passed      9.15%
1673  Eulacestoma_nigropectus_MTNR1A_EULNIG_R02123                                 0.58%    passed     14.84%
1674  Eulacestoma_nigropectus_MTNR1C_EULNIG_R11246                                12.72%    passed     81.89%
1675  Ifrita_kowaldi_MTNR1C_IFRKOW_R09145                                         12.72%    passed     93.84%
1676  Ifrita_kowaldi_MTNR1A_IFRKOW_R05775                                         14.95%    failed      0.01%
1677  Ifrita_kowaldi_MTNR1B_IFRKOW_R00350                                          4.95%    passed      9.47%
1678  Furnarius_figulus_MTNR1A_FURFIG_R08873                                       0.58%    passed      9.54%
1679  Furnarius_figulus_MTNR1B_FURFIG_R04304                                       1.07%    passed     30.51%
1680  Furnarius_figulus_MTNR1C_FURFIG_R12106                                      12.82%    passed     53.04%
1681  Lerista_edwardsae_MTNR_unknown_lerEdw1_010438                                3.69%    failed      0.12%
1682  Lerista_edwardsae_MTNR_unknown_lerEdw1_016153                               10.19%    passed     83.51%
1683  Myiozetetes_cayanensis_MTNR1A_126651733                                      0.29%    passed      5.69%
1684  Myiozetetes_cayanensis_MTNR1B_126649490                                      0.78%    passed     11.07%
1685  Myiozetetes_cayanensis_MTNR_related_126637238                                8.74%    passed     85.78%
1686  Eublepharis_macularius_MTNR_related_129341475                                3.69%    passed     60.71%
1687  Eublepharis_macularius_MTNR1A_129336528                                      1.36%    passed     98.72%
1688  Eublepharis_macularius_MTNR1B_129326075                                      0.87%    passed     24.38%
1689  Galeopterus_variegatus_MTNR1A_103607599                                     10.39%    failed      4.14%
1690  Grammomys_surdaster_MTNR_unknown_GCA_0047857751g15009t1                      0.00%    passed     41.77%
1691  Grammomys_surdaster_MTNR_unknown_GCA_0047857751g2697t1                       0.39%    failed      0.00%
1692  Vulpes_lagopus_MTNR1A_121488943                                              0.00%    passed     75.23%
1693  Tachuris_rubrigastra_MTNR1C_TACRUB_R04889                                   12.52%    passed     72.07%
1694  Tachuris_rubrigastra_MTNR1A_TACRUB_R08137                                    0.58%    passed      5.60%
1695  Tachuris_rubrigastra_MTNR1B_TACRUB_R09013                                    1.07%    passed     21.37%
1696  Ahaetulla_prasina_MTNR1A_131203459                                           0.97%    failed      0.07%
1697  Ahaetulla_prasina_MTNR1B_131199637                                           0.97%    passed     97.33%
1698  Tyto_alba_alba_MTNR1B_MTNR1B                                                 4.47%    passed     95.84%
1699  Tyto_alba_alba_MTNR_unknown_ENSTALG000050043281                             14.17%    failed      0.00%
1700  Tyto_alba_alba_MTNR1B_MTNR1B_2                                               0.78%    passed      7.33%
1701  Indicator_maculatus_MTNR1A_INDMAC_R09138                                     0.58%    passed      8.26%
1702  Indicator_maculatus_MTNR1B_INDMAC_R06052                                     1.07%    passed     15.44%
1703  Indicator_maculatus_MTNR1C_INDMAC_R13328                                    12.91%    passed     93.76%
1704  Vulpes_ferrilata_MTNR_unknown_GCA_0245004851g2616t1                          0.00%    passed     75.23%
1705  Peromyscus_californicus_insignis_MTNR1A_128119393                            0.00%    passed     26.17%
1706  Peromyscus_californicus_insignis_MTNR1B_128119602                            0.39%    failed      0.00%
1707  Urocynchramus_pylzowi_MTNR1C_UROPYL_R08952                                  12.72%    passed     82.40%
1708  Urocynchramus_pylzowi_MTNR1A_UROPYL_R12021                                  16.99%    failed      0.42%
1709  Hippopotamus_amphibius_kiboko_MTNR1A_130830309                               0.19%    passed     84.82%
1710  Hippopotamus_amphibius_kiboko_MTNR1B_130829040                               3.50%    failed      0.00%
1711  Hypocryptadius_cinnamomeus_MTNR1B_HYPCIN_R00576                              1.07%    passed      8.40%
1712  Hypocryptadius_cinnamomeus_MTNR1C_HYPCIN_R05032                             15.05%    passed     91.71%
1713  Piliocolobus_tephrosceles_MTNR_unknown_GCA_0027765255g12790t1                0.97%    failed      0.00%
1714  Piliocolobus_tephrosceles_MTNR_unknown_GCA_0027765255g3118t1                 0.19%    failed      1.95%
1715  Hoolock_leuconedys_MTNR_unknown_GCA_0237481751g19109t1                       2.43%    failed      0.00%
1716  Hoolock_leuconedys_MTNR_unknown_GCA_0237481751g15108t1                       0.19%    failed      1.01%
1717  Cercotrichas_coryphoeus_MTNR1B_CERCOR_R08584                                 1.07%    passed      9.14%
1718  Cercotrichas_coryphoeus_MTNR1C_CERCOR_R05555                                12.72%    passed     33.93%
1719  Cercotrichas_coryphoeus_MTNR1A_CERCOR_R01402                                14.95%    failed      1.44%
1720  Drymodes_brunneopygia_MTNR1C_DRYBRU_R08824                                  12.72%    passed     83.44%
1721  Drymodes_brunneopygia_MTNR1B_DRYBRU_R05518                                   6.31%    failed      3.92%
1722  Drymodes_brunneopygia_MTNR1A_DRYBRU_R12363                                  14.95%    failed      0.06%
1723  Pipra_filicauda_MTNR_related_113985600                                       8.74%    passed     95.21%
1724  Pipra_filicauda_MTNR1B_114003560                                             0.78%    passed     14.16%
1725  Chloropsis_hardwickii_MTNR1C_CHLHAR_R08029                                  12.72%    passed     85.75%
1726  Chloropsis_hardwickii_MTNR1A_CHLHAR_R13430                                   0.58%    passed     17.21%
1727  Chloropsis_hardwickii_MTNR1B_CHLHAR_R10914                                   1.07%    passed     22.61%
1728  Dicaeum_eximium_MTNR1C_DICEXI_R04528                                        12.43%    passed     85.94%
1729  Dicaeum_eximium_MTNR1A_DICEXI_R00335                                         0.58%    passed     47.86%
1730  Dicaeum_eximium_MTNR1B_DICEXI_R12296                                         1.07%    passed     29.84%
1731  Rhipidura_dahli_MTNR1A_RHIDAH_R13056                                        16.99%    failed      1.05%
1732  Rhipidura_dahli_MTNR1C_RHIDAH_R12436                                        12.72%    passed     87.78%
1733  Alaudala_cheleensis_MTNR1B_ALACHE_R03865                                     1.07%    passed     37.70%
1734  Alaudala_cheleensis_MTNR1A_ALACHE_R09394                                    14.95%    failed      0.61%
1735  Alaudala_cheleensis_MTNR1C_ALACHE_R07321                                    12.91%    failed      1.42%
1736  Prunella_fulvescens_MTNR1C_PRUFUL_R04394                                    12.72%    passed     79.35%
1737  Prunella_fulvescens_MTNR1A_PRUFUL_R13910                                    14.95%    failed      0.43%
1738  Prunella_fulvescens_MTNR1B_PRUFUL_R06059                                     3.69%    passed      9.23%
1739  Prunella_himalayana_MTNR1A_PRUHIM_R04059                                     0.58%    passed     52.06%
1740  Prunella_himalayana_MTNR1C_PRUHIM_R03034                                    12.72%    passed     90.54%
1741  Prunella_himalayana_MTNR1B_PRUHIM_R09060                                     1.07%    passed     19.86%
1742  Oreotrochilus_melanogaster_MTNR1C_OREMEL_R08458                             15.34%    passed     53.02%
1743  Oreotrochilus_melanogaster_MTNR1B_OREMEL_R12895                             15.44%    failed      0.01%
1744  Oreotrochilus_melanogaster_MTNR1A_OREMEL_R02473                             16.70%    failed      0.04%
1745  Malurus_elegans_MTNR1B_MALELE_R02379                                         1.07%    passed     17.80%
1746  Malurus_elegans_MTNR1C_MALELE_R01508                                        13.01%    passed     90.21%
1747  Malurus_elegans_MTNR1A_MALELE_R05006                                         0.58%    passed     41.82%
1748  Origma_solitaria_MTNR1B_ORISOL_R10255                                        1.07%    passed     20.41%
1749  Origma_solitaria_MTNR1A_ORISOL_R09299                                       14.95%    failed      0.05%
1750  Origma_solitaria_MTNR1C_ORISOL_R00796                                       12.72%    passed     88.85%
1751  Copsychus_sechellarum_MTNR1A_COPSEC_R03850                                   0.58%    passed     74.33%
1752  Copsychus_sechellarum_MTNR1B_COPSEC_R10383                                   1.07%    passed     11.92%
1753  Copsychus_sechellarum_MTNR1C_COPSEC_R03756                                  12.72%    passed     35.53%
1754  Eulemur_rufifrons_MTNR_unknown_GCF_0411463951g14284t1                        0.00%    failed      3.05%
1755  Eulemur_rufifrons_MTNR_unknown_GCF_0411463951g4322t1                         3.69%    failed      0.00%
1756  Mohoua_ochrocephala_MTNR1B_MOHOCH_R13693                                     4.37%    passed     27.56%
1757  Mohoua_ochrocephala_MTNR1A_MOHOCH_R12459                                     0.58%    passed     19.54%
1758  Mohoua_ochrocephala_MTNR1C_MOHOCH_R08330                                    13.59%    passed     93.64%
1759  Bettongia_penicillata_ogilbyi_MTNR_unknown_GCA_0235481951g125t1              0.29%    failed      0.52%
1760  Bettongia_penicillata_ogilbyi_MTNR_unknown_GCA_0235481951g15780t1            1.65%    passed     73.54%
1761  Hemicordylus_capensis_MTNR_related_128335392                                 3.69%    failed      0.01%
1762  Hemicordylus_capensis_MTNR1A_128328134                                       1.36%    passed     10.19%
1763  Hemicordylus_capensis_MTNR1B_128350275                                       0.78%    passed     87.87%
1764  Hemicordylus_capensis_MTNR1A_128346952                                      11.07%    passed     38.74%
1765  Fukomys_damarensis_MTNR_unknown_104859248                                    0.00%    passed      8.09%
1766  Fukomys_damarensis_MTNR1B_104868770                                          9.32%    failed      0.25%
1767  Odontophorus_gujanensis_MTNR1B_ODOGUJ_R01019                                 1.07%    failed      4.72%
1768  Odontophorus_gujanensis_MTNR1A_ODOGUJ_R06493                                 0.58%    passed      6.36%
1769  Odontophorus_gujanensis_MTNR1C_ODOGUJ_R11098                                13.11%    passed     90.53%
1770  Pomatorhinus_ruficollis_MTNR1C_PORRUF_R03884                                12.91%    passed     46.15%
1771  Pomatorhinus_ruficollis_MTNR1B_PORRUF_R09328                                 1.07%    passed     19.24%
1772  Pomatorhinus_ruficollis_MTNR1A_PORRUF_R11213                                 0.58%    passed     55.12%
1773  Corvus_cornix_cornix_MTNR_related_104691754                                  8.16%    passed     72.68%
1774  Corvus_cornix_cornix_MTNR1A_104690858                                        0.29%    passed     10.28%
1775  Corvus_cornix_cornix_MTNR1B_104690350                                        0.78%    passed     21.53%
1776  Sphaerodactylus_townsendi_MTNR_related_125442819                             3.69%    passed     81.91%
1777  Sphaerodactylus_townsendi_MTNR1A_125429153                                  10.00%    passed     54.03%
1778  Oreocharis_arfaki_MTNR1C_OREARF_R02050                                      12.72%    passed     85.13%
1779  Oreocharis_arfaki_MTNR1B_OREARF_R06727                                       1.07%    passed     43.37%
1780  Indicator_indicator_MTNR_related_128972523                                  11.75%    passed     99.26%
1781  Indicator_indicator_MTNR1A_128968500                                         0.29%    passed      8.38%
1782  Indicator_indicator_MTNR1B_128968066                                         0.78%    passed      6.48%
1783  Nannospalax_galili_MTNR_unknown_103750495                                    0.00%    passed     76.44%
1784  Arvicola_amphibius_MTNR1A_119813720                                          0.00%    passed     97.74%
1785  Arvicola_amphibius_MTNR1B_119809269                                          1.46%    failed      0.01%
1786  Rusa_alfredi_MTNR_unknown_GCA_0385014451g19219t1                             0.00%    failed      0.92%
1787  Rusa_alfredi_MTNR_unknown_GCA_0385014451g1477t1                              0.39%    failed      0.00%
1788  Motacilla_alba_alba_MTNR1A_119700808                                         0.29%    passed     38.24%
1789  Motacilla_alba_alba_MTNR1B_119706779                                         0.78%    passed      9.63%
1790  Galbula_dea_MTNR1B_GALDEA_R09863                                             1.36%    passed     81.66%
1791  Galbula_dea_MTNR1A_GALDEA_R11050                                             0.58%    passed      6.57%
1792  Galbula_dea_MTNR1C_GALDEA_R01995                                            12.91%    passed     26.02%
1793  Erpornis_zantholeuca_MTNR1B_ERPZAN_R03896                                    4.37%    passed     21.03%
1794  Erpornis_zantholeuca_MTNR1C_ERPZAN_R11354                                   13.01%    passed     86.87%
1795  Centropus_unirufus_MTNR1C_CENUNI_R10180                                     12.91%    passed     39.60%
1796  Centropus_unirufus_MTNR1A_CENUNI_R10369                                      0.58%    passed     10.28%
1797  Centropus_unirufus_MTNR1B_CENUNI_R03451                                      1.07%    passed     18.04%
1798  Ciccaba_nigrolineata_MTNR1A_CICNIG_R06731                                    0.58%    passed     10.28%
1799  Ciccaba_nigrolineata_MTNR1C_CICNIG_R09197                                   12.82%    passed     67.60%
1800  Ciccaba_nigrolineata_MTNR1B_CICNIG_R10005                                    2.04%    failed      1.80%
1801  Formicarius_rufipectus_MTNR1A_FORRUF_R02477                                  0.58%    passed      9.44%
1802  Formicarius_rufipectus_MTNR1B_FORRUF_R09870                                  1.07%    passed     15.19%
1803  Mesembrinibis_cayennensis_MTNR1A_MESCAY_R08679                              14.66%    failed      0.00%
1804  Mesembrinibis_cayennensis_MTNR1C_MESCAY_R07265                              12.62%    passed     71.20%
1805  Penelope_pileata_MTNR1B_PENPIL_R12386                                        4.37%    failed      3.95%
1806  Penelope_pileata_MTNR1A_PENPIL_R05623                                        0.58%    passed     31.32%
1807  Penelope_pileata_MTNR1C_PENPIL_R10490                                       13.11%    passed     90.51%
1808  Platysteira_castanea_MTNR1B_DYACAS_R08704                                    8.83%    failed      0.28%
1809  Platysteira_castanea_MTNR1A_DYACAS_R04355                                   16.99%    failed      0.07%
1810  Platysteira_castanea_MTNR1C_DYACAS_R11541                                   12.72%    passed     80.58%
1811  Machaerirhynchus_nigripectus_MTNR1C_MACNIG_R09389                           12.72%    passed     85.71%
1812  Machaerirhynchus_nigripectus_MTNR1B_MACNIG_R11425                            1.07%    passed     29.94%
1813  Machaerirhynchus_nigripectus_MTNR1A_MACNIG_R02584                            0.58%    passed     15.71%
1814  Corvus_moneduloides_MTNR_related_116450940                                   8.16%    passed     78.56%
1815  Corvus_moneduloides_MTNR1A_116444396                                         0.29%    passed     11.98%
1816  Corvus_moneduloides_MTNR1B_116439512                                         0.78%    passed     28.38%
1817  Rhynchomys_soricoides_MTNR_unknown_GCA_0198439651g2640t1                     5.24%    failed      0.33%
1818  Chloropsis_cyanopogon_MTNR1B_CHLCYA_R00847                                   5.05%    failed      2.06%
1819  Chloropsis_cyanopogon_MTNR1C_CHLCYA_R07259                                  12.72%    passed     83.67%
1820  Orycteropus_afer_afer_MTNR_unknown_103203396                                 0.00%    passed     11.32%
1821  Cairina_moschata_domestica_GPR50_GPR50                                       4.27%    passed     14.72%
1822  Cairina_moschata_domestica_MTNR1A_MTNR1A                                     0.29%    passed     67.99%
1823  Cairina_moschata_domestica_MTNR1B_MTNR1B                                     0.78%    failed      1.90%
1824  Calonectris_borealis_MTNR1C_CALBOR_R12984                                   12.62%    passed     81.57%
1825  Calonectris_borealis_MTNR1A_CALBOR_R02627                                   14.66%    failed      0.00%
1826  Calonectris_borealis_MTNR1B_CALBOR_R06471                                    1.07%    passed      5.35%
1827  Prolemur_simus_MTNR_unknown_GCA_0032586851g7049t1                            0.00%    passed     16.00%
1828  Callaeas_wilsoni_MTNR1B_CALWIL_R03285                                        1.07%    passed     14.13%
1829  Callaeas_wilsoni_MTNR1A_CALWIL_R00572                                        0.58%    passed     23.29%
1830  Callaeas_wilsoni_MTNR1C_CALWIL_R07018                                       12.72%    passed     93.51%
1831  Chunga_burmeisteri_MTNR1B_CHUBUR_R03551                                      1.07%    passed      6.09%
1832  Chunga_burmeisteri_MTNR1A_CHUBUR_R07222                                      0.58%    passed      7.95%
1833  Chunga_burmeisteri_MTNR1C_CHUBUR_R11754                                     12.62%    passed     49.14%
1834  Microcaecilia_unicolor_MTNR1B_115468227                                      2.04%    failed      0.09%
1835  Microcaecilia_unicolor_MTNR1A_115462196                                      0.87%    failed      0.01%
1836  Eudyptes_filholi_MTNR1A_MTNR1A                                               8.35%    passed     80.92%
1837  Eudyptes_filholi_MTNR1B_MTNR1B                                               0.78%    passed      8.23%
1838  Eudyptes_filholi_MTNR1A_MTNR1A_2                                             0.29%    passed     10.28%
1839  Centropus_bengalensis_MTNR1C_CENBEN_R13935                                  14.66%    passed     56.15%
1840  Centropus_bengalensis_MTNR1B_CENBEN_R00213                                   1.17%    passed     15.38%
1841  Centropus_bengalensis_MTNR1A_CENBEN_R05778                                   0.58%    passed     21.22%
1842  Elachura_formosa_MTNR1C_ELAFOR_R12574                                       12.72%    passed     25.55%
1843  Elachura_formosa_MTNR1A_ELAFOR_R12638                                        0.58%    passed     24.16%
1844  Elachura_formosa_MTNR1B_ELAFOR_R06954                                        1.07%    passed     20.96%
1845  Willisornis_vidua_MTNR1A_WISP_141790                                         0.00%    failed      0.01%
1846  Willisornis_vidua_MTNR1B_WISP_01921                                          3.20%    failed      0.05%
1847  Cervus_canadensis_MTNR1B_122431260                                           0.39%    failed      0.00%
1848  Puma_yagouaroundi_MTNR_unknown_GCF_0148987651g7580t1                         0.00%    passed     38.35%
1849  Puma_yagouaroundi_MTNR_unknown_GCF_0148987651g7490t1                         1.65%    failed      0.00%
1850  Limosa_lapponica_baueri_MTNR1B_llap_19763                                   13.50%    failed      0.01%
1851  Limosa_lapponica_baueri_MTNR1A_llap_17763                                   13.11%    passed      5.06%
1852  Limosa_lapponica_baueri_MTNR_related_llap_11843                             12.52%    passed     36.53%
1853  Gopherus_evgoodei_MTNR_related_115657967                                     3.88%    passed     93.49%
1854  Gopherus_evgoodei_MTNR1A_115656752                                           9.71%    failed      0.90%
1855  Gopherus_evgoodei_MTNR1A_115652153                                           0.97%    passed     10.94%
1856  Gopherus_evgoodei_MTNR1B_115645789                                           1.07%    passed      6.16%
1857  Gopherus_evgoodei_GPR50_GPR50                                                3.88%    passed     93.49%
1858  Gopherus_evgoodei_MTNR1A_MTNR1A                                              4.95%    failed      3.25%
1859  Gopherus_evgoodei_MTNR1A_MTNR1A_2                                            0.97%    passed     10.94%
1860  Gopherus_evgoodei_MTNR1B_MTNR1B                                              1.07%    passed      6.16%
1861  Carlito_syrichta_MTNR_unknown_103252159                                     11.26%    failed      0.00%
1862  Pteronotus_parnellii_mesoamericanus_MTNR1A_129064698                         0.00%    failed      3.43%
1863  Ceuthmochares_aereus_MTNR1C_CEUAER_R02637                                   12.62%    passed     34.56%
1864  Ceuthmochares_aereus_MTNR1B_CEUAER_R00500                                    1.17%    passed     17.19%
1865  Nothocercus_nigrocapillus_MTNR1C_NOTNIG_R10004                              12.62%    passed     48.94%
1866  Nothocercus_nigrocapillus_MTNR1A_NOTNIG_R08744                               0.58%    passed     19.76%
1867  Eudyptula_novaehollandiae_MTNR1A_FQV18_0003129                              14.66%    failed      0.00%
1868  Eudyptula_novaehollandiae_MTNR1C_FQV18_0013487                              13.11%    passed     83.35%
1869  Eudyptula_novaehollandiae_MTNR_related_FQV18_0008871                         1.07%    passed      9.26%
1870  Eudyptula_novaehollandiae_MTNR1A_FQV18_0003372                              14.66%    failed      0.00%
1871  Alexandromys_oeconomus_MTNR_unknown_GCA_9639197051g18623t1                   0.39%    failed      0.01%
1872  Alexandromys_oeconomus_MTNR_unknown_GCA_9639197051g2740t1                    0.00%    passed     95.87%
1873  Atlantisia_rogersi_MTNR1A_ATLROG_R10497                                     14.66%    failed      0.01%
1874  Atlantisia_rogersi_MTNR1B_ATLROG_R05284                                     14.17%    failed      0.01%
1875  Atlantisia_rogersi_MTNR1C_ATLROG_R13271                                     12.62%    passed     65.08%
1876  Zosterops_hypoxanthus_MTNR1B_ZOSHYP_R10026                                  16.21%    failed      0.01%
1877  Zosterops_hypoxanthus_MTNR1A_ZOSHYP_R12568                                   0.58%    passed     27.54%
1878  Zosterops_hypoxanthus_MTNR1C_ZOSHYP_R11793                                  15.05%    passed     66.83%
1879  Strigops_habroptila_MTNR1A_115610905                                         0.29%    failed      3.27%
1880  Strigops_habroptila_MTNR1B_115604221                                         0.78%    passed      6.91%
1881  Eudyptes_moseleyi_MTNR1B_MTNR1B                                              0.78%    passed      8.23%
1882  Eudyptes_moseleyi_MTNR1A_MTNR1A                                              0.29%    passed     11.03%
1883  Eudyptes_moseleyi_GPR50_GPR50                                                4.17%    passed     77.01%
1884  Melospiza_melodia_maxima_MTNR_unknown_EK904_008976                          15.15%    passed     94.71%
1885  Melospiza_melodia_maxima_MTNR_unknown_EK904_014894                           0.78%    passed     20.83%
1886  Melospiza_melodia_maxima_MTNR_unknown_EK904_008557                          14.95%    passed      9.96%
1887  Megadyptes_antipodes_antipodes_MTNR1A_FQV17_0003938                         14.66%    failed      0.00%
1888  Megadyptes_antipodes_antipodes_MTNR1C_FQV17_0013555                         12.62%    passed     65.04%
1889  Megadyptes_antipodes_antipodes_MTNR_unknown_FQV17_0005510                    1.07%    passed     10.82%
1890  Turnix_velox_MTNR1A_TURVEL_R06354                                           13.50%    passed     20.43%
1891  Turnix_velox_MTNR1B_TURVEL_R08681                                            1.07%    passed     15.97%
1892  Turnix_velox_MTNR1C_TURVEL_R05237                                           12.62%    passed     53.91%
1893  Edolisoma_coerulescens_MTNR1A_EDOCOE_R12241                                 14.95%    failed      0.05%
1894  Edolisoma_coerulescens_MTNR1C_EDOCOE_R01170                                 13.30%    passed     79.90%
1895  Edolisoma_coerulescens_MTNR1B_EDOCOE_R13482                                  1.07%    passed     37.19%
1896  Horornis_vulcanius_MTNR1C_HORVUL_R07519                                     12.72%    passed     45.81%
1897  Horornis_vulcanius_MTNR1B_HORVUL_R09800                                     13.59%    failed      0.03%
1898  Leptocoma_aspasia_MTNR1C_LEPASP_R08054                                      15.34%    passed     92.41%
1899  Leptocoma_aspasia_MTNR1B_LEPASP_R11482                                       1.07%    passed     15.74%
1900  Leptocoma_aspasia_MTNR1A_LEPASP_R04045                                      15.53%    failed      0.07%
1901  Nothocercus_julius_MTNR1C_NOTJUL_R01539                                     12.62%    passed     61.15%
1902  Nothocercus_julius_MTNR1B_NOTJUL_R00765                                     13.79%    failed      0.01%
1903  Nothocercus_julius_MTNR1A_NOTJUL_R04464                                      0.58%    passed     11.73%
1904  Nothoprocta_pentlandii_MTNR1B_NOTPEN_R01114                                  1.26%    passed     11.80%
1905  Nothoprocta_pentlandii_MTNR1C_NOTPEN_R03154                                 13.50%    passed     74.20%
1906  Nothoprocta_pentlandii_MTNR1A_NOTPEN_R04463                                  0.58%    passed     46.50%
1907  Psilopogon_haemacephalus_MTNR1A_PSIHAE_R02269                                0.58%    passed      7.49%
1908  Psilopogon_haemacephalus_MTNR1C_PSIHAE_R06903                               12.62%    passed     41.25%
1909  Psilopogon_haemacephalus_MTNR1B_PSIHAE_R11127                                1.07%    passed     27.04%
1910  Pterocles_burchelli_MTNR1A_PTEBUR_R09896                                     0.58%    passed     10.34%
1911  Pterocles_burchelli_MTNR1B_PTEBUR_R04836                                     1.07%    passed      5.42%
1912  Pterocles_burchelli_MTNR1C_PTEBUR_R01735                                    12.62%    passed     53.11%
1913  Rhadina_sibilatrix_MTNR1C_RHASIB_R03396                                     12.72%    passed     35.59%
1914  Rhadina_sibilatrix_MTNR1B_RHASIB_R02241                                      1.07%    passed     20.80%
1915  Rhadina_sibilatrix_MTNR1A_RHASIB_R02164                                     16.99%    failed      0.02%
1916  Sterrhoptilus_dennistouni_MTNR1A_STEDEN_R13400                              15.53%    failed      0.15%
1917  Sterrhoptilus_dennistouni_MTNR1C_STEDEN_R10291                              13.01%    passed     67.24%
1918  Sterrhoptilus_dennistouni_MTNR1B_STEDEN_R13217                               6.31%    failed      0.38%
1919  Zapornia_atra_MTNR1B_ZAPATR_R09377                                          15.44%    failed      0.00%
1920  Zapornia_atra_MTNR1A_ZAPATR_R06890                                          16.70%    failed      0.07%
1921  Zapornia_atra_MTNR1C_ZAPATR_R04509                                          12.91%    passed     69.82%
1922  Terrapene_carolina_triunguis_MTNR1A_112118653                                9.71%    failed      0.13%
1923  Terrapene_carolina_triunguis_MTNR_related_112113737                          3.59%    passed     90.56%
1924  Terrapene_carolina_triunguis_MTNR1B_112104539                                0.78%    passed     10.05%
1925  Terrapene_carolina_triunguis_MTNR1A_112108958                                0.97%    passed     11.48%
1926  Malurus_cyaneus_samueli_MTNR1A_MTNR1A                                       10.00%    passed     75.40%
1927  Malurus_cyaneus_samueli_MTNR1A_MTNR1A_2                                      0.29%    passed     42.12%
1928  Malurus_cyaneus_samueli_MTNR1B_MTNR1B                                        0.78%    passed     15.63%
1929  Neodon_shergylaensis_MTNR_unknown_GCA_0251348451g11754t1                     0.00%    passed     96.75%
1930  Neodon_shergylaensis_MTNR_unknown_GCA_0251348451g9658t1                      0.39%    failed      0.00%
1931  Cebus_imitator_MTNR_related_108294805                                        0.19%    failed      0.00%
1932  Felis_catus_x_Prionailurus_bengalensis_MTNR1B_MTNR1B                         0.39%    failed      0.00%
1933  Felis_catus_x_Prionailurus_bengalensis_MTNR1A_MTNR1A                         0.00%    passed     33.81%
1934  Otocyon_megalotis_megalotis_MTNR_unknown_GCA_0173114551g16596t1              0.00%    passed     74.54%
1935  Otocyon_megalotis_megalotis_MTNR_unknown_GCA_0173114551g4536t1              31.55%    failed      0.01%
1936  Proteles_cristata_cristata_MTNR_unknown_GCA_0173111851g15535t1               0.00%    passed     66.45%
1937  Proteles_cristata_cristata_MTNR_unknown_GCA_0173111851g9107t1                0.97%    failed      0.00%
1938  Felis_catus_x_Leopardus_geoffroyi_MTNR1B_MTNR1B                              8.74%    failed      0.00%
1939  Felis_catus_x_Leopardus_geoffroyi_MTNR1A_MTNR1A                              0.00%    passed     39.02%
1940  Phyllotis_vaccarum_MTNR_unknown_GCA_0333182651g3050t1                        0.00%    passed     17.28%
1941  Ammospiza_nelsoni_MTNR_related_132080201                                     8.64%    passed     73.08%
1942  Ammospiza_nelsoni_MTNR1A_132072406                                           0.29%    passed     36.21%
1943  Ammospiza_nelsoni_MTNR1B_132069773                                           0.78%    passed     17.32%
1944  Ammospiza_caudacuta_MTNR1A_131556942                                         0.29%    passed     36.21%
1945  Ammospiza_caudacuta_MTNR1B_131554448                                         0.78%    passed     17.32%
1946  Ovis_ammon_polii_x_Ovis_aries_MTNR_unknown_MJG53_016602                      0.39%    failed      0.00%
1947  Oenanthe_melanoleuca_MTNR_related_130253191                                  7.86%    passed     81.83%
1948  Oenanthe_melanoleuca_MTNR1A_130252324                                        0.29%    passed     41.90%
1949  Oenanthe_melanoleuca_MTNR1B_130258835                                        0.78%    passed     13.80%
1950  Malaclemys_terrapin_pileata_MTNR_related_128843364                           3.59%    passed     84.78%
1951  Malaclemys_terrapin_pileata_MTNR1A_128842270                                 9.71%    failed      0.06%
1952  Malaclemys_terrapin_pileata_MTNR1A_128837651                                 0.97%    passed      5.80%
1953  Malaclemys_terrapin_pileata_MTNR1B_128830037                                 0.78%    passed      5.46%
1954  Glossophaga_mutica_MTNR_unknown_GCA_0396550651g11695t1                       0.00%    failed      1.40%
1955  Reithrodontomys_megalotis_longicaudus_MTNR_unknown_GCA_0438829651g7844t1     0.39%    failed      0.00%
1956  Reithrodontomys_megalotis_longicaudus_MTNR_unknown_GCA_0438829651g22408t1    0.10%    passed     65.47%
1957  Rangifer_tarandus_platyrhynchus_MTNR_related_GCA_9497829051g20183t1          0.00%    failed      2.75%
1958  Rangifer_tarandus_platyrhynchus_MTNR_unknown_GCA_9497829051g17638t1          0.39%    failed      0.00%
1959  Bubalus_kerabau_MTNR1B_129653860                                             0.39%    failed      0.00%
1960  Neophocaena_sunameri_MTNR_unknown_GCA_0262258551g7792t1                      6.21%    failed      0.00%
1961  Cnephaeus_nilssonii_MTNR_unknown_GCA_9516403551g12887t1                      0.39%    failed      0.00%
1962  Cnephaeus_nilssonii_MTNR_unknown_GCA_9516403551g8363t1                       0.39%    failed      0.00%
1963  Outgroup_Bos_taurus_Opsin_RHO_NM001014890                                   14.17%    failed      0.00%
1964  Outgroup_Felis_catus_Opsin_RHO_NM001009242                                  14.17%    failed      0.01%
1965  Outgroup_Equus_caballus_Opsin_RHO_XM023619934                               14.17%    failed      0.00%
1966  Outgroup_Sus_scrofa_Opsin_RHO_NM214221                                      14.17%    failed      0.00%
1967  Outgroup_Ovis_aries_Opsin_RHO_XM004018534                                   14.17%    failed      0.00%
1968  Outgroup_Macaca_mulatta_Opsin_RHO_XM001094250                               14.17%    failed      0.00%
1969  Outgroup_Pan_troglodytes_Opsin_RHO_XM063807120                              14.17%    failed      0.00%
1970  Outgroup_Tursiops_truncatus_Opsin_RHO_NM001280659                           14.17%    failed      0.00%
1971  Outgroup_Myotis_lucifugus_Opsin_RHO_XM006083811                             14.17%    failed      0.00%
1972  Outgroup_Monodelphis_domestica_Opsin_RHO_XM056804690                        13.88%    passed     15.80%
1973  Outgroup_Ornithorhynchus_anatinus_Opsin_RHO_NM001127627                     14.17%    failed      0.60%
1974  Outgroup_Loxodonta_africana_Opsin_RHO_NM001280858                           14.17%    failed      0.00%
1975  Outgroup_Dasypus_novemcinctus_Opsin_RHO_XM004477246                         14.17%    failed      0.00%
1976  Outgroup_Rattus_norvegicus_Opsin_RHO_NM033441                               14.17%    failed      0.02%
1977  Outgroup_Pteropus_alecto_Opsin_RHO_XM006917646                              14.17%    failed      0.00%
****  TOTAL                                                                        5.52%  811 sequences failed composition chi2 test (p-value<5%; df=3)
NOTE: Caretta_caretta_GPR50_GPR50 is identical to Caretta_caretta_MTNR_related_125643027 but kept for subsequent analysis
NOTE: Caretta_caretta_MTNR_unknown_ENSCECG000000213371 is identical to Caretta_caretta_MTNR1A_125641701 but kept for subsequent analysis
NOTE: Caretta_caretta_MTNR1B_MTNR1B is identical to Caretta_caretta_MTNR1B_125633428 but kept for subsequent analysis
NOTE: Chrysemys_picta_MTNR1A_MTNR1A is identical to Chrysemys_picta_bellii_MTNR_related_101936633 but kept for subsequent analysis
NOTE: Falco_rusticolus_MTNR1B_119143244 is identical to Falco_peregrinus_MTNR1B_101910504 but kept for subsequent analysis
NOTE: Meleagris_gallopavo_MTNR1A_MTNR1A is identical to Meleagris_gallopavo_MTNR1A_100549313 but kept for subsequent analysis
NOTE: Spheniscus_magellanicus_MTNR_unknown_FQV22_0003703 is identical to Spheniscus_humboldti_MTNR_unknown_FQV23_0001592 but kept for subsequent analysis
NOTE: Spheniscus_magellanicus_MTNR1C_FQV22_0004697 is identical to Spheniscus_humboldti_MTNR1C_FQV23_0001221 but kept for subsequent analysis
NOTE: Macaca_nemestrina_MTNR1B_105484359 is identical to Macaca_fascicularis_MTNR_related_102120916 but kept for subsequent analysis
NOTE: Homo_sapiens_MTNR1B_Mel1BR_2 is identical to Homo_sapiens_MTNR1B_Mel1BR but kept for subsequent analysis
NOTE: Homo_sapiens_MTNR1A_Mel1AR_2 is identical to Homo_sapiens_MTNR1A_Mel1AR but kept for subsequent analysis
NOTE: Canis_lupus_familiaris_MTNR1A_482904 is identical to Canis_lupus_MTNR1A_MTNR1A but kept for subsequent analysis
NOTE: Ursus_arctos_MTNR1A_113262290 is identical to Ursus_americanus_MTNR1A_123784565 but kept for subsequent analysis
NOTE: Mustela_nigripes_MTNR1A_132006523 is identical to Mustela_putorius_furo_MTNR_unknown_101690469 but kept for subsequent analysis
NOTE: Panthera_leo_x_Panthera_tigris_MTNR1A_MTNR1A is identical to Panthera_tigris_MTNR_unknown_GCA_0240345251g3834t1 but kept for subsequent analysis
NOTE: Eumetopias_jubatus_MTNR_unknown_GCA_0040280351g2930t1 is identical to Zalophus_californianus_MTNR_unknown_113924888 but kept for subsequent analysis
NOTE: Equus_quagga_MTNR1A_124231589 is identical to Equus_asinus_MTNR_unknown_106840379 but kept for subsequent analysis
NOTE: Equus_przewalskii_MTNR1A_103549958 is identical to Equus_caballus_MTNR_unknown_100056423 but kept for subsequent analysis
NOTE: Equus_przewalskii_MTNR1B_103548037 is identical to Equus_caballus_MTNR_unknown_100059172 but kept for subsequent analysis
NOTE: Marmota_monax_MTNR1B_124105260 is identical to Marmota_marmota_marmota_MTNR1B_107145941 but kept for subsequent analysis
NOTE: Mus_musculus_MTNR1B_MTNR1B is identical to Mus_musculus_MTNR1B_244701 but kept for subsequent analysis
NOTE: Mus_musculus_MTNR1A_Mel1AR_2 is identical to Mus_musculus_MTNR1A_Mel1AR but kept for subsequent analysis
NOTE: Rattus_norvegicus_MTNR1B_Mel1BR_2 is identical to Rattus_norvegicus_MTNR1B_Mel1BR but kept for subsequent analysis
NOTE: Felis_catus_x_Prionailurus_bengalensis_MTNR1B_MTNR1B is identical to Prionailurus_bengalensis_MTNR_unknown_GCF_0165094751g4270t1 but kept for subsequent analysis
NOTE: Felis_catus_x_Prionailurus_bengalensis_MTNR1A_MTNR1A is identical to Prionailurus_bengalensis_MTNR_unknown_GCF_0165094751g1319t1 but kept for subsequent analysis
NOTE: Eudyptes_chrysocome_MTNR1A_MTNR1A is identical to Eudyptes_pachyrhynchus_MTNR1A_MTNR1A but kept for subsequent analysis
NOTE: Eudyptula_albosignata_MTNR1C_FQV20_0014117 is identical to Eudyptula_minor_MTNR1C_FQV19_0011282 but kept for subsequent analysis
NOTE: Eudyptula_albosignata_MTNR_unknown_FQV20_0011079 is identical to Eudyptula_minor_MTNR_related_FQV19_0008511 but kept for subsequent analysis
NOTE: Mus_musculus_molossinus_MTNR1A_MTNR1A is identical to Mus_musculus_musculus_MTNR1A_MTNR1A but kept for subsequent analysis
NOTE: Felis_catus_x_Leopardus_geoffroyi_MTNR1B_MTNR1B is identical to Leopardus_geoffroyi_MTNR_unknown_GCA_0183501551g13249t1 but kept for subsequent analysis
NOTE: Felis_catus_x_Leopardus_geoffroyi_MTNR1A_MTNR1A is identical to Leopardus_geoffroyi_MTNR_unknown_GCA_0183501551g4829t1 but kept for subsequent analysis
NOTE: Tyto_alba_alba_MTNR1B_MTNR1B_2 is identical to Tyto_alba_MTNR1B_104362096 but kept for subsequent analysis
NOTE: Pantherophis_guttatus_MTNR1A_MTNR1A is identical to Pantherophis_guttatus_MTNR1A_117680134 but kept for subsequent analysis
NOTE: Pantherophis_guttatus_MTNR1B_MTNR1B is identical to Pantherophis_guttatus_MTNR1B_117660437 but kept for subsequent analysis
NOTE: Macaca_thibetana_thibetana_MTNR_unknown_ENSMTBG000000158431 is identical to Macaca_thibetana_thibetana_MTNR1A_126955237 but kept for subsequent analysis
NOTE: Vulpes_ferrilata_MTNR_unknown_GCA_0245004851g2616t1 is identical to Vulpes_lagopus_MTNR1A_121488943 but kept for subsequent analysis
NOTE: Eudyptes_moseleyi_MTNR1B_MTNR1B is identical to Eudyptes_filholi_MTNR1B_MTNR1B but kept for subsequent analysis
NOTE: Gopherus_evgoodei_GPR50_GPR50 is identical to Gopherus_evgoodei_MTNR_related_115657967 but kept for subsequent analysis
NOTE: Gopherus_evgoodei_MTNR1A_MTNR1A_2 is identical to Gopherus_evgoodei_MTNR1A_115652153 but kept for subsequent analysis
NOTE: Gopherus_evgoodei_MTNR1B_MTNR1B is identical to Gopherus_evgoodei_MTNR1B_115645789 but kept for subsequent analysis
NOTE: Ammospiza_caudacuta_MTNR1A_131556942 is identical to Ammospiza_nelsoni_MTNR1A_132072406 but kept for subsequent analysis
NOTE: Ammospiza_caudacuta_MTNR1B_131554448 is identical to Ammospiza_nelsoni_MTNR1B_132069773 but kept for subsequent analysis
NOTE: 8 identical sequences (see below) will be ignored for subsequent analysis
NOTE: Spheniscus_demersus_MTNR1C_FQV21_0015846 (identical to Spheniscus_humboldti_MTNR1C_FQV23_0001221) is ignored but added at the end
NOTE: Spheniscus_mendiculus_MTNR1C_FQV24_0006801 (identical to Spheniscus_humboldti_MTNR1C_FQV23_0001221) is ignored but added at the end
NOTE: Macaca_thibetana_thibetana_MTNR1B_126936291 (identical to Macaca_fascicularis_MTNR_related_102120916) is ignored but added at the end
NOTE: Macaca_thibetana_thibetana_MTNR1B_MTNR1B (identical to Macaca_fascicularis_MTNR_related_102120916) is ignored but added at the end
NOTE: Canis_lupus_familiaris_MTNR1A_MTNR1A (identical to Canis_lupus_MTNR1A_MTNR1A) is ignored but added at the end
NOTE: Ursus_maritimus_MTNR_unknown_103680966 (identical to Ursus_americanus_MTNR1A_123784565) is ignored but added at the end
NOTE: Marmota_himalayana_MTNR1B_MTNR1B (identical to Marmota_marmota_marmota_MTNR1B_107145941) is ignored but added at the end
NOTE: Eudyptula_novaehollandiae_MTNR1C_FQV18_0013487 (identical to Eudyptula_minor_MTNR1C_FQV19_0011282) is ignored but added at the end
Alignment was printed to /Users/saramattiolo/tesi_melatonina/tree/melatonin_tree_filtered.uniqueseq.phy

For your convenience alignment with unique sequences printed to /Users/saramattiolo/tesi_melatonina/tree/melatonin_tree_filtered.uniqueseq.phy


Create initial parsimony tree by phylogenetic likelihood library (PLL)... 1.163 seconds
Measuring multi-threading efficiency up to 8 CPU cores
5 trees examined
Threads: 1 / Time: 8.683 sec / Speedup: 1.000 / Efficiency: 100% / LogL: -1106835
Threads: 2 / Time: 9.902 sec / Speedup: 0.877 / Efficiency: 44% / LogL: -1106835
BEST NUMBER OF THREADS: 1

Perform fast likelihood tree search using GTR+I+G model...
Estimate model parameters (epsilon = 5.000)
Perform nearest neighbor interchange...
Estimate model parameters (epsilon = 1.000)
1. Initial log-likelihood: -234767.108
Optimal log-likelihood: -234766.206
Rate parameters:  A-C: 1.40384  A-G: 5.56526  A-T: 0.79393  C-G: 1.44317  C-T: 5.00054  G-T: 1.00000
Base frequencies:  A: 0.230  C: 0.254  G: 0.232  T: 0.283
Proportion of invariable sites: 0.027
Gamma shape alpha: 0.833
Parameters optimization took 1 rounds (4.378 sec)
Time for fast ML tree search: 61.746 seconds

NOTE: ModelFinder requires 266 MB RAM!
ModelFinder will test up to 88 DNA models (sample size: 1030 epsilon: 0.100) ...
 No. Model         -LnL         df  AIC          AICc         BIC
  1  GTR+F         253797.971   3943 515481.941   31617865.941 534949.771
  2  GTR+F+I       252580.913   3944 513049.826   31631209.826 532522.592
  3  GTR+F+G4      234866.168   3944 477620.335   31595780.335 497093.102
  4  GTR+F+I+G4    234766.049   3945 477422.098   31611362.098 496899.802
  8  SYM+I+G4      234772.571   3942 477429.142   31564041.142 496892.034
 12  TVM+F+I+G4    234792.928   3944 477473.857   31595633.857 496946.623
 16  TVMe+I+G4     234794.109   3941 477470.218   31548314.218 496928.173
 20  TIM3+F+I+G4   234788.942   3943 477463.884   31579847.884 496931.714
 24  TIM3e+I+G4    234798.750   3940 477477.500   31532557.500 496930.518
 28  TIM2+F+I+G4   235070.693   3943 478027.386   31580411.386 497495.215
 32  TIM2e+I+G4    234973.724   3940 477827.447   31532907.447 497280.465
 36  TIM+F+I+G4    235078.886   3943 478043.773   31580427.773 497511.602
 40  TIMe+I+G4     234984.583   3940 477849.165   31532929.165 497302.183
 44  TPM3u+F+I+G4  234816.894   3942 477517.788   31564129.788 496980.680
 48  TPM3+I+G4     234819.573   3939 477517.147   31516837.147 496965.227
 52  TPM2u+F+I+G4  235100.701   3942 478085.402   31564697.402 497548.294
 56  TPM2+I+G4     234994.028   3939 477866.056   31517186.056 497314.136
 60  K3Pu+F+I+G4   235109.835   3942 478103.669   31564715.669 497566.562
 64  K3P+I+G4      235003.806   3939 477885.612   31517205.612 497333.692
 68  TN+F+I+G4     235082.020   3942 478048.040   31564660.040 497510.933
 72  TNe+I+G4      234988.179   3939 477854.357   31517174.357 497302.437
 76  HKY+F+I+G4    235112.956   3941 478107.911   31548951.911 497565.866
 80  K2P+I+G4      235007.464   3938 477890.928   31501454.928 497334.071
 84  F81+F+I+G4    246374.374   3940 500628.748   31555708.748 520081.765
 88  JC+I+G4       246651.361   3937 501176.722   31508988.722 520614.927
Akaike Information Criterion:           GTR+F+I+G4
Corrected Akaike Information Criterion: K2P+I+G4
Bayesian Information Criterion:         SYM+I+G4
Best-fit model: SYM+I+G4 chosen according to BIC

All model information printed to /Users/saramattiolo/tesi_melatonina/tree/melatonin_tree_filtered.model.gz
CPU time for ModelFinder: 465.415 seconds (0h:7m:45s)
Wall-clock time for ModelFinder: 476.008 seconds (0h:7m:56s)
Generating 1000 samples for ultrafast bootstrap (seed: 563233)...

NOTE: 266 MB RAM (0 GB) is required!
Estimate model parameters (epsilon = 0.100)
Thoroughly optimizing +I+G parameters from 10 start values...
Init pinv, alpha: 0.000, 0.847 / Estimate: 0.027, 0.833 / LogL: -234772.492
Init pinv, alpha: 0.003, 0.847 / Estimate: 0.027, 0.833 / LogL: -234772.489
Init pinv, alpha: 0.006, 0.847 / Estimate: 0.027, 0.833 / LogL: -234772.492
Init pinv, alpha: 0.009, 0.847 / Estimate: 0.027, 0.833 / LogL: -234772.494
Init pinv, alpha: 0.012, 0.847 / Estimate: 0.027, 0.834 / LogL: -234772.519
Init pinv, alpha: 0.015, 0.847 / Estimate: 0.027, 0.834 / LogL: -234772.520
Init pinv, alpha: 0.018, 0.847 / Estimate: 0.027, 0.833 / LogL: -234772.492
Init pinv, alpha: 0.021, 0.847 / Estimate: 0.027, 0.833 / LogL: -234772.517
Init pinv, alpha: 0.024, 0.847 / Estimate: 0.027, 0.833 / LogL: -234772.529
Init pinv, alpha: 0.027, 0.847 / Estimate: 0.027, 0.833 / LogL: -234772.538
Optimal pinv,alpha: 0.027, 0.833 / LogL: -234772.489

Parameters optimization took 222.319 sec
WARNING: Branch separating outgroup is not found
Wrote distance file to... 
Computing ML distances based on estimated model parameters...
Calculating distance matrix: done in 26.4118 secs using 98.48% CPU
Computing ML distances took 26.428465 sec (of wall-clock time) 26.022686 sec (of CPU time)
Setting up auxiliary I and S matrices: done in 0.112814 secs using 191.7% CPU
Computing RapidNJ tree took 0.579967 sec (of wall-clock time) 1.127298 sec (of CPU time)
Log-likelihood of RapidNJ tree: -242052.596
--------------------------------------------------------------------
|             INITIALIZING CANDIDATE TREE SET                      |
--------------------------------------------------------------------
Generating 98 parsimony trees... 121.762 second
Computing log-likelihood of 98 initial trees ... 113.606 seconds
Current best score: -234772.488

Do NNI search on 20 best initial trees
Estimate model parameters (epsilon = 0.100)
BETTER TREE FOUND at iteration 1: -234712.779
Estimate model parameters (epsilon = 0.100)
BETTER TREE FOUND at iteration 2: -234477.085
Estimate model parameters (epsilon = 0.100)
BETTER TREE FOUND at iteration 3: -234457.641
Estimate model parameters (epsilon = 0.100)
BETTER TREE FOUND at iteration 10: -234403.198
Iteration 10 / LogL: -234403.198 / Time: 0h:33m:54s
Iteration 20 / LogL: -234622.990 / Time: 0h:47m:48s
Finish initializing candidate tree set (20)
Current best tree score: -234403.198 / CPU time: 2119.253
Number of iterations: 20
--------------------------------------------------------------------
|               OPTIMIZING CANDIDATE TREE SET                      |
--------------------------------------------------------------------
Estimate model parameters (epsilon = 0.100)
BETTER TREE FOUND at iteration 25: -234385.303
Estimate model parameters (epsilon = 0.100)
BETTER TREE FOUND at iteration 29: -234365.906
Iteration 30 / LogL: -234557.513 / Time: 0h:53m:36s (2h:35m:53s left)
Estimate model parameters (epsilon = 0.100)
BETTER TREE FOUND at iteration 37: -234349.020
Iteration 40 / LogL: -234522.590 / Time: 0h:59m:14s (2h:7m:37s left)
Estimate model parameters (epsilon = 0.100)
BETTER TREE FOUND at iteration 44: -234339.885
Estimate model parameters (epsilon = 0.100)
BETTER TREE FOUND at iteration 48: -234337.606
Iteration 50 / LogL: -234385.423 / Time: 1h:4m:21s (1h:52m:50s left)
Log-likelihood cutoff on original alignment: -234737.776
Estimate model parameters (epsilon = 0.100)
BETTER TREE FOUND at iteration 59: -234323.360
Iteration 60 / LogL: -234573.340 / Time: 1h:8m:12s (1h:41m:8s left)
Estimate model parameters (epsilon = 0.100)
BETTER TREE FOUND at iteration 63: -234314.899
Estimate model parameters (epsilon = 0.100)
BETTER TREE FOUND at iteration 65: -234310.156
Iteration 70 / LogL: -234441.720 / Time: 1h:11m:50s (1h:27m:59s left)
Estimate model parameters (epsilon = 0.100)
BETTER TREE FOUND at iteration 79: -234286.007
Iteration 80 / LogL: -234508.064 / Time: 1h:15m:40s (1h:24m:53s left)
Estimate model parameters (epsilon = 0.100)
BETTER TREE FOUND at iteration 90: -234261.189
Iteration 90 / LogL: -234261.189 / Time: 1h:19m:8s (1h:20m:0s left)
Estimate model parameters (epsilon = 0.100)
BETTER TREE FOUND at iteration 92: -234259.942
Iteration 100 / LogL: -234381.639 / Time: 1h:23m:5s (1h:9m:50s left)
Log-likelihood cutoff on original alignment: -234737.776
NOTE: Bootstrap correlation coefficient of split occurrence frequencies: 0.967
NOTE: UFBoot does not converge, continue at least 100 more iterations
Estimate model parameters (epsilon = 0.100)
BETTER TREE FOUND at iteration 108: -234250.322
Iteration 110 / LogL: -234302.411 / Time: 1h:27m:8s (1h:11m:12s left)
Iteration 120 / LogL: -234295.801 / Time: 1h:31m:0s (1h:1m:25s left)
Iteration 130 / LogL: -235149.926 / Time: 1h:34m:47s (0h:52m:31s left)
Iteration 140 / LogL: -234287.039 / Time: 1h:38m:37s (0h:44m:21s left)
Estimate model parameters (epsilon = 0.100)
BETTER TREE FOUND at iteration 144: -234238.515
Iteration 150 / LogL: -234352.529 / Time: 1h:42m:40s (0h:59m:46s left)
Log-likelihood cutoff on original alignment: -234737.776
Iteration 160 / LogL: -234523.515 / Time: 1h:46m:40s (0h:52m:9s left)
Estimate model parameters (epsilon = 0.100)
BETTER TREE FOUND at iteration 162: -234230.785
Estimate model parameters (epsilon = 0.100)
BETTER TREE FOUND at iteration 167: -234218.874
Iteration 170 / LogL: -234393.844 / Time: 1h:50m:35s (0h:58m:55s left)
Estimate model parameters (epsilon = 0.100)
BETTER TREE FOUND at iteration 171: -234213.447
Iteration 180 / LogL: -234431.696 / Time: 1h:54m:38s (0h:54m:14s left)
Iteration 190 / LogL: -234373.188 / Time: 1h:58m:21s (0h:47m:19s left)
Iteration 200 / LogL: -234273.141 / Time: 2h:2m:14s (0h:40m:47s left)
Log-likelihood cutoff on original alignment: -234737.776
NOTE: Bootstrap correlation coefficient of split occurrence frequencies: 0.972
NOTE: UFBoot does not converge, continue at least 100 more iterations
Iteration 210 / LogL: -234298.511 / Time: 2h:6m:26s (0h:51m:1s left)
Iteration 220 / LogL: -234309.165 / Time: 2h:10m:32s (0h:44m:47s left)
Iteration 230 / LogL: -234300.682 / Time: 2h:14m:24s (0h:38m:39s left)
Estimate model parameters (epsilon = 0.100)
BETTER TREE FOUND at iteration 236: -234195.763
Iteration 240 / LogL: -234331.386 / Time: 2h:18m:14s (0h:52m:20s left)
Iteration 250 / LogL: -234409.493 / Time: 2h:21m:51s (0h:46m:15s left)
Log-likelihood cutoff on original alignment: -234737.776
Iteration 260 / LogL: -234373.640 / Time: 2h:25m:57s (0h:40m:30s left)
Iteration 270 / LogL: -235348.978 / Time: 2h:29m:46s (0h:34m:48s left)
Iteration 280 / LogL: -234251.149 / Time: 2h:33m:32s (0h:29m:13s left)
Estimate model parameters (epsilon = 0.100)
BETTER TREE FOUND at iteration 281: -234179.652
Iteration 290 / LogL: -234275.600 / Time: 2h:37m:14s (0h:47m:0s left)
Iteration 300 / LogL: -234243.395 / Time: 2h:40m:49s (0h:41m:25s left)
Log-likelihood cutoff on original alignment: -234737.776
NOTE: Bootstrap correlation coefficient of split occurrence frequencies: 0.980
NOTE: UFBoot does not converge, continue at least 100 more iterations
Estimate model parameters (epsilon = 0.100)
BETTER TREE FOUND at iteration 310: -234168.689
Iteration 310 / LogL: -234168.689 / Time: 2h:44m:44s (0h:50m:44s left)
Iteration 320 / LogL: -234278.143 / Time: 2h:48m:36s (0h:45m:19s left)
Iteration 330 / LogL: -234337.263 / Time: 2h:52m:36s (0h:40m:2s left)
Iteration 340 / LogL: -234272.453 / Time: 2h:56m:20s (0h:34m:46s left)
Iteration 350 / LogL: -234265.362 / Time: 3h:0m:4s (0h:29m:35s left)
Log-likelihood cutoff on original alignment: -234737.776
Estimate model parameters (epsilon = 0.100)
BETTER TREE FOUND at iteration 351: -234158.696
Iteration 360 / LogL: -234331.051 / Time: 3h:4m:16s (0h:44m:42s left)
Iteration 370 / LogL: -234165.042 / Time: 3h:7m:57s (0h:39m:31s left)
Iteration 380 / LogL: -234400.903 / Time: 3h:11m:50s (0h:34m:27s left)
Estimate model parameters (epsilon = 0.100)
BETTER TREE FOUND at iteration 385: -234154.398
Iteration 390 / LogL: -234317.046 / Time: 3h:15m:43s (0h:45m:51s left)
Iteration 400 / LogL: -234326.070 / Time: 3h:19m:43s (0h:40m:51s left)
Log-likelihood cutoff on original alignment: -234737.776
NOTE: Bootstrap correlation coefficient of split occurrence frequencies: 0.975
NOTE: UFBoot does not converge, continue at least 100 more iterations
Iteration 410 / LogL: -234436.854 / Time: 3h:23m:43s (0h:43m:5s left)
Iteration 420 / LogL: -234241.231 / Time: 3h:27m:37s (0h:38m:7s left)
Iteration 430 / LogL: -234432.275 / Time: 3h:31m:50s (0h:33m:16s left)
Iteration 440 / LogL: -234257.390 / Time: 3h:35m:45s (0h:28m:24s left)
Iteration 450 / LogL: -234196.180 / Time: 3h:39m:56s (0h:23m:36s left)
Log-likelihood cutoff on original alignment: -234737.776
Iteration 460 / LogL: -234389.202 / Time: 3h:44m:9s (0h:18m:50s left)
Iteration 470 / LogL: -234423.605 / Time: 3h:48m:29s (0h:14m:6s left)
Iteration 480 / LogL: -234205.761 / Time: 3h:52m:20s (0h:9m:22s left)
Estimate model parameters (epsilon = 0.100)
BETTER TREE FOUND at iteration 490: -234138.295
Iteration 490 / LogL: -234138.295 / Time: 3h:56m:39s (0h:46m:46s left)
Iteration 500 / LogL: -234366.943 / Time: 4h:0m:38s (0h:41m:58s left)
Log-likelihood cutoff on original alignment: -234737.776
NOTE: Bootstrap correlation coefficient of split occurrence frequencies: 0.978
NOTE: UFBoot does not converge, continue at least 100 more iterations
Iteration 510 / LogL: -234281.939 / Time: 4h:4m:59s (0h:41m:54s left)
Iteration 520 / LogL: -234241.914 / Time: 4h:8m:47s (0h:37m:7s left)
Iteration 530 / LogL: -234186.742 / Time: 4h:13m:3s (0h:32m:26s left)
Iteration 540 / LogL: -234436.949 / Time: 4h:17m:7s (0h:27m:44s left)
Iteration 550 / LogL: -234144.271 / Time: 4h:21m:4s (0h:23m:3s left)
Log-likelihood cutoff on original alignment: -234737.776
Iteration 560 / LogL: -234259.251 / Time: 4h:25m:5s (0h:18m:24s left)
Iteration 570 / LogL: -234262.008 / Time: 4h:29m:18s (0h:13m:46s left)
Iteration 580 / LogL: -234406.120 / Time: 4h:34m:24s (0h:9m:12s left)
Iteration 590 / LogL: -234406.399 / Time: 4h:40m:21s (0h:4m:37s left)
Iteration 600 / LogL: -234269.857 / Time: 4h:46m:53s (0h:0m:0s left)
Log-likelihood cutoff on original alignment: -234625.712
NOTE: Bootstrap correlation coefficient of split occurrence frequencies: 0.978
NOTE: UFBoot does not converge, continue at least 100 more iterations
Iteration 610 / LogL: -234183.657 / Time: 4h:54m:19s (0h:42m:19s left)
Iteration 620 / LogL: -234260.309 / Time: 5h:0m:57s (0h:37m:52s left)
Estimate model parameters (epsilon = 0.100)
BETTER TREE FOUND at iteration 624: -234136.358
Iteration 630 / LogL: -234276.748 / Time: 5h:7m:3s (0h:44m:42s left)
Iteration 640 / LogL: -234258.757 / Time: 5h:13m:58s (0h:40m:13s left)
Iteration 650 / LogL: -234189.804 / Time: 5h:20m:29s (0h:35m:38s left)
Log-likelihood cutoff on original alignment: -234625.712
Iteration 660 / LogL: -234161.271 / Time: 5h:27m:11s (0h:31m:0s left)
Estimate model parameters (epsilon = 0.100)
BETTER TREE FOUND at iteration 668: -234134.264
Iteration 670 / LogL: -234219.704 / Time: 5h:33m:26s (0h:47m:40s left)
Iteration 680 / LogL: -234330.929 / Time: 5h:40m:23s (0h:43m:5s left)
Iteration 690 / LogL: -234224.754 / Time: 5h:46m:48s (0h:38m:21s left)
Iteration 700 / LogL: -234241.272 / Time: 5h:53m:30s (0h:33m:37s left)
Log-likelihood cutoff on original alignment: -234625.712
NOTE: Bootstrap correlation coefficient of split occurrence frequencies: 0.979
NOTE: UFBoot does not converge, continue at least 100 more iterations
Iteration 710 / LogL: -234248.292 / Time: 5h:57m:41s (0h:44m:23s left)
Iteration 720 / LogL: -234273.739 / Time: 6h:2m:0s (0h:39m:23s left)
Iteration 730 / LogL: -234206.564 / Time: 6h:6m:7s (0h:34m:23s left)
Iteration 740 / LogL: -234351.921 / Time: 6h:10m:29s (0h:29m:26s left)
Iteration 750 / LogL: -234424.579 / Time: 6h:14m:34s (0h:24m:28s left)
Log-likelihood cutoff on original alignment: -234625.712
Iteration 760 / LogL: -234279.006 / Time: 6h:18m:46s (0h:19m:32s left)
Iteration 770 / LogL: -234439.343 / Time: 6h:23m:10s (0h:14m:38s left)
Iteration 780 / LogL: -234172.632 / Time: 6h:27m:10s (0h:9m:44s left)
Iteration 790 / LogL: -235669.325 / Time: 6h:31m:13s (0h:4m:51s left)
Iteration 800 / LogL: -234199.928 / Time: 6h:35m:36s (0h:0m:0s left)
Log-likelihood cutoff on original alignment: -234625.712
NOTE: Bootstrap correlation coefficient of split occurrence frequencies: 0.985
NOTE: UFBoot does not converge, continue at least 100 more iterations
Iteration 810 / LogL: -234239.225 / Time: 6h:39m:30s (0h:43m:33s left)
Iteration 820 / LogL: -234216.571 / Time: 6h:43m:26s (0h:38m:38s left)
Iteration 830 / LogL: -234292.388 / Time: 6h:47m:38s (0h:33m:45s left)
Iteration 840 / LogL: -234156.204 / Time: 6h:51m:35s (0h:28m:51s left)
Iteration 850 / LogL: -234225.956 / Time: 6h:55m:48s (0h:24m:1s left)
Log-likelihood cutoff on original alignment: -234625.712
Iteration 860 / LogL: -234194.284 / Time: 7h:0m:5s (0h:19m:11s left)
Iteration 870 / LogL: -234198.873 / Time: 7h:3m:54s (0h:14m:21s left)
Iteration 880 / LogL: -234182.204 / Time: 7h:7m:45s (0h:9m:33s left)
Iteration 890 / LogL: -234258.770 / Time: 7h:11m:56s (0h:4m:46s left)
Iteration 900 / LogL: -234213.035 / Time: 7h:15m:59s (0h:0m:0s left)
Log-likelihood cutoff on original alignment: -234582.485
NOTE: Bootstrap correlation coefficient of split occurrence frequencies: 0.987
NOTE: UFBoot does not converge, continue at least 100 more iterations
Iteration 910 / LogL: -234309.140 / Time: 7h:20m:8s (0h:42m:47s left)
Iteration 920 / LogL: -234399.156 / Time: 7h:24m:7s (0h:37m:58s left)
Estimate model parameters (epsilon = 0.100)
BETTER TREE FOUND at iteration 928: -234130.578
Iteration 930 / LogL: -235144.788 / Time: 7h:28m:15s (0h:46m:27s left)
Iteration 940 / LogL: -234292.783 / Time: 7h:32m:11s (0h:41m:38s left)
Iteration 950 / LogL: -234254.955 / Time: 7h:36m:14s (0h:36m:50s left)
Log-likelihood cutoff on original alignment: -234582.485
Iteration 960 / LogL: -234251.540 / Time: 7h:40m:24s (0h:32m:5s left)
Iteration 970 / LogL: -234284.953 / Time: 7h:44m:44s (0h:27m:20s left)
Iteration 980 / LogL: -234201.591 / Time: 7h:48m:39s (0h:22m:35s left)
Iteration 990 / LogL: -234150.921 / Time: 7h:52m:53s (0h:17m:51s left)
Iteration 1000 / LogL: -234303.490 / Time: 7h:57m:2s (0h:13m:8s left)
Log-likelihood cutoff on original alignment: -234582.485
NOTE: Bootstrap correlation coefficient of split occurrence frequencies: 0.991
TREE SEARCH COMPLETED AFTER 1001 ITERATIONS / Time: 7h:57m:31s

--------------------------------------------------------------------
|                    FINALIZING TREE SEARCH                        |
--------------------------------------------------------------------
Performs final model parameters optimization
Estimate model parameters (epsilon = 0.010)
1. Initial log-likelihood: -234130.578
Optimal log-likelihood: -234130.571
Rate parameters:  A-C: 1.29860  A-G: 4.90327  A-T: 0.79625  C-G: 1.31854  C-T: 5.40646  G-T: 1.00000
Base frequencies:  A: 0.250  C: 0.250  G: 0.250  T: 0.250
Proportion of invariable sites: 0.027
Gamma shape alpha: 0.828
Parameters optimization took 1 rounds (3.534 sec)
BEST SCORE FOUND : -234130.571
Creating bootstrap support values...
Split supports printed to NEXUS file /Users/saramattiolo/tesi_melatonina/tree/melatonin_tree_filtered.splits.nex
Total tree length: 72.115

Total number of iterations: 1001
CPU time used for tree search: 27435.639 sec (7h:37m:15s)
Wall-clock time used for tree search: 27902.320 sec (7h:45m:2s)
Total CPU time used: 28184.089 sec (7h:49m:44s)
Total wall-clock time used: 28666.851 sec (7h:57m:46s)

Computing bootstrap consensus tree...
Reading input file /Users/saramattiolo/tesi_melatonina/tree/melatonin_tree_filtered.splits.nex...
1969 taxa and 10897 splits.
Consensus tree written to /Users/saramattiolo/tesi_melatonina/tree/melatonin_tree_filtered.contree
Reading input trees file /Users/saramattiolo/tesi_melatonina/tree/melatonin_tree_filtered.contree
Log-likelihood of consensus tree: -234075.561
WARNING: Branch separating outgroup is not found
WARNING: Branch separating outgroup is not found

Analysis results written to: 
  IQ-TREE report:                /Users/saramattiolo/tesi_melatonina/tree/melatonin_tree_filtered.iqtree
  Maximum-likelihood tree:       /Users/saramattiolo/tesi_melatonina/tree/melatonin_tree_filtered.treefile
  Likelihood distances:          /Users/saramattiolo/tesi_melatonina/tree/melatonin_tree_filtered.mldist

Ultrafast bootstrap approximation results written to:
  Split support values:          /Users/saramattiolo/tesi_melatonina/tree/melatonin_tree_filtered.splits.nex
  Consensus tree:                /Users/saramattiolo/tesi_melatonina/tree/melatonin_tree_filtered.contree
  Screen log file:               /Users/saramattiolo/tesi_melatonina/tree/melatonin_tree_filtered.log

WARNING: Branch separating outgroup is not found
Date and Time: Sun May  3 00:37:13 2026
